age,education,capital-gain,capital-loss,hours-per-week,income
34,9,0,2179,12,0
48,10,7688,0,40,1
23,10,0,0,30,0
56,9,0,0,40,0
17,7,0,0,9,0
34,8,0,0,40,0
37,10,0,0,40,1
49,10,0,0,40,0
55,9,3411,0,40,0
25,13,0,0,40,0
38,9,0,0,40,0
37,10,0,0,40,0
45,10,0,0,44,1
51,9,0,0,40,1
47,10,0,0,46,0
34,5,0,0,40,0
27,10,0,0,40,0
45,9,0,0,40,0
21,10,0,0,40,0
23,10,0,0,37,0
46,10,0,0,40,0
22,9,0,0,40,0
31,9,0,0,30,0
33,13,0,0,40,0
55,14,3103,0,55,1
24,12,0,0,40,0
33,10,0,0,48,1
43,9,0,0,40,1
46,2,0,0,40,0
18,8,0,0,30,0
23,10,0,0,32,0
44,10,0,0,60,1
30,9,0,0,60,0
22,10,0,0,35,0
45,13,0,0,55,1
32,10,0,0,40,0
53,4,0,0,40,0
27,9,0,0,40,0
22,9,0,0,33,0
31,13,0,0,45,1
35,13,0,0,40,0
63,9,0,0,32,0
36,9,0,0,50,0
48,4,0,0,50,1
31,12,0,0,35,1
20,10,0,0,40,0
42,11,2885,0,40,0
35,9,0,0,60,0
62,13,0,0,38,0
64,10,0,0,40,1
27,9,0,0,34,0
24,9,0,0,40,0
65,9,0,0,40,0
45,10,0,0,30,0
28,9,0,0,30,0
59,10,0,0,14,1
48,9,0,0,32,0
42,13,99999,0,40,1
41,10,0,0,40,0
25,10,0,0,40,0
58,9,3325,0,30,0
51,10,0,0,36,0
49,4,0,0,40,0
31,10,0,0,50,0
29,7,0,0,40,0
30,14,0,0,50,1
40,9,0,0,40,0
23,13,0,0,60,0
20,9,0,0,30,0
44,12,0,1848,40,1
37,12,0,0,50,1
44,13,15024,0,45,1
27,6,0,0,40,0
36,14,0,0,15,0
27,4,0,0,40,0
22,13,2202,0,4,0
36,10,0,0,40,1
30,10,0,0,36,1
31,6,0,0,40,0
27,10,0,0,50,0
39,9,0,0,40,0
42,9,0,0,40,0
26,7,0,0,30,0
45,9,0,0,50,0
49,10,0,0,17,0
18,6,0,0,20,0
51,9,0,0,40,1
66,9,0,0,10,0
47,12,0,0,40,1
55,13,0,0,40,0
27,12,0,0,58,0
75,10,0,0,8,0
24,13,0,0,40,0
32,10,0,0,38,0
60,3,0,0,40,0
28,10,0,0,40,1
34,10,0,0,50,0
77,10,0,0,40,0
25,12,0,0,45,0
45,13,3103,0,40,1
75,14,0,0,16,0
52,8,594,0,40,0
30,9,0,0,25,0
34,14,4787,0,45,1
64,14,0,0,5,1
29,9,0,0,40,0
29,9,0,0,34,0
35,12,0,0,40,0
35,9,0,0,40,0
29,6,0,0,40,0
20,10,0,0,33,0
46,13,0,0,40,0
23,13,0,0,5,0
60,14,0,0,40,0
25,13,0,0,40,0
27,11,0,0,40,0
24,13,0,0,30,0
81,10,0,0,20,0
30,13,0,0,40,1
43,10,0,0,50,0
50,9,0,0,40,0
60,13,7298,0,48,1
57,4,0,0,40,0
20,10,0,0,20,0
41,12,0,0,40,0
42,10,0,0,40,0
38,6,0,0,40,0
31,10,0,0,40,0
31,9,0,0,38,0
61,9,0,0,38,1
47,10,0,0,40,0
32,11,0,0,46,0
20,9,0,0,40,0
52,9,0,0,35,0
43,13,15024,0,50,1
44,10,0,0,45,1
21,10,0,0,40,0
72,10,0,0,4,0
37,15,0,0,50,1
21,10,0,0,40,0
44,7,0,0,40,1
70,9,0,0,30,0
38,10,0,0,45,0
61,9,3471,0,40,0
54,10,0,0,40,0
53,13,0,0,40,0
44,13,0,0,40,1
57,16,0,0,40,1
26,13,0,0,50,0
22,10,0,0,20,0
58,13,0,0,60,1
74,9,0,0,17,0
53,14,0,0,70,1
45,14,25236,0,42,1
60,5,0,0,45,0
32,13,0,0,50,1
36,11,0,0,45,0
36,9,0,0,50,0
50,9,0,0,40,0
42,11,0,0,60,0
25,13,0,0,15,0
56,13,0,0,20,1
23,13,0,0,40,0
25,9,0,0,40,0
65,16,99999,0,40,1
24,10,0,0,50,0
46,7,0,0,40,0
30,9,99999,0,40,1
52,9,0,0,44,0
76,10,0,0,20,0
24,9,0,0,40,0
35,9,0,0,50,0
26,6,0,0,40,0
48,10,0,1902,40,1
44,13,15024,0,60,1
54,6,0,0,45,1
65,9,0,0,25,0
35,10,0,0,40,1
36,10,0,0,50,0
21,7,0,0,38,0
38,10,0,0,40,0
38,9,0,0,55,0
26,9,0,0,40,0
35,9,0,0,55,0
70,6,0,0,32,0
46,9,7688,0,40,1
32,10,0,0,60,0
42,10,0,0,37,1
33,9,0,0,40,0
59,10,0,0,40,1
38,13,1151,0,40,0
40,10,0,0,40,0
28,12,0,0,35,0
49,9,0,0,40,1
46,9,0,0,50,0
54,10,0,0,40,0
22,10,0,0,6,0
41,9,0,0,25,0
56,10,0,0,50,1
32,9,0,0,80,1
46,11,0,0,63,0
45,9,0,0,19,0
29,9,0,0,25,0
61,16,0,1902,40,1
60,4,0,0,40,0
61,3,0,0,40,0
52,7,0,0,40,0
49,10,0,0,32,0
36,10,0,0,40,0
30,13,0,0,70,0
24,11,0,0,20,0
45,2,0,0,40,0
53,13,0,2415,40,1
20,9,0,0,35,0
55,9,0,0,40,0
24,13,0,0,40,0
38,10,0,0,40,0
44,10,0,0,55,1
23,12,0,0,40,0
30,9,5013,0,40,0
34,9,0,0,40,0
60,10,0,0,40,1
29,13,0,0,50,0
34,13,0,0,40,0
42,13,0,653,50,1
31,10,0,0,60,0
52,9,0,0,40,0
27,13,0,0,50,0
26,10,0,0,40,0
18,9,0,0,20,0
84,9,0,0,16,0
25,14,0,0,40,0
36,9,0,0,50,0
29,9,0,0,25,0
44,9,3103,0,40,1
27,13,0,0,45,1
18,9,0,0,40,0
51,10,0,0,40,0
31,9,0,0,40,0
20,10,0,0,15,0
58,9,0,0,20,0
26,10,2174,0,75,0
45,14,0,0,40,0
31,9,0,0,45,0
39,13,0,0,35,0
33,13,0,0,40,0
45,5,0,0,15,0
54,16,0,1977,50,1
41,14,0,0,45,0
48,5,0,0,20,0
52,9,0,323,40,0
30,12,0,0,25,1
41,15,99999,0,65,1
46,7,0,0,30,0
34,9,0,0,40,0
35,12,0,0,40,0
20,9,0,0,45,0
20,10,0,0,9,0
32,13,7688,0,40,1
18,10,0,0,20,0
44,10,0,0,40,0
26,10,0,0,3,0
37,9,0,0,40,0
49,10,0,1902,50,1
37,9,0,0,30,0
58,9,0,0,52,0
72,9,0,0,12,0
45,11,0,0,76,0
19,7,0,0,40,0
30,13,0,0,45,0
54,9,0,0,40,0
54,10,0,0,40,0
35,5,0,0,46,0
46,13,8614,0,40,1
29,13,0,0,42,0
72,9,0,0,8,0
34,7,0,0,8,0
25,9,0,0,40,0
45,9,0,0,45,0
49,10,0,1848,44,1
22,9,0,0,20,0
41,9,0,0,40,0
34,10,0,1504,60,0
53,13,0,0,40,0
23,9,0,0,40,0
25,13,0,0,40,0
27,10,0,0,34,0
42,10,0,0,40,1
35,13,0,0,40,0
26,9,0,0,44,0
43,9,0,0,40,1
44,10,0,0,40,0
53,12,2407,0,99,0
45,7,0,0,40,0
55,13,15024,0,48,1
62,13,0,0,55,1
17,7,0,0,25,0
33,9,0,0,41,0
45,9,5455,0,40,0
31,13,0,1902,35,1
48,9,0,0,40,0
25,13,0,0,40,0
28,14,0,0,38,1
24,10,0,0,40,0
20,9,0,0,40,0
42,9,0,0,40,0
46,9,0,0,37,0
65,10,0,0,40,0
44,9,0,0,33,0
44,6,0,0,30,0
17,6,0,0,20,0
27,3,0,0,40,0
72,9,0,0,55,0
39,15,0,2415,67,1
24,10,99999,0,50,1
60,10,0,0,40,0
48,7,0,0,40,0
55,10,0,0,37,0
61,13,0,0,40,0
17,7,0,0,25,0
55,10,0,0,40,0
34,9,0,1485,40,0
46,5,0,0,43,0
55,9,3103,0,40,1
36,9,0,1977,40,1
22,9,0,0,40,0
50,9,0,0,40,0
28,8,0,0,50,0
53,13,0,0,38,0
49,10,0,0,40,0
33,13,0,0,25,1
25,14,0,0,40,0
67,11,0,0,40,0
32,9,0,0,40,0
34,9,0,0,35,0
21,9,0,0,40,0
29,13,0,0,50,1
24,9,0,0,45,1
25,9,0,0,40,0
23,10,0,0,15,0
37,10,2354,0,40,0
25,13,0,0,40,0
24,9,0,0,40,0
31,3,0,0,45,0
26,14,0,0,25,0
71,9,6767,0,20,0
45,10,0,0,40,1
18,9,0,0,25,0
22,9,0,0,55,0
53,10,7688,0,40,1
17,6,1055,0,30,0
49,13,0,0,40,1
21,10,0,0,40,0
58,9,0,0,40,0
27,9,0,0,60,0
26,9,0,0,30,0
19,9,0,0,53,0
26,11,0,0,40,0
47,14,0,0,38,0
55,10,0,0,40,0
56,9,0,0,40,0
63,10,0,0,60,1
39,13,0,0,60,1
43,10,0,0,45,0
47,7,0,0,40,0
45,9,0,0,40,0
23,10,0,0,40,0
47,9,0,0,14,0
63,5,0,0,20,0
42,16,15024,0,40,1
50,16,0,0,40,1
44,13,0,0,60,0
57,14,0,0,40,0
44,13,0,0,40,1
50,9,0,2444,72,1
42,9,0,0,48,0
37,9,0,0,48,0
42,14,0,0,40,0
34,13,0,0,40,0
35,10,5013,0,40,0
48,13,0,0,40,0
61,15,15024,0,20,1
26,13,0,0,40,0
55,6,0,0,40,0
50,16,15024,0,60,1
37,10,0,0,40,0
47,10,0,0,40,1
23,11,0,0,50,0
30,9,0,0,35,0
30,10,0,0,40,0
25,9,0,0,40,0
27,9,0,0,40,0
24,10,0,0,35,0
27,9,0,0,40,0
76,9,0,0,6,0
30,10,0,0,40,0
27,9,0,0,45,0
20,10,0,0,35,0
44,9,0,0,40,0
24,9,0,0,40,0
52,9,0,0,40,0
55,4,0,0,40,0
34,11,0,0,32,1
47,10,0,0,40,0
22,13,0,0,50,0
43,10,0,0,45,0
65,13,99999,0,65,1
51,7,0,0,40,1
31,12,0,0,40,1
31,13,0,0,55,0
31,6,0,1741,40,0
36,9,0,0,40,1
56,4,0,0,20,0
28,7,0,0,40,0
51,16,0,0,40,1
47,10,0,0,30,0
36,11,0,0,40,1
25,7,0,0,40,0
32,9,0,0,50,0
32,10,0,0,60,0
25,9,0,0,40,0
36,13,7298,0,40,1
23,10,0,0,35,0
34,14,4650,0,30,0
17,7,0,0,15,0
32,9,0,0,35,0
39,13,15024,0,99,1
69,13,99999,0,40,1
19,9,2176,0,45,0
43,9,0,0,40,0
30,11,0,0,24,0
25,9,0,0,40,0
40,9,0,0,46,0
24,4,0,0,50,0
32,9,0,1902,50,1
46,13,0,1408,40,0
34,9,0,0,65,1
57,3,7298,0,84,1
23,2,0,0,40,0
59,10,0,0,40,0
19,10,0,0,35,0
57,9,0,0,40,0
38,14,0,1977,60,1
31,13,3325,0,60,0
23,9,0,0,50,0
33,13,0,0,40,1
61,9,0,1669,50,0
32,10,0,0,40,0
40,9,0,0,30,0
57,13,0,0,40,1
41,9,13550,0,44,1
49,9,0,0,40,0
21,9,0,0,10,0
57,10,0,0,25,1
29,13,0,0,40,1
50,13,0,0,65,1
51,10,0,0,63,0
33,9,0,0,40,0
38,13,0,0,70,0
38,10,0,0,40,0
29,9,0,0,40,0
62,16,0,0,40,1
29,9,0,0,40,0
32,9,0,0,40,0
46,9,0,1902,40,1
34,9,0,0,52,0
57,9,0,1719,25,0
22,7,0,0,45,0
47,12,0,0,35,1
39,9,0,0,40,0
33,10,0,0,40,0
32,8,0,0,40,0
34,10,0,0,40,0
26,9,0,0,41,0
19,10,0,0,35,0
48,14,0,0,40,1
33,15,0,0,40,1
27,13,0,0,40,0
26,13,0,0,40,0
52,14,0,0,45,0
33,13,0,0,40,0
23,12,0,0,40,0
48,9,0,0,50,0
43,9,0,0,40,0
23,9,0,0,20,0
46,10,0,0,40,0
25,6,0,0,40,0
38,13,0,0,35,0
22,9,0,0,20,0
90,7,0,0,40,0
32,9,0,0,40,0
69,13,20051,0,45,1
41,9,0,0,40,0
71,15,0,0,16,0
28,13,0,0,45,0
18,7,0,0,30,0
51,9,0,0,40,0
54,9,0,0,20,0
28,14,0,0,30,0
37,11,0,0,30,0
22,9,0,0,40,0
18,6,0,0,36,0
45,10,0,0,35,0
45,9,0,0,7,0
34,10,0,0,50,1
42,14,0,0,35,1
78,4,0,0,25,0
35,13,0,0,40,1
31,13,0,0,36,0
56,9,0,0,40,0
40,9,0,0,40,0
45,13,0,0,40,0
26,14,0,0,40,0
33,11,0,0,40,0
29,11,0,0,40,0
26,10,0,0,55,0
60,3,0,0,40,0
64,5,0,0,40,0
57,9,0,0,50,0
38,4,0,0,35,1
23,9,0,0,40,0
21,10,0,0,40,0
43,16,25236,0,64,1
33,9,0,0,40,0
38,13,0,1977,40,1
21,12,0,0,8,0
38,11,0,0,20,0
30,12,0,0,40,0
30,9,0,0,40,0
45,10,0,0,40,1
29,13,0,0,52,1
26,9,0,0,60,0
32,9,0,0,40,0
38,13,0,0,60,1
22,10,0,0,40,0
19,9,0,0,40,0
27,9,0,0,50,0
50,14,0,1590,45,0
22,5,0,0,40,0
33,13,0,1902,55,1
35,13,0,0,42,0
49,9,0,0,40,1
41,11,0,0,60,0
43,16,0,0,24,1
69,10,2050,0,24,0
51,10,0,0,35,0
28,12,0,0,40,0
22,10,0,0,10,0
28,9,0,0,60,0
31,11,0,0,24,0
33,10,0,0,40,0
32,13,0,0,40,0
50,10,0,0,70,0
21,10,0,0,10,0
59,10,0,0,40,0
44,9,0,0,40,0
33,10,0,0,50,0
27,9,0,0,37,0
43,13,0,0,40,0
42,13,0,0,45,1
39,9,0,0,40,0
38,13,15024,0,40,1
58,9,0,0,12,0
37,10,3464,0,40,0
70,13,0,0,55,0
40,10,0,0,40,0
19,10,0,0,60,0
37,9,0,0,40,0
57,14,0,0,40,1
60,13,0,0,45,1
22,9,0,0,25,0
34,9,0,0,40,1
35,5,0,0,40,0
38,13,3325,0,40,0
42,14,0,0,45,1
37,11,0,0,42,1
52,9,0,0,50,0
33,7,0,0,40,1
40,10,0,0,48,1
27,15,0,0,12,0
48,3,0,0,35,0
30,9,0,0,36,0
48,9,0,0,40,0
39,14,0,0,32,0
32,13,0,0,40,1
22,10,0,0,45,0
22,10,0,0,40,0
53,1,0,0,35,0
29,10,0,0,40,0
42,9,0,0,30,0
38,10,0,0,58,0
57,10,7688,0,45,1
44,13,0,0,50,1
43,11,0,0,40,0
54,10,0,0,44,1
21,9,0,0,65,0
40,13,0,0,45,0
45,9,0,0,60,0
47,14,0,0,38,1
40,10,0,0,40,0
26,9,0,0,40,0
27,10,0,0,40,0
51,9,0,0,70,0
51,9,0,0,40,0
58,13,0,0,60,0
23,9,0,0,40,0
18,3,0,0,40,0
51,14,0,0,80,1
25,10,0,0,45,0
35,13,0,0,40,0
47,10,0,0,56,1
37,14,0,0,60,1
32,13,0,0,60,1
36,9,0,0,40,0
35,12,0,0,40,0
26,13,0,0,40,0
56,9,0,0,40,0
36,9,0,0,44,1
35,13,0,0,40,0
45,7,0,0,40,0
22,10,0,0,40,0
52,5,0,0,40,0
58,9,0,0,36,0
30,9,0,0,40,1
54,4,0,0,40,0
40,10,0,0,50,1
58,9,0,0,40,1
37,9,0,0,40,0
30,13,0,0,50,0
39,10,0,0,40,0
42,10,0,0,52,1
30,12,0,0,40,0
31,4,0,0,40,0
38,13,0,0,55,1
55,10,0,0,50,0
27,7,0,0,40,0
25,10,0,0,38,0
44,14,7688,0,40,1
56,13,0,0,50,0
42,10,0,0,40,0
36,9,0,0,40,0
47,9,0,0,40,1
27,13,0,0,50,0
35,9,0,0,40,0
42,15,0,0,60,1
29,13,0,0,72,0
57,10,0,0,50,1
49,12,0,0,45,0
20,9,0,0,20,0
72,6,0,0,12,0
33,13,0,0,20,0
46,11,0,0,40,0
39,10,0,0,25,0
27,13,0,0,40,0
34,13,0,0,35,0
49,12,0,0,30,0
30,10,0,0,40,0
40,13,0,0,60,0
30,3,0,0,40,0
32,1,0,0,40,0
45,9,0,0,40,0
28,9,0,0,40,0
33,14,7298,0,45,1
24,9,0,0,24,0
19,10,0,0,20,0
21,10,0,2001,40,0
45,7,0,0,16,0
43,14,0,0,40,0
51,3,0,0,40,0
56,9,0,0,35,0
22,9,0,0,40,0
40,9,0,0,40,0
33,10,0,0,40,0
62,15,0,0,16,0
51,7,0,0,40,0
41,13,0,0,40,1
35,12,0,0,40,1
39,9,0,0,40,0
34,12,0,0,50,0
78,13,0,0,3,0
41,9,0,0,40,0
19,9,0,0,16,0
53,9,0,0,40,1
42,9,0,0,35,0
28,9,0,0,40,0
28,13,0,0,45,0
46,9,0,0,65,1
46,9,0,0,40,0
66,4,0,0,50,0
30,9,5013,0,40,0
42,14,0,0,40,1
19,10,0,0,20,0
25,13,0,0,13,0
31,10,0,0,30,0
45,14,0,0,40,0
32,9,0,0,40,0
22,9,0,0,24,0
25,12,0,0,43,0
33,13,0,0,60,0
42,9,0,0,40,0
55,6,0,0,40,0
25,14,0,0,40,0
18,9,0,0,24,0
43,4,0,0,45,0
44,13,0,1902,40,1
48,10,0,0,40,0
49,14,0,0,45,1
40,6,0,0,40,0
46,10,0,0,70,1
38,13,0,1887,40,1
65,13,10605,0,20,1
34,9,0,0,40,0
51,9,0,0,40,0
27,9,0,0,70,0
37,16,14084,0,45,1
29,9,0,0,50,0
46,10,0,0,40,1
49,7,0,0,40,0
42,9,0,0,35,0
47,10,0,0,40,0
42,10,7688,0,45,1
26,13,0,0,70,1
53,11,0,0,40,0
39,12,0,0,40,1
29,10,0,0,40,0
34,10,0,0,50,1
43,10,0,0,44,0
47,9,0,0,40,1
19,9,0,0,25,0
52,10,14084,0,16,1
53,9,0,0,40,1
33,13,0,0,40,0
40,12,0,0,50,1
34,12,0,0,35,0
18,10,0,0,25,0
43,12,7688,0,50,1
30,15,0,1740,40,0
24,13,0,0,33,0
19,10,0,0,25,0
17,6,0,0,12,0
49,9,0,0,20,0
38,9,0,0,40,1
43,13,0,0,40,1
61,14,0,0,40,1
41,13,0,0,25,1
43,13,0,0,45,1
79,9,0,0,40,0
45,13,0,0,45,1
47,9,0,0,50,0
49,10,0,0,40,1
44,9,0,0,45,0
42,14,0,0,40,0
32,9,0,0,40,0
65,9,0,0,20,0
49,9,0,0,40,0
19,10,0,0,25,0
29,13,0,0,50,1
21,10,0,0,40,0
52,9,0,0,35,0
48,13,0,0,45,0
38,10,0,0,50,1
25,13,0,0,40,0
55,9,0,0,50,0
25,7,0,0,40,0
30,9,0,0,40,0
54,13,0,0,40,1
35,9,0,0,40,0
29,10,0,0,60,0
43,14,0,0,35,1
17,7,0,0,20,0
21,10,0,0,40,0
52,10,0,0,35,1
21,10,0,0,40,0
40,13,0,0,44,1
17,6,0,0,25,0
35,13,0,0,40,0
41,14,0,0,45,0
40,12,0,0,40,0
47,14,0,0,35,1
21,10,0,0,35,0
35,10,0,0,50,0
64,13,0,0,30,0
41,9,0,0,40,0
22,9,0,0,40,0
52,10,15024,0,50,1
40,9,0,0,55,0
18,10,0,0,16,0
57,8,0,0,40,0
65,9,0,0,30,0
50,9,0,0,50,1
25,10,0,0,25,0
38,5,0,0,54,0
36,10,0,0,40,1
41,13,0,0,40,0
51,9,0,0,40,0
45,12,0,0,40,0
28,9,0,0,35,0
17,7,0,0,20,0
44,9,0,0,52,1
66,6,3471,0,40,0
27,13,0,0,60,0
47,7,0,0,40,0
34,8,0,0,53,0
26,10,0,0,50,0
57,9,0,0,57,0
31,9,0,0,40,0
22,13,0,0,40,0
40,15,0,0,40,1
18,10,0,0,25,0
34,10,0,0,20,0
30,11,0,0,40,0
41,11,0,0,15,1
32,9,0,0,40,0
21,9,0,0,19,0
29,13,0,0,40,0
51,13,0,0,40,0
56,10,0,0,60,0
49,13,0,0,40,0
29,9,0,0,40,0
30,8,0,0,50,0
25,9,0,0,40,0
26,13,0,0,40,0
62,9,0,0,40,0
51,9,4386,0,40,1
61,9,0,0,4,0
42,11,0,0,45,0
40,12,0,0,40,0
19,9,0,0,30,0
22,10,0,0,40,0
39,10,0,0,40,0
54,6,0,0,36,0
28,10,0,0,40,0
63,9,0,0,24,0
51,10,0,0,40,1
19,9,0,0,40,0
61,9,0,0,40,0
19,10,0,0,35,0
40,13,0,0,40,1
38,9,3137,0,45,0
45,13,0,0,60,1
42,7,7430,0,50,1
22,10,0,0,35,0
31,13,0,0,60,1
31,1,0,0,35,0
59,6,0,0,40,0
35,13,0,0,50,0
31,4,0,0,40,0
23,10,0,0,35,0
72,10,0,0,3,0
45,9,0,0,50,0
20,10,0,0,40,0
44,10,0,0,50,0
39,9,0,0,56,0
37,10,0,0,40,0
43,10,0,0,40,0
62,6,0,0,30,0
40,10,0,1887,40,1
59,14,0,0,35,0
25,9,0,0,10,0
51,9,0,0,40,0
25,11,0,0,42,1
50,9,0,0,40,1
30,9,0,0,40,0
29,9,0,0,30,0
35,9,0,0,35,0
21,9,0,0,35,0
45,10,0,0,80,0
45,9,0,0,35,0
42,9,0,0,60,1
43,9,0,0,35,0
30,5,0,0,40,0
27,9,0,0,35,0
29,9,0,0,40,0
18,10,594,0,10,0
54,16,0,0,46,1
26,11,0,0,40,0
41,13,0,0,40,0
31,12,0,0,44,0
40,9,0,0,75,1
43,9,0,0,70,1
59,9,0,0,50,0
34,9,0,0,60,0
25,9,0,0,40,0
45,13,0,0,45,1
37,9,0,0,40,0
45,9,0,0,60,1
47,13,0,0,45,1
37,9,0,0,40,0
23,10,0,0,40,0
43,13,0,0,40,1
36,9,4101,0,40,0
46,14,0,0,50,1
44,14,7688,0,50,1
28,2,0,0,43,0
58,13,0,0,40,0
29,10,0,0,50,0
70,15,0,0,25,0
39,9,0,0,55,0
31,10,0,0,35,0
43,9,0,0,40,0
35,9,0,0,40,0
60,10,0,0,40,1
26,13,2463,0,35,0
49,7,0,0,6,0
25,15,0,0,8,0
32,13,0,0,70,0
39,9,0,0,40,0
34,16,0,0,50,1
27,9,0,0,37,0
27,10,0,0,40,0
55,9,0,0,40,0
21,9,0,0,20,0
33,13,0,0,50,0
22,10,0,0,40,0
35,9,0,0,40,0
27,13,0,0,40,0
26,14,0,0,40,0
62,13,0,0,7,0
22,10,0,0,35,0
61,9,0,0,40,0
28,9,0,0,40,1
65,4,0,0,24,0
58,14,0,0,27,0
42,10,0,0,28,0
25,10,0,0,40,0
24,9,0,0,50,0
41,11,0,0,40,0
39,10,0,0,40,1
70,13,0,0,40,0
24,10,0,0,20,0
37,9,0,0,40,0
25,14,0,0,20,0
34,7,0,0,40,0
23,4,0,0,40,0
45,13,7298,0,55,1
33,14,0,0,19,0
30,11,0,0,40,1
23,10,0,0,40,0
41,9,0,0,30,0
32,10,0,0,40,1
29,9,0,0,40,0
60,10,0,0,40,1
22,10,0,0,22,0
22,10,0,0,60,0
36,10,0,0,56,1
48,10,5178,0,40,1
55,9,0,0,40,0
24,11,0,0,40,0
57,13,0,0,40,1
41,7,0,0,55,0
48,9,0,0,40,0
22,10,0,0,40,0
58,13,0,0,45,1
36,9,0,0,50,0
50,10,0,0,40,0
23,13,0,0,50,0
48,9,0,0,40,0
66,10,5556,0,40,1
62,8,0,0,40,0
34,8,0,0,40,0
44,10,0,0,60,1
38,9,0,0,45,1
62,14,10520,0,33,1
41,10,0,0,24,0
30,13,0,0,50,0
20,8,0,0,35,0
36,13,0,0,60,1
74,10,0,0,18,0
18,7,0,0,15,0
36,9,0,0,70,0
36,7,0,0,50,0
28,13,0,0,20,0
22,10,0,0,24,0
33,9,0,0,40,0
65,9,0,0,40,0
42,9,0,0,60,0
28,9,0,0,40,0
51,14,0,0,50,1
46,9,0,0,40,0
25,13,0,0,55,0
27,12,0,0,40,0
47,14,7688,0,45,1
20,8,0,0,40,0
23,3,0,0,55,0
41,13,0,1887,40,1
39,13,0,1887,40,1
23,9,0,0,40,0
40,9,0,0,50,1
36,9,0,0,35,0
39,9,0,0,40,0
25,12,0,0,26,0
36,12,0,0,40,0
23,10,0,0,10,0
44,9,0,0,40,0
43,9,0,0,80,1
41,9,0,0,40,1
60,14,0,0,40,1
22,10,0,0,30,0
44,12,0,0,60,1
22,10,0,0,43,0
23,10,0,0,40,0
22,9,0,0,40,0
38,9,0,0,60,0
17,5,0,0,32,0
40,9,0,0,45,1
36,12,0,0,50,0
33,9,0,0,40,0
19,10,0,0,25,0
46,9,0,0,40,0
43,10,0,0,40,0
47,13,0,1977,40,1
47,14,0,0,40,0
22,10,0,0,35,0
38,9,0,0,55,1
23,9,0,0,40,0
43,10,0,0,40,0
30,10,0,0,40,0
32,10,0,1740,40,0
64,9,0,0,40,0
26,7,0,0,40,0
29,9,0,0,40,0
31,10,0,0,50,1
36,9,0,0,40,1
46,13,7298,0,65,1
54,10,0,0,40,0
47,10,0,0,40,0
46,9,0,0,40,0
22,10,0,0,13,0
35,9,0,0,40,1
40,10,0,0,35,1
51,9,0,0,40,0
28,12,0,0,45,1
42,9,0,0,40,0
53,9,0,0,40,0
24,9,0,0,40,0
28,10,0,0,40,0
68,9,0,0,7,0
27,9,0,0,48,0
32,10,0,0,45,0
57,13,7688,0,60,1
46,13,0,0,48,0
46,11,0,0,40,0
63,13,0,0,20,0
40,15,15024,0,40,1
39,9,0,0,40,0
59,9,0,0,40,0
31,14,0,0,45,0
20,9,0,0,40,0
35,13,0,0,40,0
18,7,0,0,40,0
49,14,7430,0,40,1
33,9,0,0,40,0
24,7,0,0,40,0
17,6,0,0,40,0
28,9,0,0,50,0
27,10,0,0,40,0
41,9,0,0,40,0
51,9,0,0,40,0
29,10,0,0,38,0
25,13,0,0,38,0
27,9,0,0,15,0
30,6,0,0,40,0
33,10,0,0,55,0
59,9,0,0,40,0
36,9,0,0,40,0
32,14,14084,0,40,1
36,10,0,0,60,0
23,10,0,0,40,0
60,9,0,0,25,0
43,6,0,0,40,0
42,10,0,0,41,0
38,14,0,0,40,0
29,9,0,0,40,0
50,10,0,0,40,0
70,9,0,0,5,0
27,9,0,0,40,0
23,13,0,0,40,0
19,10,0,0,20,0
39,13,15024,0,50,1
20,10,0,0,46,0
43,9,0,0,40,0
21,10,0,0,40,0
34,9,0,1573,40,0
18,7,0,0,40,0
20,10,0,0,25,0
54,10,0,0,45,1
44,15,0,0,45,1
66,10,0,0,24,1
74,9,0,0,16,0
30,13,0,0,72,0
52,14,6849,0,60,0
29,10,0,0,40,0
22,9,0,0,40,0
49,4,0,0,38,0
41,10,0,0,40,0
30,14,0,0,45,1
36,10,5178,0,50,1
40,6,0,0,40,0
45,15,25236,0,36,1
48,7,0,0,60,0
47,13,0,0,40,1
35,10,0,0,40,1
48,9,0,0,50,1
26,10,0,0,40,0
38,7,0,0,40,0
31,9,0,0,48,0
35,7,0,0,40,0
42,11,0,0,40,0
40,10,0,0,44,0
43,13,0,0,40,1
30,9,0,0,55,0
52,9,5013,0,40,0
53,9,0,0,40,0
27,9,0,1876,75,0
44,12,0,0,50,0
25,9,7298,0,40,1
27,13,0,0,40,0
51,13,0,0,40,1
55,10,0,0,40,0
36,10,0,0,40,0
90,2,0,0,40,0
19,9,0,0,20,0
39,9,0,0,35,0
42,14,8614,0,50,1
34,9,0,0,80,0
31,10,0,0,40,0
50,16,0,0,50,0
47,14,0,0,50,1
33,13,0,0,40,0
39,13,0,0,40,0
21,6,0,0,40,0
36,6,0,0,24,0
51,9,0,0,8,0
24,13,0,0,40,0
28,9,0,0,30,0
44,6,0,0,40,0
44,9,0,0,40,0
37,10,0,0,20,0
35,14,0,0,40,0
40,5,0,0,40,0
27,13,13550,0,46,1
37,11,0,0,37,1
45,10,0,0,40,0
29,9,0,0,40,0
26,9,0,0,50,0
54,10,0,0,45,1
51,14,0,1887,47,1
40,14,0,0,20,0
47,10,0,0,40,0
36,14,14084,0,40,1
31,9,0,0,40,1
66,10,0,0,28,0
19,9,0,0,30,0
20,9,0,0,40,0
30,10,0,0,40,0
28,9,0,0,40,1
20,6,0,0,40,0
41,5,0,0,55,0
41,14,0,0,5,1
18,7,0,0,15,0
19,7,0,0,30,0
34,16,0,0,32,1
29,10,0,0,15,0
19,9,0,0,40,0
21,9,0,0,40,0
47,9,0,0,38,0
34,10,0,0,50,1
21,10,0,0,20,0
28,10,0,0,40,0
21,10,0,0,54,0
35,14,0,0,32,0
37,9,0,0,60,0
21,10,0,0,35,0
29,9,0,0,40,0
66,13,0,0,8,1
30,13,0,0,40,0
48,14,0,0,40,1
54,4,0,3900,40,0
45,14,0,0,40,0
41,11,0,2415,12,1
39,9,0,0,40,0
45,9,0,0,38,0
29,9,2829,0,40,0
24,13,0,0,40,0
40,12,0,0,25,0
36,9,0,0,70,0
22,9,0,0,55,0
54,10,0,0,48,1
39,9,0,0,40,0
33,9,0,0,65,0
33,9,3411,0,40,0
42,10,0,0,50,1
36,13,0,0,40,0
20,10,0,0,40,0
37,9,0,0,40,0
21,9,0,0,40,0
21,10,0,0,35,0
24,10,0,0,50,0
30,9,0,0,60,0
59,9,0,0,50,1
28,9,0,0,40,0
25,13,3325,0,40,0
36,10,0,0,40,1
43,14,0,0,40,1
22,10,0,0,20,0
63,13,0,0,40,0
22,10,0,0,35,0
53,9,0,0,40,0
88,10,0,0,40,0
31,13,0,0,40,1
20,10,0,1602,15,0
42,10,0,0,40,1
23,13,0,0,45,0
35,9,0,0,50,0
41,11,0,0,40,0
22,10,0,0,20,0
28,10,0,0,15,0
42,9,0,0,40,1
66,9,0,0,16,0
32,10,0,0,38,0
39,12,0,0,60,0
34,9,0,0,45,0
51,9,0,0,40,1
35,10,0,0,40,1
27,9,0,0,40,0
45,13,5178,0,40,1
44,15,99999,0,65,1
32,9,0,0,40,0
27,9,0,0,40,0
36,13,0,0,38,0
43,11,0,0,40,0
19,3,0,0,50,0
39,14,0,0,40,1
31,13,0,0,70,1
27,10,0,0,40,0
26,13,0,0,40,0
62,10,0,0,40,0
69,9,0,0,40,0
26,5,0,0,35,0
59,6,0,0,52,0
30,10,0,0,40,0
32,9,1471,0,38,0
74,13,0,0,8,0
47,13,0,0,40,1
35,14,0,0,38,0
57,9,99999,0,40,1
35,13,0,0,40,1
20,11,0,0,40,0
39,14,0,0,60,1
62,9,0,0,99,0
32,9,0,0,40,0
36,9,0,0,40,0
40,8,0,0,40,0
25,9,0,0,40,0
37,9,0,0,40,0
35,11,0,0,35,0
35,13,0,0,40,1
31,6,0,0,40,1
36,13,0,0,40,0
23,9,0,0,40,0
38,9,7298,0,50,1
38,10,0,0,55,1
25,9,0,0,40,0
50,7,0,0,40,0
43,9,15024,0,50,1
27,9,0,0,35,0
36,13,0,0,50,0
17,7,0,0,30,0
67,9,0,0,40,0
19,10,0,0,25,0
46,9,0,0,45,0
31,13,0,0,40,0
19,9,0,0,40,0
36,10,99999,0,40,1
37,13,0,0,45,1
38,3,0,0,40,0
20,9,0,0,40,0
54,9,0,0,40,1
17,7,0,0,20,0
58,10,0,0,40,0
34,10,0,0,37,0
38,9,0,0,40,0
45,4,0,0,55,1
24,10,0,0,40,0
20,12,0,0,40,0
58,13,0,0,40,0
22,9,0,0,40,0
42,15,15024,0,40,1
20,10,0,0,15,0
69,9,15831,0,40,1
61,2,0,0,20,0
21,8,0,0,32,0
46,9,0,0,40,0
37,13,0,0,40,1
41,10,0,0,50,0
39,10,0,0,50,0
49,6,0,0,42,1
41,9,0,0,40,0
22,10,0,0,10,0
45,10,0,0,40,0
20,9,0,0,40,0
33,13,0,0,80,0
50,9,0,0,30,0
17,6,0,0,5,0
28,2,0,0,35,0
24,9,0,0,40,0
48,9,0,0,50,0
65,4,0,0,20,0
24,9,0,0,40,0
34,3,0,0,40,0
36,12,0,0,35,0
42,7,0,0,60,0
18,9,0,0,38,0
58,13,0,0,40,0
36,14,0,0,40,0
35,9,7298,0,40,1
43,13,0,0,42,0
42,9,0,0,40,0
24,9,0,0,20,0
42,14,0,0,40,1
22,10,0,0,25,0
28,13,0,0,40,0
45,10,0,0,40,0
33,9,0,0,40,0
18,8,0,0,20,0
31,9,0,0,35,0
49,9,0,0,40,1
43,9,0,0,40,1
51,14,0,0,42,1
38,9,0,0,55,0
36,14,0,0,50,1
40,9,0,1902,40,1
36,5,0,0,40,0
46,10,0,0,40,0
38,9,0,0,52,0
62,9,0,0,8,0
23,10,3674,0,40,0
17,6,0,0,26,0
31,13,0,0,45,1
36,11,0,0,42,1
90,13,10566,0,50,0
21,11,0,0,40,0
34,10,0,0,4,0
19,10,0,0,20,0
24,5,0,0,40,0
43,14,0,0,40,1
25,5,0,0,40,0
45,10,0,1902,35,1
44,12,0,0,40,0
23,10,0,0,40,0
35,9,0,0,40,0
19,10,0,0,40,0
23,10,0,0,40,0
46,14,0,0,38,0
64,9,0,0,21,0
21,10,0,0,20,0
38,13,0,0,40,0
24,13,0,0,40,1
19,10,0,0,25,0
30,10,0,0,40,0
72,5,0,0,48,1
29,10,0,1485,40,1
79,16,0,0,40,0
23,10,0,0,40,0
48,6,0,1594,32,0
31,10,0,0,40,0
27,9,0,0,40,0
26,9,0,0,40,0
25,10,0,0,35,0
42,9,0,0,44,0
35,9,0,0,25,0
34,9,0,0,50,0
36,10,0,0,40,0
69,16,0,0,50,1
31,13,0,0,40,0
19,9,0,0,20,0
35,13,0,0,16,0
35,12,0,0,30,0
38,10,0,0,72,0
50,10,0,1902,38,1
42,14,0,1902,55,1
20,10,0,0,44,0
31,14,0,1902,40,1
52,9,0,0,55,1
66,4,0,0,30,0
49,6,0,0,40,0
36,11,0,0,40,0
46,3,0,0,50,0
47,10,0,0,45,0
21,10,0,0,10,0
56,9,0,0,40,0
59,14,15024,0,80,1
21,9,0,0,40,0
76,9,0,0,8,0
35,9,0,0,45,0
21,10,0,0,45,0
28,9,0,0,50,0
34,11,0,0,40,0
53,9,0,0,40,1
19,6,0,0,25,0
51,14,0,0,50,1
57,9,0,0,84,1
28,9,0,0,70,0
49,10,0,0,40,0
65,4,0,1411,40,0
43,9,4101,0,40,0
19,9,0,0,30,0
30,9,0,0,20,0
23,13,0,0,45,0
39,13,0,0,55,1
40,13,0,0,40,1
56,9,0,0,40,0
38,10,0,0,60,1
36,13,0,0,60,1
36,12,0,0,50,0
33,9,0,0,20,0
51,9,0,0,40,1
32,9,0,0,40,0
54,13,0,0,40,0
39,13,0,0,40,0
46,10,0,0,45,1
46,13,0,0,40,1
36,10,0,0,35,0
32,13,0,1902,60,1
21,7,0,0,40,0
33,9,0,0,40,0
24,9,0,0,40,0
57,13,0,0,40,0
57,7,0,0,52,0
24,11,0,0,40,0
53,9,0,0,40,0
30,10,0,0,40,0
34,9,0,3770,45,0
37,16,0,0,72,1
43,10,0,0,70,1
53,6,0,0,50,1
28,9,0,0,50,0
27,9,0,0,40,0
24,10,0,0,53,0
25,13,0,0,40,0
45,10,0,0,50,0
49,10,0,0,44,0
58,13,0,0,40,0
57,13,0,0,40,1
47,13,0,0,40,1
21,10,0,0,40,0
28,10,0,0,40,0
46,10,0,0,60,0
26,10,0,0,40,0
24,9,0,0,50,0
36,9,0,0,52,0
40,11,0,0,50,1
20,9,3781,0,50,0
18,5,0,0,42,0
50,9,4386,0,40,0
26,11,0,0,40,0
36,9,0,0,40,0
19,9,0,0,50,0
20,9,0,0,40,0
33,7,0,0,40,0
43,14,0,1902,40,1
51,14,0,1977,35,1
42,14,0,0,40,0
49,9,5013,0,40,0
27,11,0,0,40,1
36,13,2407,0,40,0
19,10,0,0,20,0
23,13,0,0,12,0
48,9,3103,0,46,1
21,7,0,0,56,0
59,13,0,0,60,1
26,10,0,0,40,1
56,14,27828,0,60,1
62,13,0,0,40,0
39,6,0,0,40,0
42,14,0,1902,40,1
67,9,0,0,20,0
51,10,0,0,20,1
20,10,0,0,40,0
35,9,4650,0,50,0
62,9,0,0,40,1
29,10,0,0,40,0
23,9,0,0,40,0
26,13,4064,0,50,0
19,10,0,0,38,0
33,9,0,0,55,1
45,9,0,0,40,0
29,9,0,0,35,0
36,9,0,0,40,0
43,9,0,0,40,0
36,13,0,0,60,0
58,14,0,0,40,1
41,10,0,0,50,0
68,9,0,0,10,1
26,13,0,0,40,0
24,12,0,0,20,0
28,9,0,0,20,0
24,10,0,0,40,0
66,4,0,0,4,0
37,9,0,0,32,0
38,9,0,0,60,0
40,10,0,0,40,0
42,14,0,0,40,1
24,13,0,0,39,0
20,10,0,0,20,0
37,9,0,0,40,0
64,9,0,0,10,0
57,9,0,0,45,0
34,13,5178,0,55,1
61,13,0,0,30,0
42,15,0,0,39,1
48,13,0,0,35,0
57,9,0,0,28,0
52,9,0,0,40,0
50,12,3942,0,40,0
45,9,0,0,45,1
21,10,0,0,40,0
57,9,0,0,40,0
38,10,0,0,60,1
44,10,0,0,35,0
57,9,0,0,40,0
24,13,0,0,50,0
59,9,0,0,55,0
49,14,99999,0,80,1
17,6,0,0,5,0
47,13,0,0,50,0
59,9,0,0,20,0
22,13,0,0,40,0
35,8,0,0,50,1
31,13,8614,0,40,1
33,9,0,0,40,0
17,6,0,0,10,0
38,13,0,0,50,0
23,9,0,0,40,0
57,14,0,0,60,0
51,9,0,0,40,0
37,13,0,0,45,0
26,11,0,0,36,0
35,9,2354,0,40,0
82,4,0,0,2,0
37,12,0,0,25,0
20,9,0,0,40,0
32,11,0,0,50,1
29,5,0,0,40,0
69,9,1424,0,6,0
24,9,0,0,40,0
42,13,0,0,45,0
36,13,0,0,35,0
46,14,0,0,50,1
43,6,0,0,40,0
22,9,0,0,40,0
66,9,0,0,30,0
24,12,0,0,50,0
28,9,0,0,45,1
43,13,15024,0,50,1
19,7,0,0,40,0
26,10,0,0,40,0
35,13,0,0,40,1
29,15,27828,0,45,1
32,11,0,0,40,0
26,10,0,0,40,0
42,14,0,1902,40,1
67,10,0,1539,40,0
18,10,0,0,8,0
18,6,0,0,40,0
50,10,0,0,40,1
36,10,0,0,45,0
61,7,0,0,20,0
47,13,0,0,55,1
36,9,0,0,60,0
34,9,0,0,40,0
44,9,0,0,60,0
42,9,0,0,50,1
37,9,0,0,55,0
37,9,0,0,37,0
41,9,0,0,40,0
42,14,4687,0,35,1
46,10,0,0,60,0
40,9,0,0,35,0
20,9,0,0,24,0
34,10,0,0,40,0
29,10,0,1485,40,1
59,6,0,0,50,0
64,5,0,0,50,0
22,7,0,0,25,0
57,9,0,0,40,0
43,12,0,0,40,0
36,6,0,0,40,0
39,14,0,2415,65,1
33,15,0,0,40,1
46,9,0,0,45,0
48,9,0,0,65,0
44,13,0,0,40,1
28,9,0,0,46,0
22,11,0,0,40,0
19,9,0,0,40,0
36,9,3908,0,55,0
33,9,2105,0,40,0
59,10,0,0,40,0
31,9,0,0,50,0
37,10,25236,0,25,1
47,12,0,0,57,0
24,10,0,0,56,0
46,9,0,0,40,0
26,13,0,0,40,0
23,9,0,0,45,0
31,13,0,0,55,1
17,7,1055,0,18,0
41,13,0,0,40,0
36,10,0,0,25,0
41,10,0,0,40,0
32,14,0,0,60,1
44,4,0,0,38,0
38,9,0,0,40,1
38,9,0,0,42,1
37,13,0,0,40,0
61,9,0,0,40,0
55,9,0,0,40,0
45,8,0,0,10,0
38,13,0,0,20,1
65,11,0,0,40,0
48,14,0,0,40,0
33,13,0,0,50,0
29,9,0,0,38,0
53,14,0,0,43,1
20,8,0,0,35,0
19,9,0,0,40,0
55,13,0,0,40,0
49,9,0,0,40,0
67,14,0,0,40,1
32,10,0,0,84,1
48,13,7688,0,40,1
21,10,0,0,8,0
46,13,0,0,37,0
45,13,0,1902,45,1
29,6,0,0,40,0
40,9,0,0,45,0
49,9,0,0,40,0
20,5,0,0,28,0
22,9,0,0,40,0
19,10,0,0,25,0
21,9,0,0,40,0
49,8,0,0,39,0
66,14,0,0,50,0
41,13,0,0,40,0
44,13,99999,0,45,1
29,10,0,1590,40,0
53,5,0,0,75,0
20,9,0,0,40,0
23,13,0,0,40,0
56,9,0,0,40,0
23,10,0,0,40,0
40,13,0,0,50,1
50,13,0,0,40,1
59,9,0,0,18,0
52,9,0,0,43,0
23,9,0,0,40,0
37,13,0,2415,50,1
36,9,0,0,40,0
22,10,0,0,30,0
47,9,0,0,45,0
42,10,0,0,40,0
20,10,0,0,40,0
57,6,0,0,40,0
40,14,0,0,35,0
29,14,0,0,40,1
34,10,0,0,50,0
33,10,0,0,40,1
25,10,0,1902,36,1
39,9,0,0,40,0
62,4,6418,0,40,1
49,10,0,0,50,1
49,13,0,0,50,1
51,9,0,0,40,0
69,9,0,0,32,0
35,15,0,1977,80,1
39,10,0,0,40,0
24,9,0,0,40,0
55,15,0,0,55,1
37,10,0,0,40,0
33,13,0,0,40,1
46,9,0,0,40,0
21,10,0,1762,28,0
20,10,0,0,12,0
64,11,0,0,30,0
18,9,0,0,20,0
28,9,0,0,40,0
30,9,0,0,85,0
62,6,0,0,40,0
31,13,0,0,40,0
28,12,0,0,40,1
32,12,0,0,42,1
26,9,0,0,40,0
29,14,7298,0,40,1
24,9,0,0,49,1
45,16,0,0,45,1
69,9,0,0,24,0
64,10,0,0,20,0
29,9,0,0,40,0
24,4,0,0,20,0
25,9,0,0,40,0
55,9,0,0,45,0
40,14,0,0,35,1
18,6,0,0,30,0
37,10,0,0,40,1
29,14,0,0,45,0
39,9,0,0,56,0
34,13,0,0,40,0
44,14,0,0,40,1
36,6,0,0,40,0
22,6,0,0,84,0
46,7,0,0,40,0
32,6,0,0,40,0
45,13,0,0,40,0
52,9,7688,0,40,1
41,14,0,0,40,1
26,10,0,0,45,0
51,9,0,1876,40,0
32,7,0,0,40,0
30,9,0,0,40,0
36,9,0,2001,40,0
43,13,0,0,45,1
42,9,0,0,35,1
55,16,0,0,60,0
30,9,0,0,10,0
62,13,0,0,5,0
35,14,0,0,50,1
41,4,0,0,36,0
32,9,0,0,40,0
28,13,0,0,35,0
50,13,4416,0,45,0
37,7,0,0,40,0
29,11,0,0,40,0
26,9,0,0,48,0
35,10,0,0,50,0
30,9,0,0,45,0
35,13,7688,0,50,1
44,13,0,0,40,1
48,10,0,0,50,0
31,6,0,0,40,0
40,6,0,0,32,0
40,13,14084,0,40,1
31,15,0,0,25,1
20,7,0,0,50,0
32,13,0,0,40,1
49,9,0,0,40,0
28,4,0,0,84,0
44,16,0,0,60,0
35,13,0,0,40,0
44,13,3103,0,40,1
48,13,0,0,40,1
51,2,0,0,40,0
23,8,0,0,40,0
33,11,0,0,84,1
60,9,0,0,70,1
30,13,0,0,40,1
64,16,0,0,60,1
29,9,0,1564,50,1
32,10,0,0,40,0
20,10,0,0,15,0
37,9,0,0,60,0
35,9,3942,0,35,0
56,13,0,0,48,1
19,8,0,0,15,0
29,9,0,2179,40,0
72,9,2346,0,40,0
60,11,0,0,40,1
57,9,0,0,40,0
45,13,0,0,51,0
32,10,0,0,30,0
37,13,0,0,40,0
53,5,0,0,40,0
49,10,0,2339,50,0
82,11,0,0,8,0
29,14,0,0,40,0
68,11,0,0,40,0
23,9,0,0,40,0
44,12,4386,0,40,1
24,9,0,0,20,0
18,8,0,0,25,0
27,9,0,1887,40,1
30,9,0,0,40,0
19,8,0,0,20,0
57,14,0,0,40,1
25,12,0,0,35,1
65,10,2346,0,40,0
33,8,0,0,40,0
49,10,14344,0,45,1
46,13,0,0,48,1
57,6,0,0,48,0
76,9,0,0,15,0
19,10,0,0,20,0
55,13,7298,0,40,1
64,9,0,0,35,0
23,9,0,0,40,0
40,13,0,0,40,0
27,9,0,0,40,0
55,10,0,0,99,1
41,9,0,0,40,0
66,9,0,0,40,0
31,9,0,0,40,0
49,13,0,0,60,0
37,10,0,0,40,1
24,9,0,0,30,0
44,12,0,0,40,1
22,10,0,0,40,0
36,9,0,0,50,0
21,10,0,0,30,0
20,10,0,0,24,0
27,6,0,0,40,0
29,9,0,0,40,0
29,9,0,0,50,0
50,9,0,0,60,0
56,10,0,0,50,1
42,9,0,0,50,0
33,10,0,0,40,0
67,14,0,0,40,0
34,9,0,0,44,0
27,13,0,0,35,0
35,10,0,1579,40,0
24,16,0,0,99,0
35,6,0,0,40,0
24,9,0,0,36,0
38,13,0,0,50,1
46,15,0,0,40,1
25,10,0,0,50,0
17,7,0,0,20,0
58,9,0,0,60,1
18,7,0,0,20,0
19,9,0,0,26,0
33,10,0,0,20,0
47,15,0,1977,60,1
50,10,0,0,40,0
66,9,0,0,40,1
29,13,0,0,70,1
41,10,0,0,40,0
55,14,0,0,40,1
62,6,0,0,40,0
31,9,0,0,40,0
26,13,0,0,50,0
44,12,0,0,48,0
40,10,0,0,40,0
56,14,0,0,50,0
51,12,3103,0,30,1
17,6,0,0,20,0
32,14,0,0,10,0
25,9,0,0,30,0
63,13,0,0,15,0
19,9,0,0,10,0
63,7,0,0,40,0
32,9,0,0,40,1
34,13,0,0,25,0
47,13,0,0,40,1
34,13,0,0,48,0
50,9,0,0,52,0
56,6,0,0,30,1
77,9,0,0,10,0
56,16,0,0,50,1
66,13,0,0,70,0
40,9,0,0,30,1
37,16,0,0,45,0
58,16,0,0,8,0
38,9,0,0,20,0
30,9,0,0,30,0
24,9,0,0,40,0
44,9,0,0,30,0
24,10,0,0,30,0
40,14,0,0,40,0
56,10,0,0,40,1
30,6,0,0,40,0
31,4,0,0,40,0
42,10,0,0,40,0
54,15,0,0,65,0
28,12,0,0,5,0
27,11,0,1876,36,0
41,14,0,0,40,1
29,4,0,0,55,0
63,15,15024,0,50,1
35,10,0,0,60,1
55,9,4064,0,40,0
28,14,0,0,40,1
57,9,0,0,72,0
34,13,0,0,85,1
31,10,0,0,40,0
33,7,0,0,38,0
48,13,0,0,50,1
22,9,0,0,80,0
51,10,0,0,40,1
42,10,0,0,50,1
33,9,0,0,40,0
31,10,0,0,46,0
26,10,0,0,40,0
39,9,0,0,40,1
34,9,0,0,40,0
52,9,0,0,40,0
24,13,0,0,20,0
45,10,0,0,40,0
34,9,0,0,40,0
40,13,0,0,40,0
37,16,0,0,60,0
41,12,0,1887,40,1
58,6,0,0,50,1
27,14,0,0,55,0
19,9,0,0,40,0
27,10,0,0,40,0
59,9,0,0,40,1
40,10,0,0,40,0
18,6,0,0,40,0
19,9,1055,0,12,0
36,13,0,0,48,1
61,9,0,0,40,0
28,6,0,0,40,0
21,10,0,0,24,0
35,10,0,0,55,0
37,6,0,0,40,0
44,13,0,0,3,0
20,10,0,0,12,0
27,9,0,0,40,0
49,9,0,0,42,1
35,13,0,0,65,1
39,13,0,0,55,0
42,13,0,0,15,0
36,10,0,0,40,0
42,13,7298,0,45,1
31,9,0,0,40,0
40,9,0,0,40,0
19,8,0,0,20,0
53,9,0,0,38,0
52,11,0,0,40,0
28,10,0,0,60,0
32,13,10520,0,40,1
25,10,0,0,40,0
43,6,0,0,40,0
30,9,0,0,27,0
42,10,0,0,30,0
25,13,0,0,40,0
56,9,0,0,44,1
20,10,0,0,30,0
39,10,0,0,50,0
18,7,0,0,20,0
39,13,0,0,50,1
65,10,0,0,30,1
51,5,0,0,50,1
41,10,0,0,60,0
26,13,0,0,40,0
37,9,0,0,40,1
30,13,0,0,40,1
51,13,15024,0,40,1
23,9,0,0,38,0
38,13,2202,0,45,0
23,13,0,0,40,0
74,15,99999,0,50,1
50,5,0,0,40,0
43,14,0,0,50,0
44,14,0,0,40,1
35,10,0,0,61,1
37,10,5013,0,40,0
35,12,0,0,50,0
33,3,0,0,40,0
41,10,0,0,40,1
46,10,0,0,40,0
19,9,0,0,25,0
45,13,0,0,40,1
33,9,0,0,40,0
43,13,0,0,40,1
61,10,0,0,40,0
62,7,0,0,40,0
76,4,0,0,12,0
44,10,0,0,40,0
36,13,0,0,45,0
46,15,0,0,40,1
25,14,0,0,40,1
38,9,0,0,40,0
29,6,0,0,40,0
39,15,0,0,55,1
29,9,0,0,45,0
61,9,0,0,40,0
33,9,0,0,40,0
50,14,0,0,40,0
63,13,0,0,40,0
30,13,0,0,40,0
33,9,0,0,40,0
64,9,0,0,40,1
32,13,4064,0,50,0
43,14,0,0,60,0
55,8,0,0,40,0
22,7,0,0,30,0
53,12,15024,0,40,1
33,14,0,0,40,0
32,13,0,0,40,0
69,13,10605,0,10,1
32,14,0,1590,40,0
36,9,0,0,30,0
33,9,0,0,36,0
29,10,0,0,40,0
41,13,0,0,50,1
30,13,0,0,40,0
42,11,2407,0,40,0
32,10,0,0,40,0
31,13,0,0,25,1
23,10,0,0,40,0
29,14,0,0,40,1
18,7,0,0,15,0
42,9,0,0,40,0
26,9,0,0,40,0
19,10,0,0,30,0
39,10,0,0,43,0
35,7,0,0,36,0
44,10,0,0,50,0
37,10,0,0,45,0
71,4,6097,0,40,1
46,9,0,0,60,1
61,5,0,0,40,0
31,10,0,0,40,1
39,9,0,0,40,0
27,9,0,0,40,0
55,14,3103,0,45,1
18,7,0,0,10,0
28,9,0,0,60,0
20,9,0,0,40,0
28,13,0,0,60,0
37,13,0,0,55,1
24,13,0,0,40,0
23,9,2105,0,40,0
18,10,0,0,40,0
32,12,0,0,40,0
59,6,0,0,45,1
46,16,0,2415,55,1
33,10,0,0,40,0
40,9,0,1628,45,0
19,10,0,0,16,0
32,9,0,0,48,0
40,9,0,0,40,0
20,7,0,0,40,0
65,15,20051,0,60,1
40,4,0,0,25,0
34,13,0,0,30,0
58,16,0,0,50,1
36,9,0,0,40,0
19,8,15024,0,40,1
43,10,0,0,40,1
22,12,0,0,40,0
65,10,0,0,28,0
18,6,0,0,40,0
38,15,0,0,50,1
37,11,0,0,60,1
30,9,0,0,8,0
32,11,0,0,40,0
28,4,0,0,40,0
51,9,0,0,40,0
35,13,8614,0,45,1
37,13,0,1719,32,0
75,9,2653,0,20,0
45,14,0,0,40,0
34,10,0,0,40,1
25,10,0,0,40,0
35,7,0,0,40,0
26,13,0,0,40,1
38,13,15024,0,65,1
22,9,0,0,40,0
34,10,0,0,42,0
45,10,0,0,38,0
73,13,0,0,15,0
19,10,0,0,60,0
50,13,0,1887,50,1
37,9,0,0,40,0
46,10,0,0,40,1
28,6,0,2238,35,0
40,9,0,0,40,0
39,14,0,0,40,1
43,9,0,0,40,0
48,9,0,0,40,1
60,9,0,0,32,0
49,13,0,0,45,1
37,12,0,0,40,1
29,9,0,0,35,0
21,10,0,0,30,0
56,14,0,0,40,1
31,10,0,0,55,0
26,9,0,0,40,0
21,6,0,0,36,0
32,13,0,0,60,1
42,10,0,0,57,0
53,10,0,0,40,1
63,9,0,0,40,0
35,11,0,0,40,0
62,10,0,1977,98,1
26,10,0,0,40,0
27,7,0,0,50,0
32,9,0,0,28,0
50,13,0,0,40,0
53,13,0,0,48,1
49,9,0,0,40,0
22,13,0,0,40,0
19,9,0,0,42,0
37,11,0,0,54,1
24,9,0,0,20,0
32,9,0,0,40,0
27,9,0,1902,45,0
19,10,0,0,25,0
33,13,0,1902,45,1
26,9,0,0,40,0
31,10,0,0,25,0
31,9,0,0,47,0
33,9,0,0,40,0
54,13,0,0,40,1
37,9,0,0,40,0
46,15,15024,0,55,1
62,9,0,0,24,0
33,11,0,0,40,0
54,9,0,0,40,1
43,13,0,0,40,0
46,13,0,0,50,1
58,3,0,0,40,0
65,9,0,0,40,0
25,9,2407,0,40,0
64,14,0,0,50,0
63,4,0,0,40,0
76,9,0,0,2,0
27,16,0,0,77,0
23,10,0,0,40,0
60,10,0,0,35,0
20,10,0,0,40,0
48,14,0,0,80,0
55,10,0,0,25,0
30,11,0,0,40,0
29,9,0,0,40,0
43,9,0,0,40,1
20,10,0,0,20,0
24,10,0,0,40,0
34,9,0,0,70,0
22,9,0,0,40,0
39,12,5178,0,48,1
23,9,0,0,40,0
39,13,0,0,40,0
24,11,0,0,45,0
19,9,0,0,30,0
38,9,0,0,40,0
43,13,0,0,48,1
25,9,0,0,35,0
34,10,0,0,60,1
45,9,15024,0,55,1
44,15,0,0,55,1
45,9,0,0,40,0
46,9,0,0,44,0
20,7,0,0,32,0
54,14,0,0,40,1
35,14,0,0,48,0
38,9,0,0,50,0
36,13,8614,0,40,1
29,9,0,0,40,0
37,10,7688,0,40,1
49,9,0,625,40,0
39,13,0,0,50,1
25,13,0,0,38,0
49,9,0,0,40,0
48,9,0,0,40,1
56,9,0,0,10,0
20,9,0,0,30,0
28,14,0,0,40,0
41,13,0,0,40,0
41,14,0,0,55,0
60,9,0,0,40,0
49,10,0,0,45,1
60,13,0,0,40,0
32,9,0,0,40,0
52,13,0,0,50,1
17,7,0,0,9,0
61,1,0,0,40,0
46,10,0,0,40,0
48,9,0,0,25,0
43,14,15024,0,32,1
52,9,0,0,50,0
27,9,0,0,40,0
40,9,0,0,50,0
44,3,0,0,40,0
78,4,0,0,35,0
26,9,0,0,40,0
42,9,0,0,40,0
30,13,0,0,40,0
31,14,0,0,76,1
21,9,0,0,48,0
34,10,0,0,40,0
58,10,0,0,40,0
38,12,0,0,40,0
33,10,0,0,18,0
23,7,0,0,35,0
30,9,0,0,40,0
28,9,0,0,45,0
25,9,0,0,40,0
50,9,0,0,40,0
33,11,0,0,40,0
48,9,2174,0,40,0
29,7,0,0,60,0
44,14,0,1902,40,1
49,15,0,1977,60,1
38,10,0,0,40,0
38,14,0,0,45,1
40,9,0,0,30,0
39,15,0,0,55,1
22,10,0,0,15,0
64,9,0,0,40,0
22,13,0,0,40,0
59,9,0,0,40,0
27,10,0,0,48,0
53,10,8614,0,50,1
57,13,0,0,35,0
45,13,0,0,45,0
24,13,0,0,50,0
23,13,0,0,21,0
24,9,0,0,50,0
27,9,0,0,40,0
43,10,0,0,60,0
46,9,0,0,25,0
37,9,0,0,55,0
36,13,0,0,45,0
29,10,0,0,40,1
61,4,0,0,40,0
29,14,0,0,40,0
34,10,0,0,40,0
26,13,0,0,40,0
28,9,0,1974,40,0
18,9,0,1602,20,0
33,9,0,0,40,0
46,12,0,0,47,0
41,13,0,0,30,0
33,10,0,0,58,0
34,9,0,0,40,0
38,13,0,0,50,1
21,9,0,0,44,0
50,12,0,0,40,0
27,11,0,0,40,0
81,9,0,2377,26,1
35,9,0,0,40,0
65,9,0,0,16,0
25,14,0,0,45,0
19,9,0,0,40,0
33,9,0,1485,38,0
19,10,0,0,15,0
44,13,0,0,40,1
43,14,5178,0,40,1
34,15,0,1977,55,1
35,9,0,0,60,0
22,7,0,0,40,0
58,9,0,0,25,0
35,9,0,0,40,0
32,9,0,0,40,0
57,15,15024,0,50,1
44,15,0,0,40,0
53,9,5178,0,45,1
45,9,0,0,40,0
34,14,0,0,50,1
23,10,0,0,10,0
24,13,0,0,50,0
31,9,0,0,40,0
43,13,0,0,35,1
35,4,0,0,40,0
41,8,0,0,40,0
50,10,0,0,45,1
42,9,0,2002,40,0
28,11,0,0,40,0
42,13,0,0,60,1
45,12,0,0,40,0
40,13,0,0,40,0
33,13,0,0,40,0
25,6,0,0,40,0
31,11,0,0,43,0
38,9,0,0,40,0
48,10,0,0,65,1
60,9,0,1485,70,1
20,10,0,0,30,0
31,9,0,0,35,0
53,9,0,0,45,0
50,13,0,0,40,1
57,9,0,1887,40,1
29,9,0,0,40,0
44,9,0,0,40,1
46,9,0,0,25,0
43,13,0,0,60,0
44,10,14344,0,40,1
33,9,0,0,45,0
72,16,0,1258,40,0
40,14,0,0,40,1
29,15,0,0,50,0
47,13,0,0,36,1
27,7,0,0,40,0
34,13,0,0,40,0
47,14,0,0,60,1
31,16,0,0,40,0
59,15,0,0,50,0
53,4,0,0,35,0
21,9,0,0,40,0
33,14,0,0,50,0
70,10,0,0,10,1
37,9,0,0,25,0
40,15,0,0,40,0
41,9,0,0,40,0
22,11,0,0,44,0
34,13,0,0,14,0
23,9,0,0,35,0
57,10,0,0,38,0
41,15,15024,0,50,1
50,9,0,0,50,0
38,10,7298,0,60,1
24,9,0,0,40,0
40,13,0,0,45,1
45,9,0,0,40,0
55,9,0,0,50,0
30,9,0,0,40,1
74,13,0,0,10,0
43,9,0,0,44,0
39,13,7688,0,40,1
43,5,0,0,40,0
31,11,0,0,40,0
66,10,0,4356,40,0
45,13,0,0,45,1
34,7,0,0,40,0
52,10,0,0,40,1
47,9,7298,0,40,1
20,9,0,0,20,0
28,8,0,0,20,0
49,10,0,0,40,1
46,9,0,0,40,0
18,10,0,1602,35,0
33,10,0,0,50,1
27,13,0,0,40,0
32,13,0,0,47,0
18,9,0,0,35,0
44,14,0,0,35,1
37,10,0,0,52,0
36,9,0,0,50,0
33,9,0,0,40,0
23,10,0,0,40,1
35,13,0,0,45,0
61,4,0,0,40,0
36,9,0,0,50,0
50,10,0,0,40,0
45,10,0,0,40,0
32,14,0,0,40,1
18,9,0,0,25,0
20,9,0,0,20,0
36,13,0,1741,40,0
60,13,0,0,45,1
30,13,0,0,40,0
17,7,0,0,10,0
40,9,0,0,40,0
35,10,0,0,40,0
49,10,0,0,35,0
26,12,0,0,40,0
24,10,0,0,40,0
25,13,0,0,35,0
24,13,0,0,40,0
60,4,0,0,40,0
38,9,0,0,40,0
25,9,0,0,35,0
33,9,0,0,45,0
24,10,0,0,40,0
37,13,5178,0,40,1
53,10,15024,0,50,1
59,9,0,0,40,0
47,10,0,0,40,0
34,14,0,0,60,1
33,9,0,0,20,0
33,7,0,0,35,0
51,10,0,0,40,1
49,14,0,0,45,1
55,13,0,0,40,0
19,9,0,0,28,0
60,9,0,0,37,0
42,14,0,2001,60,0
55,9,0,0,40,0
56,7,0,0,20,0
29,14,0,0,65,0
25,9,0,0,40,0
26,13,0,0,40,0
32,12,0,0,45,1
36,12,0,0,40,1
46,9,0,0,80,1
53,10,0,0,40,1
22,9,0,0,40,0
30,9,0,0,70,0
65,10,0,0,6,0
22,9,0,0,40,0
18,7,0,0,15,0
49,13,5013,0,45,0
49,11,0,0,40,0
49,14,0,0,56,1
49,13,0,0,40,1
21,10,0,0,40,0
45,9,0,0,55,0
45,9,0,0,60,1
37,13,0,0,40,0
20,10,0,0,40,0
35,13,8614,0,45,1
62,13,0,0,40,1
31,7,0,0,40,0
29,5,0,0,40,0
37,10,0,0,40,0
27,13,0,0,40,0
26,10,2407,0,50,0
35,9,0,0,60,0
65,10,0,0,40,0
28,10,0,0,40,0
30,10,0,2051,40,0
40,14,0,0,40,0
40,9,0,0,40,0
35,10,4064,0,40,0
64,10,3411,0,15,0
36,3,0,0,32,0
27,9,0,0,65,1
25,11,0,0,40,0
22,10,0,0,40,0
39,11,0,0,60,1
51,9,0,0,28,0
30,13,0,0,38,0
32,11,0,0,40,1
68,10,0,2377,55,1
17,6,0,0,35,0
33,12,0,0,50,0
43,10,0,0,42,0
61,14,7298,0,60,1
47,10,0,0,80,0
47,13,0,0,60,1
41,3,0,0,35,0
77,4,0,0,23,0
37,11,0,0,45,1
29,13,0,0,50,0
41,9,7298,0,50,1
33,13,0,0,60,1
26,13,0,0,40,0
67,6,0,0,16,0
44,10,0,1408,46,0
25,10,0,0,35,0
40,9,0,0,40,0
53,4,0,0,60,1
38,15,0,0,40,1
19,9,0,0,30,0
48,7,0,0,50,0
37,13,0,0,50,1
39,12,0,0,56,0
42,13,0,0,48,1
25,9,0,0,40,0
36,9,0,0,35,0
37,11,0,0,32,0
25,9,0,0,40,0
23,13,0,0,40,0
55,13,0,1887,40,1
27,14,0,0,40,0
33,9,0,0,40,0
26,9,0,0,35,0
23,13,0,0,40,0
37,10,0,0,40,0
34,9,0,0,40,0
43,14,0,0,50,1
39,9,0,0,48,1
51,9,0,0,40,0
24,10,0,0,15,0
79,14,20051,0,40,1
23,12,0,0,40,0
29,9,0,0,25,0
34,9,0,0,45,0
24,13,0,0,40,0
73,13,0,0,30,0
59,10,2907,0,40,0
36,9,0,0,40,0
19,10,0,0,40,0
22,13,0,0,35,0
33,10,0,0,40,0
77,13,3818,0,14,0
36,7,5178,0,40,1
23,13,0,0,38,0
41,15,0,0,60,1
38,9,0,0,40,0
19,10,0,0,40,0
19,9,0,0,20,0
67,9,0,0,2,0
18,9,0,0,20,0
55,13,0,0,25,0
33,7,0,0,40,0
60,13,0,2163,25,0
49,7,0,0,40,0
25,9,4416,0,40,0
21,10,0,0,45,0
29,9,0,0,32,0
61,9,22040,0,40,0
50,9,0,0,40,0
27,10,0,0,40,0
32,9,0,0,40,0
50,10,0,0,40,0
39,13,15024,0,45,1
19,10,0,0,25,0
31,14,0,1902,43,1
38,10,7688,0,40,1
64,3,0,0,45,0
25,10,0,0,40,0
48,11,0,0,40,1
26,9,0,0,52,0
39,9,0,0,40,0
56,13,14084,0,45,1
26,3,0,0,35,0
19,6,0,0,40,0
74,9,0,0,30,0
19,7,0,0,24,0
28,9,0,0,40,0
48,13,0,0,20,0
47,9,0,0,40,0
36,10,0,0,40,0
27,10,0,0,40,0
50,4,3411,0,40,0
68,10,0,0,15,0
18,10,0,0,30,0
51,5,0,0,45,0
21,9,0,0,40,0
44,9,3674,0,50,0
28,13,0,0,43,0
37,6,0,0,65,0
41,13,4386,0,50,1
25,14,0,0,55,0
34,14,0,0,43,1
46,13,0,0,40,0
60,9,0,0,40,0
37,9,0,0,40,0
42,6,0,0,35,0
51,10,0,0,40,0
18,9,0,0,40,0
43,13,0,0,40,0
43,9,0,0,40,1
27,13,0,0,65,0
21,10,0,0,30,0
29,10,0,0,20,0
50,13,15024,0,40,1
44,9,0,0,40,1
51,12,0,0,40,0
43,10,0,0,40,1
56,10,0,0,50,0
33,10,0,0,38,0
54,9,0,0,40,0
54,1,0,0,40,0
58,12,0,0,40,1
21,10,0,0,20,0
50,10,0,1740,48,0
22,13,0,0,10,0
24,10,0,0,20,0
23,4,0,0,40,0
27,9,0,0,40,0
47,9,0,0,40,0
46,13,0,0,40,0
45,15,0,0,50,1
35,10,0,0,40,0
52,9,0,0,40,0
40,10,0,0,40,1
28,13,0,0,50,1
29,10,0,0,42,0
30,11,0,0,40,0
42,10,0,0,40,1
58,13,0,0,40,1
44,9,0,0,40,0
37,9,0,0,40,0
46,9,0,0,40,1
42,13,0,0,50,1
38,9,0,1902,40,1
30,13,0,0,40,0
28,13,0,0,15,0
31,9,0,0,40,0
50,14,2202,0,30,0
63,9,0,0,32,0
57,15,0,0,50,1
20,9,0,0,40,0
39,13,0,0,45,1
42,14,0,0,25,0
53,10,0,0,40,0
40,13,0,0,60,0
41,9,0,0,40,0
28,13,0,0,45,0
60,14,3103,0,40,1
29,13,0,0,40,0
46,13,0,0,40,0
29,9,0,0,40,0
38,9,0,0,40,1
39,6,0,0,25,0
51,11,0,0,40,0
43,9,8614,0,43,1
37,9,0,0,40,0
45,13,0,0,72,1
31,9,0,0,65,0
37,13,0,0,60,1
57,9,0,0,30,0
67,14,0,0,40,1
33,9,0,0,40,0
22,9,0,0,40,0
17,7,0,0,20,0
26,13,0,0,40,0
36,13,0,0,40,0
61,9,0,0,45,1
36,7,0,0,40,0
58,9,0,0,40,0
23,4,0,0,40,0
41,14,0,0,40,1
46,11,0,0,40,0
58,14,0,0,24,1
53,13,0,0,40,0
39,10,0,0,45,1
53,9,0,0,40,0
62,9,0,0,12,0
22,9,2907,0,40,0
33,10,0,0,35,0
52,9,0,0,35,0
47,14,15024,0,35,1
26,10,0,0,40,0
50,10,0,0,32,0
35,13,0,0,40,0
40,9,0,0,40,1
21,9,0,0,35,0
57,11,0,0,40,0
35,9,0,0,40,0
44,12,0,0,40,0
43,14,0,0,40,1
47,13,25236,0,35,1
32,13,0,0,40,1
51,9,0,0,40,0
35,9,0,0,40,0
58,14,0,0,50,1
41,9,0,0,40,0
23,13,0,0,55,0
42,10,0,1887,50,1
29,10,0,0,41,1
34,10,0,0,55,1
26,10,0,0,50,0
46,10,0,0,40,0
43,10,0,0,40,0
59,13,0,0,50,0
33,9,0,0,41,0
42,9,0,0,60,0
30,13,3103,0,60,1
37,10,0,0,40,0
39,8,0,0,40,0
64,9,7298,0,45,1
24,9,0,0,40,0
20,9,0,0,35,0
47,9,1831,0,38,0
26,14,0,0,40,0
40,13,0,0,40,1
21,10,0,0,40,0
34,6,0,0,40,0
36,13,0,0,40,0
29,6,0,0,40,0
27,10,0,0,40,0
18,7,0,0,20,0
19,9,0,0,16,0
34,11,0,0,40,0
49,10,0,0,65,1
38,9,0,0,40,0
38,13,0,0,40,1
44,3,0,0,40,0
59,9,0,0,35,0
46,9,0,0,40,0
32,9,0,0,40,0
57,10,0,0,40,1
47,15,0,2415,45,1
20,10,0,0,30,0
33,13,0,0,40,0
50,7,0,0,40,0
38,10,0,0,40,0
58,9,0,0,80,0
20,10,0,0,20,0
42,12,0,0,50,0
38,9,0,0,40,0
29,10,0,0,18,0
22,10,0,0,40,0
47,9,0,0,40,0
43,9,0,0,60,0
36,10,0,0,48,0
40,13,0,0,80,0
45,9,0,0,45,0
25,9,0,0,78,0
28,14,0,0,20,1
21,10,0,0,35,0
56,9,0,0,40,0
67,13,0,0,8,1
55,10,7688,0,40,1
37,3,0,0,40,0
49,9,0,0,40,1
47,10,0,0,40,0
27,13,0,0,45,0
49,15,0,0,48,0
20,10,0,0,20,0
19,13,0,0,40,0
35,3,0,0,50,0
20,9,0,0,40,0
39,10,0,0,38,0
67,14,0,0,2,0
34,9,0,0,50,0
34,10,0,0,40,0
22,11,0,0,30,0
59,9,0,0,48,0
44,11,0,0,40,1
61,9,0,0,20,0
43,9,0,0,40,0
50,14,0,0,40,1
39,15,7688,0,60,1
33,13,0,0,45,0
21,5,0,0,40,0
32,9,0,0,40,0
77,14,9386,0,6,1
31,4,0,0,30,0
22,12,0,0,15,0
31,13,0,0,37,0
70,10,0,0,12,0
30,12,0,0,20,0
41,13,0,0,40,1
25,15,0,0,30,0
55,13,0,0,40,0
18,8,0,0,55,0
20,10,0,0,8,0
26,7,0,0,20,0
23,9,0,0,40,0
20,10,0,0,30,0
21,9,0,0,25,0
47,14,7688,0,60,1
42,9,0,0,40,0
48,10,0,0,25,0
55,9,0,0,40,1
55,13,0,0,40,1
22,10,0,0,25,0
44,9,0,0,40,1
64,9,0,0,50,0
46,9,0,0,28,0
33,13,0,0,40,0
44,13,0,0,40,1
46,13,0,0,25,0
27,13,0,0,40,0
50,9,0,0,50,1
37,11,0,0,40,0
43,10,0,0,50,0
20,9,0,0,40,0
35,7,0,0,40,0
38,10,0,0,45,1
38,13,0,0,55,1
22,10,0,0,40,0
37,9,0,0,40,0
45,5,0,0,40,0
27,11,0,0,40,0
26,10,0,0,40,0
25,10,0,0,46,0
34,13,0,0,60,0
35,9,0,0,40,0
33,16,0,0,55,1
21,10,0,0,20,0
29,9,0,0,20,0
30,9,0,0,40,0
73,4,6418,0,99,1
20,10,0,0,40,0
62,14,0,0,50,0
57,13,15024,0,50,1
24,10,0,0,45,0
34,11,0,0,40,0
32,11,0,0,50,0
39,14,0,0,40,0
51,13,0,1902,40,0
45,9,0,0,60,1
34,10,0,0,40,0
18,7,0,0,15,0
58,10,0,0,40,1
45,14,0,0,40,0
47,13,0,0,50,0
35,9,0,0,40,0
29,9,0,0,40,0
34,9,0,0,40,0
40,12,0,0,40,0
58,9,0,0,40,1
37,13,0,0,43,1
50,9,0,0,25,0
35,13,0,0,40,0
34,9,7443,0,35,0
44,11,0,0,40,0
46,10,2036,0,60,0
36,9,7688,0,50,1
62,11,0,0,45,1
30,10,0,0,40,0
21,10,0,0,40,0
47,14,5455,0,45,0
54,13,15024,0,60,1
18,10,0,0,16,0
26,10,0,0,40,0
44,10,0,2415,6,1
47,13,0,0,57,1
31,11,0,0,40,0
31,10,0,0,40,0
36,9,0,0,50,0
32,7,0,0,40,0
26,10,0,0,40,0
45,10,0,0,40,0
42,11,0,0,40,0
29,9,0,0,40,0
41,10,0,0,40,1
52,9,0,0,38,0
41,9,0,0,40,0
30,13,0,0,40,0
36,9,0,0,40,0
32,13,0,0,40,0
67,4,0,0,40,0
44,12,0,0,25,0
43,10,0,0,40,0
59,10,15024,0,60,1
49,9,0,0,35,0
41,14,0,0,55,0
64,11,0,0,55,0
43,9,0,0,40,0
50,14,0,1902,40,1
31,9,0,0,64,0
44,10,0,0,15,0
57,14,0,0,50,1
61,9,0,0,40,0
57,2,0,0,40,0
23,9,0,0,80,0
31,10,0,1485,55,1
43,10,0,0,40,0
26,13,0,0,42,0
45,9,0,0,40,0
42,16,0,0,45,1
36,9,0,0,40,0
27,10,0,0,30,0
35,6,0,0,50,0
24,13,0,0,40,0
43,14,0,0,30,0
43,13,0,0,65,1
17,6,0,0,10,0
44,10,0,0,55,0
37,9,0,0,35,0
53,9,0,0,40,0
21,9,0,0,20,0
33,14,0,0,60,0
32,1,4508,0,40,0
37,9,0,0,25,0
41,13,0,1902,42,1
58,2,0,0,40,0
26,11,0,2377,45,0
30,13,0,0,45,1
79,16,0,0,6,1
36,12,0,0,40,0
42,16,0,1977,60,1
28,10,0,0,40,0
53,9,0,0,40,0
33,10,0,0,40,0
19,8,1055,0,40,0
28,9,0,0,40,0
42,9,7688,0,45,1
29,13,7298,0,42,1
69,9,2387,0,40,0
52,9,0,0,50,0
33,13,0,0,30,0
51,9,0,0,44,0
20,10,0,0,25,0
39,9,0,0,40,0
45,12,0,0,50,1
27,3,0,0,40,0
46,14,0,1977,40,1
53,13,0,0,50,1
35,13,0,0,70,0
50,13,0,0,40,1
41,10,0,0,40,1
55,9,0,0,40,0
38,9,0,0,50,0
70,7,0,0,40,0
31,13,0,0,40,0
24,9,0,0,40,0
27,9,5178,0,40,1
34,9,0,0,40,1
81,5,2062,0,5,0
55,5,0,0,23,0
31,9,0,0,50,0
23,12,0,0,40,0
53,13,0,0,50,0
20,10,0,0,30,0
58,9,0,0,50,0
46,13,0,0,51,0
36,9,0,0,40,0
40,10,0,0,40,0
29,9,0,0,40,0
45,15,0,0,43,0
28,9,0,0,35,0
64,7,0,0,30,0
29,9,0,1974,35,0
37,6,0,0,33,0
28,13,0,0,65,0
25,13,0,0,40,0
19,10,0,0,40,0
90,13,0,0,40,0
20,10,0,0,24,0
35,9,0,0,40,0
45,9,0,0,40,0
64,4,2580,0,50,0
51,10,0,0,40,1
27,9,0,0,40,1
39,16,99999,0,55,1
81,9,0,0,35,0
53,6,0,0,40,0
47,9,0,0,55,1
47,10,0,0,40,0
43,10,0,0,40,0
22,10,0,0,50,0
18,10,0,1721,20,0
27,12,0,0,40,0
24,7,2463,0,40,0
35,13,0,0,40,0
50,9,0,0,50,1
23,10,0,0,20,0
43,6,0,0,40,0
35,9,0,0,16,1
32,10,0,0,50,1
40,11,0,0,50,1
60,16,7688,0,60,1
27,9,0,0,70,0
37,13,0,0,38,0
17,6,0,0,30,0
35,9,0,0,40,0
39,14,0,0,40,0
26,9,0,0,40,0
23,10,0,0,40,0
23,13,0,0,25,0
52,9,0,0,14,0
38,10,0,0,40,0
30,7,0,0,50,0
39,10,0,0,70,0
59,9,0,0,40,0
24,10,0,0,24,0
33,9,0,0,40,0
58,8,0,0,40,0
39,9,5178,0,50,1
33,15,0,0,42,1
29,11,0,0,55,0
49,4,0,0,40,0
29,10,0,0,45,0
32,10,0,0,70,0
20,9,0,0,35,0
47,9,0,0,40,0
32,10,0,0,55,0
33,16,0,0,60,1
42,11,0,0,32,0
39,9,0,0,55,0
22,9,0,0,40,0
77,14,0,0,45,0
52,11,0,0,56,0
23,13,0,0,40,0
25,10,0,0,40,0
33,10,3674,0,16,0
21,9,0,0,40,0
46,13,0,0,40,0
56,10,7688,0,50,1
23,10,0,0,40,0
62,13,10520,0,50,1
34,9,0,0,40,0
33,1,0,0,40,0
57,9,0,0,30,0
44,9,0,0,40,0
26,9,0,0,40,0
27,15,0,0,10,0
59,14,0,0,40,1
51,15,0,0,60,1
50,14,7298,0,40,1
72,10,0,0,16,0
59,9,0,0,41,1
26,13,0,0,40,0
54,10,0,0,50,0
26,5,0,0,35,0
52,9,99999,0,45,1
40,12,7688,0,50,1
43,13,0,0,40,0
28,10,0,0,40,0
40,11,0,0,40,0
19,9,0,0,35,0
32,9,0,0,50,0
49,4,0,0,32,0
45,13,0,0,60,1
46,13,4787,0,45,1
45,13,0,0,55,1
43,15,0,0,99,1
26,13,0,0,28,0
33,13,0,2001,40,0
33,12,0,0,40,1
64,9,0,0,38,0
63,9,0,0,40,0
31,11,0,0,40,0
79,15,0,0,10,0
37,9,0,0,40,0
20,10,0,0,30,0
30,9,0,0,72,0
36,9,0,0,40,0
25,3,0,0,40,0
66,10,0,0,20,0
35,12,0,0,40,1
17,6,0,0,24,0
45,9,0,0,40,0
23,13,0,1602,12,0
33,16,99999,0,60,1
39,9,0,0,40,1
40,14,0,0,45,0
46,13,0,0,50,1
73,7,0,0,3,0
25,9,0,0,48,0
52,12,7298,0,40,1
53,9,0,0,40,0
26,13,1055,0,40,0
56,9,0,0,45,0
37,14,0,0,45,1
18,9,0,0,40,0
45,10,0,0,40,0
22,10,0,0,30,0
43,13,0,0,84,1
57,9,0,0,55,0
54,10,0,0,50,0
47,9,0,0,80,1
40,10,0,0,40,0
18,6,0,0,15,0
45,9,0,0,40,0
32,10,0,0,40,0
55,10,0,0,40,1
33,9,0,0,40,0
25,9,0,0,30,0
51,9,0,0,40,0
43,9,0,0,55,0
41,13,0,0,38,0
22,10,0,0,25,0
50,10,0,0,40,0
28,13,0,0,40,0
20,12,0,0,32,0
40,14,0,0,50,0
20,10,0,0,15,0
21,10,0,0,24,0
36,13,0,0,60,0
60,4,0,0,48,1
23,9,0,0,40,0
59,13,0,0,72,0
49,9,0,0,50,0
30,10,0,0,60,0
57,9,0,0,40,1
54,14,0,0,55,1
36,10,0,0,48,0
22,10,0,0,25,0
41,9,0,0,20,0
55,13,0,0,60,1
41,13,0,0,40,1
37,14,0,0,40,1
20,10,0,0,8,0
42,10,0,0,40,0
26,9,0,0,40,0
48,9,0,0,18,0
51,7,0,0,40,0
42,9,0,0,40,0
41,13,0,0,40,1
24,10,0,0,35,0
61,10,0,0,40,0
21,9,0,0,40,0
41,10,0,0,48,1
66,11,0,0,20,0
30,9,0,0,60,0
47,9,0,0,30,1
74,10,0,0,16,0
58,9,0,0,50,1
29,13,0,0,25,0
30,12,0,0,40,0
42,13,2977,0,40,0
22,9,0,0,40,0
48,10,0,0,35,0
21,9,0,0,40,0
35,13,7688,0,20,1
42,9,0,0,40,0
46,9,0,0,40,0
20,12,0,0,25,0
37,9,0,0,40,0
49,13,0,0,40,1
17,6,0,0,40,0
50,12,0,1408,5,0
27,11,0,0,35,0
60,14,0,0,40,0
52,10,0,0,40,0
21,9,0,0,40,0
30,9,0,0,25,0
33,12,0,0,32,0
37,14,0,1977,40,1
41,15,0,0,50,1
47,15,0,0,50,1
27,12,0,0,40,0
48,14,0,0,50,0
25,7,5178,0,40,1
33,10,0,0,40,0
45,9,0,0,40,0
55,7,0,0,32,0
28,13,0,0,40,0
51,9,0,0,60,0
36,13,0,0,55,0
19,10,0,0,20,0
31,2,0,0,25,0
34,9,0,0,40,0
37,11,15024,0,50,1
43,10,0,0,50,1
19,8,0,0,25,0
46,10,0,0,40,0
34,9,0,0,40,0
66,11,3273,0,40,0
40,12,0,0,40,0
31,10,0,0,40,1
31,6,0,0,40,0
54,1,0,0,60,0
29,13,0,0,56,0
32,10,0,0,40,0
32,9,0,0,55,0
27,14,0,0,40,1
64,9,0,0,40,0
33,6,0,0,40,0
67,14,18481,0,2,1
27,9,0,0,40,0
54,9,0,0,40,1
20,10,0,0,20,0
33,10,0,0,40,0
27,10,0,0,50,0
23,10,0,0,25,0
29,12,3674,0,40,0
55,9,7688,0,40,1
41,3,0,0,32,0
40,13,0,0,50,1
31,9,0,0,40,0
50,15,0,0,60,1
31,10,0,0,40,0
20,9,0,0,35,0
47,10,0,0,40,0
57,15,0,0,60,0
37,11,0,0,43,0
34,10,0,0,40,1
37,10,0,0,40,0
23,7,0,0,40,0
21,12,0,0,40,0
45,10,0,0,24,1
47,10,0,0,16,0
18,9,0,0,25,0
42,16,0,0,36,1
40,9,0,0,40,0
61,9,0,0,24,0
42,9,0,0,40,0
31,9,5178,0,35,1
83,9,0,0,8,0
54,9,7688,0,60,1
41,13,0,0,40,1
53,10,0,0,50,1
46,3,0,2339,45,0
34,9,0,0,42,0
55,10,0,0,40,1
17,7,0,0,17,0
36,13,0,1977,40,1
44,9,3137,0,30,0
35,9,0,0,50,1
22,10,0,0,30,0
68,9,0,0,10,0
34,16,0,0,50,1
35,10,0,0,55,0
37,2,0,0,40,0
27,10,0,0,40,0
65,13,0,0,20,0
44,5,0,0,40,0
46,9,0,0,40,0
40,12,0,0,40,0
19,10,0,0,66,0
56,10,0,0,50,0
51,10,0,0,45,0
39,10,0,0,45,1
46,11,0,0,60,1
30,9,0,1902,40,0
33,9,0,0,48,0
48,10,0,0,40,0
66,14,0,0,20,1
47,9,0,1590,40,0
54,14,0,0,45,1
21,10,0,0,40,0
51,6,0,0,40,0
65,9,0,0,55,0
22,9,0,0,42,0
23,9,0,0,40,0
28,13,0,0,45,1
43,15,0,0,66,0
54,13,0,0,65,0
52,10,0,0,40,0
54,9,0,0,38,0
38,11,0,0,40,0
32,13,0,0,40,0
22,9,0,0,50,0
37,10,0,0,37,0
63,9,0,0,14,0
36,10,0,0,40,0
53,11,0,0,45,0
54,9,0,0,40,0
40,9,0,0,40,0
40,10,0,0,40,0
44,10,0,0,40,1
40,10,0,0,40,1
35,10,0,0,40,1
40,13,0,0,40,0
39,9,0,0,65,0
43,7,0,0,25,0
28,14,0,0,50,1
43,9,0,0,55,0
49,10,0,0,60,0
47,9,0,0,40,1
25,13,0,1726,60,0
26,9,0,0,60,0
46,10,0,0,40,0
65,13,10605,0,40,1
51,15,0,2559,50,1
51,9,0,0,40,0
26,11,0,0,40,0
46,6,0,0,40,1
23,9,0,0,50,0
34,10,0,0,50,0
27,13,0,0,40,0
34,10,0,0,28,0
17,7,0,0,12,0
34,9,0,0,48,1
32,14,0,1977,40,1
55,9,0,0,25,0
39,9,0,0,40,0
38,11,0,0,40,0
37,9,15024,0,60,1
21,10,0,0,16,0
58,9,15024,0,60,1
52,9,0,0,40,0
26,9,0,0,60,0
28,10,0,1762,40,0
20,10,0,0,40,0
46,9,0,0,40,1
34,9,0,0,32,0
22,9,0,0,40,0
46,9,0,0,40,0
20,10,0,0,30,0
28,10,0,0,40,0
17,7,0,0,15,0
44,9,0,0,40,0
21,10,0,0,40,0
38,10,0,0,50,0
31,11,0,0,43,0
30,13,0,0,40,0
23,13,0,0,40,0
44,13,0,0,70,1
47,13,0,1887,40,1
46,9,0,0,40,0
56,9,0,0,38,0
39,9,0,0,40,0
55,10,0,0,25,0
28,10,0,0,50,0
51,9,0,0,40,0
44,7,0,0,60,0
56,12,0,0,25,0
19,7,0,0,40,0
22,8,0,0,48,0
62,14,0,0,32,0
45,13,0,0,50,1
58,14,0,0,40,0
55,9,0,0,40,0
31,11,0,0,40,0
41,10,0,0,40,0
61,9,0,0,50,0
33,13,0,0,40,1
38,10,0,0,45,0
27,9,0,0,40,0
31,11,0,1980,60,0
21,10,0,0,20,0
42,9,0,0,75,1
53,10,0,0,24,0
25,10,0,0,50,0
44,10,0,0,60,0
25,10,8614,0,40,1
39,8,0,0,50,0
25,9,0,0,40,0
56,4,5013,0,45,0
33,9,0,0,32,0
26,10,0,0,15,0
43,9,0,0,58,0
42,10,0,0,50,0
48,10,0,0,40,0
30,13,0,0,40,0
51,9,0,0,40,0
28,10,0,0,40,0
23,9,0,0,55,0
62,8,0,0,48,0
43,9,0,0,40,1
38,14,15024,0,2,1
48,13,0,0,60,0
19,10,0,0,25,0
33,13,0,1902,45,1
31,13,0,0,46,0
36,9,0,0,40,0
26,9,0,0,52,1
35,9,0,0,40,0
59,4,0,0,40,0
30,10,0,0,68,0
38,14,0,0,50,1
67,13,6514,0,7,1
41,13,15024,0,60,1
26,10,0,0,50,0
42,10,0,0,40,0
21,10,2105,0,20,0
44,12,7688,0,40,1
40,14,0,0,50,1
21,11,0,0,40,0
22,13,0,0,16,0
62,14,0,0,40,1
47,13,0,0,45,1
69,10,0,0,14,0
39,10,0,0,40,0
24,6,0,0,40,0
41,9,0,0,40,0
43,13,0,0,45,1
41,9,0,0,40,0
22,7,0,0,30,0
57,9,0,0,36,0
28,4,0,0,40,0
22,10,0,0,35,0
24,9,0,1762,32,0
30,13,0,0,40,1
40,9,0,0,40,1
40,10,0,0,8,0
32,6,0,0,23,0
52,13,0,0,50,1
21,10,0,0,15,0
23,13,0,0,40,0
40,9,0,0,40,0
35,13,0,0,60,1
67,2,2062,0,34,0
67,6,0,0,40,0
19,9,0,0,40,0
26,13,0,0,48,1
44,12,0,0,40,0
26,13,0,0,40,0
48,9,0,0,40,0
69,9,2538,0,40,0
48,9,0,0,60,1
37,10,0,0,40,0
24,13,0,0,40,0
39,10,0,0,40,0
17,8,0,0,7,0
22,10,0,0,32,0
33,9,0,0,40,0
61,2,3942,0,20,0
23,9,0,0,48,0
60,14,0,0,50,1
35,9,0,0,40,0
47,9,0,0,40,0
52,9,7298,0,40,1
47,7,0,0,40,0
28,14,0,0,50,0
68,9,0,0,25,0
37,9,0,0,40,0
33,13,0,0,40,0
48,10,3103,0,40,1
72,9,2290,0,10,0
28,10,0,0,40,0
39,13,0,0,40,1
44,15,15024,0,75,1
24,10,0,0,40,0
41,13,0,1876,40,0
46,12,0,0,50,0
21,9,0,0,40,0
29,15,0,0,70,0
22,9,0,0,20,0
50,10,0,0,40,1
23,9,0,0,40,0
19,9,0,0,40,0
24,13,0,0,40,0
39,10,0,0,40,1
47,11,5013,0,40,0
59,5,0,0,40,0
28,10,0,0,40,0
24,13,0,0,40,0
46,10,0,0,44,0
56,9,0,0,35,1
71,5,0,0,40,0
30,9,0,0,40,0
38,9,0,0,45,0
17,7,0,0,10,0
33,13,0,0,40,0
63,13,0,0,40,0
35,9,3137,0,40,0
29,9,0,0,25,0
43,13,0,0,40,0
35,9,0,0,40,0
47,13,0,0,50,0
26,13,0,0,40,0
44,13,0,0,35,1
32,7,0,0,49,0
38,10,0,0,40,0
28,9,0,0,40,0
19,10,0,0,18,0
17,8,0,1721,25,0
33,10,0,0,35,0
49,10,0,0,40,1
48,13,0,0,45,1
53,9,0,0,46,1
30,15,0,0,60,1
54,10,0,0,56,1
20,9,0,0,40,0
51,9,0,0,70,1
46,12,0,0,40,0
52,13,0,1887,40,1
60,10,0,0,40,0
30,13,0,1902,55,1
31,9,0,0,40,0
26,10,0,0,40,0
52,10,0,0,50,0
30,13,7688,0,50,1
26,9,0,0,40,0
18,7,0,1602,20,0
22,6,0,0,40,0
32,9,0,0,40,0
23,9,0,0,40,0
51,10,0,0,50,0
54,2,0,0,40,0
25,13,0,0,35,0
36,9,0,0,40,0
45,14,0,0,50,0
34,13,0,0,45,0
39,13,0,0,35,0
42,4,0,0,50,0
58,11,0,0,42,0
49,12,0,0,40,1
45,11,0,0,60,0
31,13,0,0,45,0
21,8,0,0,40,0
33,10,0,0,40,0
17,7,0,0,15,0
40,13,0,0,40,0
42,10,0,0,40,0
40,9,0,0,40,0
33,13,0,0,40,1
63,14,0,0,68,1
44,9,0,0,40,0
20,5,0,0,40,0
32,9,0,0,40,1
52,10,3137,0,42,0
33,13,914,0,40,0
28,9,0,0,50,0
19,2,0,0,52,0
33,5,0,0,40,0
34,13,0,0,40,0
41,10,0,0,50,1
27,10,0,0,48,0
30,12,0,0,40,0
17,6,0,0,10,0
52,10,0,0,40,1
28,9,0,0,50,0
20,10,0,0,40,0
26,10,0,0,40,0
18,7,0,0,8,0
36,14,0,0,40,0
40,10,0,0,40,0
26,9,0,0,40,0
20,10,0,0,40,0
22,10,0,0,40,0
37,10,0,0,48,0
28,9,0,0,40,0
22,6,0,0,40,0
44,9,0,0,40,0
47,9,0,0,40,1
17,7,0,0,25,0
35,9,0,0,40,0
22,13,0,0,40,0
43,9,0,1902,40,1
53,2,0,0,32,0
48,15,0,1977,40,1
22,5,0,0,40,0
46,9,0,0,40,0
55,8,0,0,40,0
55,9,2407,0,35,0
37,12,0,0,40,1
26,9,0,0,40,0
45,13,0,0,40,1
54,9,0,0,40,0
20,6,0,0,36,0
37,12,0,0,40,1
43,14,0,0,60,1
33,15,0,0,40,1
54,9,0,0,40,0
25,10,0,0,40,0
32,7,0,0,40,0
45,13,0,0,50,1
36,6,0,0,34,0
36,10,0,0,40,0
43,11,0,0,99,0
58,4,0,0,40,0
38,13,4064,0,40,0
31,9,0,0,60,0
55,13,0,0,55,1
20,10,0,0,10,0
36,3,0,0,50,1
29,9,0,0,70,0
49,9,594,0,10,0
55,14,914,0,50,0
25,9,4101,0,60,0
22,11,0,0,30,0
44,10,0,0,40,0
24,10,0,0,40,0
24,9,0,0,40,0
57,13,0,0,55,1
37,12,0,1977,45,1
39,9,0,0,65,0
49,14,0,0,40,0
66,9,0,0,50,0
32,13,0,1590,42,0
26,10,2829,0,40,0
42,10,0,0,40,0
42,9,0,0,40,0
47,12,0,1740,40,0
40,13,0,0,40,1
26,9,0,0,40,0
20,10,0,0,30,0
23,10,0,0,40,0
64,4,0,0,20,0
17,7,0,0,15,0
26,9,0,0,50,0
27,12,0,0,45,1
38,9,0,0,40,0
28,9,0,0,40,0
36,9,0,0,17,0
72,9,0,0,8,0
19,10,0,0,30,0
49,13,0,0,52,1
43,10,0,0,36,0
28,10,10520,0,40,1
39,10,0,0,40,0
29,12,0,0,40,0
55,9,0,0,20,0
62,9,0,0,38,0
43,10,7298,0,40,1
23,9,0,0,40,0
27,9,0,0,30,0
28,6,0,0,40,0
32,9,0,0,40,0
50,7,0,0,40,0
48,11,7688,0,40,1
40,10,0,0,40,0
30,14,0,0,20,0
17,7,1055,0,20,0
37,9,0,0,40,0
42,10,0,0,40,1
35,10,0,0,60,0
36,9,0,0,40,0
28,4,0,0,50,0
32,9,0,0,40,0
29,9,0,0,40,0
68,9,0,0,50,1
44,4,0,0,35,0
41,11,0,0,40,1
20,8,0,0,35,0
27,13,0,0,35,1
50,12,0,0,40,1
33,6,0,0,25,0
22,10,0,0,35,0
25,14,4650,0,37,0
26,11,0,2002,40,0
35,4,0,0,40,0
25,9,0,0,40,0
28,9,0,0,60,0
36,10,0,0,40,1
33,9,7298,0,45,1
28,10,0,0,40,0
27,13,0,0,50,0
26,11,0,0,45,0
37,13,0,0,40,1
25,10,0,0,40,0
41,13,7688,0,40,1
20,9,0,0,15,0
46,13,0,0,45,1
42,13,0,0,40,1
49,10,0,0,40,0
49,16,0,0,45,1
43,15,0,1977,40,1
25,9,0,0,40,0
59,9,0,0,40,1
29,16,0,0,50,1
37,6,0,0,35,0
27,13,0,0,25,0
40,13,0,0,40,1
30,11,0,0,35,0
44,9,0,0,40,0
41,13,0,0,40,0
34,9,0,0,40,0
37,9,0,0,86,0
49,10,0,0,50,0
45,10,0,0,72,0
36,9,0,0,40,0
45,13,0,0,40,1
42,4,0,0,25,0
36,13,0,0,40,1
37,10,0,0,40,0
53,9,0,0,35,0
29,9,0,0,40,0
44,13,0,0,5,0
45,11,0,0,8,0
22,9,0,0,50,0
24,13,0,0,40,0
18,9,0,0,20,0
42,12,0,0,50,1
62,11,0,0,40,0
41,9,0,1887,55,1
58,2,0,0,40,0
52,12,0,0,55,1
53,10,0,0,40,0
62,4,0,0,35,0
40,10,0,0,40,0
27,9,0,0,40,0
30,10,0,0,40,0
31,13,0,0,40,1
36,9,0,0,50,0
79,9,0,0,40,0
56,10,0,0,32,0
53,13,0,0,20,0
34,12,0,0,44,0
35,9,0,0,50,0
46,12,0,0,40,0
54,9,0,0,45,0
46,13,0,0,40,0
46,14,0,0,41,0
27,10,0,0,40,1
30,9,0,0,99,0
17,6,0,0,12,0
40,9,0,0,40,0
34,13,7298,0,54,1
41,9,0,0,40,1
39,9,0,0,50,0
44,6,0,0,70,0
52,2,0,0,50,0
65,10,0,0,35,1
41,10,5013,0,70,0
54,10,0,0,40,0
30,9,0,0,35,0
37,11,0,0,45,0
56,9,0,0,35,0
50,9,0,1977,35,1
51,14,0,0,30,1
33,9,0,0,45,0
37,11,4650,0,40,0
32,13,0,1902,40,1
35,7,0,0,20,0
59,4,0,0,40,0
26,13,0,0,24,0
34,10,0,0,40,1
19,9,0,0,45,0
44,9,0,0,30,0
36,9,0,0,60,1
33,16,0,0,60,0
43,11,0,0,40,1
35,4,0,0,75,0
34,9,0,0,40,0
22,13,0,0,55,0
24,9,0,0,25,0
46,11,0,0,40,0
47,14,15024,0,55,1
41,8,0,0,40,1
17,7,0,0,15,0
36,16,0,1887,50,1
30,13,0,0,40,0
26,13,0,0,25,0
35,9,0,0,50,0
62,9,0,0,40,0
44,9,0,0,40,1
52,3,0,0,50,0
64,9,0,0,40,0
53,10,0,0,40,0
30,9,0,0,50,0
59,13,0,0,40,1
66,9,0,1825,10,1
47,10,0,1485,47,0
75,6,0,0,70,0
27,14,0,0,40,0
28,15,0,0,60,0
30,9,0,0,40,0
33,12,0,0,40,0
59,10,0,0,40,0
41,9,0,0,60,0
29,9,0,0,60,0
19,9,0,0,40,0
38,15,0,0,40,1
63,10,0,0,45,1
25,10,0,0,25,0
58,14,0,0,35,1
46,10,0,0,48,1
37,10,0,0,40,0
18,9,0,0,25,0
56,9,0,0,40,0
49,10,0,0,40,0
38,7,0,0,32,0
55,9,0,0,50,1
65,6,0,0,28,0
32,11,0,0,55,1
60,15,0,2415,80,1
40,9,7688,0,50,1
54,9,0,2051,50,0
23,13,0,0,40,0
26,9,0,0,53,0
40,13,0,0,35,0
33,9,0,0,40,0
23,9,0,0,40,0
18,7,0,0,40,0
38,11,0,0,40,1
38,9,0,0,40,0
41,13,0,0,40,0
29,9,0,0,40,0
22,10,0,0,40,0
21,10,0,0,38,0
28,9,0,0,50,0
59,9,0,0,45,1
29,7,0,0,40,0
36,12,0,0,40,1
35,9,0,0,40,0
34,16,0,0,50,1
35,12,0,0,45,1
57,13,0,0,45,1
33,13,0,0,40,1
56,9,2885,0,45,0
45,10,0,0,48,0
20,2,0,0,30,0
58,13,0,0,40,0
34,9,0,0,40,1
27,9,2885,0,40,0
21,10,0,0,20,0
48,13,99999,0,50,1
41,13,0,0,55,0
42,9,0,0,40,0
52,10,0,0,40,0
41,9,0,0,40,0
36,9,0,0,40,0
46,9,0,0,40,0
29,11,0,0,60,1
26,3,0,0,40,0
23,11,0,0,15,0
49,10,0,0,40,1
38,9,0,0,40,0
52,9,0,0,48,0
49,14,0,0,40,1
20,8,0,0,10,0
32,10,0,0,65,0
36,14,0,0,40,1
29,10,0,0,60,0
28,9,0,0,40,0
25,5,0,0,45,0
29,10,0,0,40,0
26,9,0,0,40,0
32,13,0,0,40,0
29,13,0,0,40,0
31,5,0,0,40,0
27,10,0,0,36,0
70,9,2329,0,20,0
38,14,99999,0,65,1
25,13,0,0,40,0
51,10,0,0,70,0
56,13,0,0,40,1
42,13,0,0,40,1
35,15,0,0,50,1
72,9,0,0,30,0
34,10,0,0,38,0
29,11,0,0,48,0
43,9,0,0,40,0
34,9,0,0,10,0
32,10,0,1726,38,0
26,12,0,0,45,0
61,4,0,0,30,1
61,9,0,0,63,0
37,10,0,0,40,0
57,3,0,0,40,0
39,8,15024,0,70,1
19,10,0,0,20,0
19,9,0,0,20,0
29,9,0,0,42,0
52,9,3325,0,40,0
23,10,0,0,40,0
36,8,0,0,40,0
38,9,0,0,48,0
47,10,0,0,60,0
41,10,0,0,60,1
17,8,0,0,12,0
47,13,0,0,60,0
34,10,0,0,40,1
43,9,0,0,40,0
34,9,0,0,50,0
28,11,0,0,40,0
45,10,0,0,40,0
57,10,0,0,35,0
25,10,0,0,40,0
39,13,0,0,55,0
60,9,2597,0,40,0
34,12,0,0,40,0
23,10,0,0,35,0
24,12,0,0,37,0
43,9,0,0,45,0
48,9,0,0,40,0
51,11,0,0,50,1
24,10,0,1762,40,0
55,14,0,0,55,1
63,15,0,0,40,0
42,9,0,0,40,0
44,9,0,0,65,1
23,10,0,0,40,0
18,7,0,0,10,0
23,9,0,0,25,0
45,9,0,0,24,0
47,11,0,0,40,1
24,13,0,0,20,0
29,14,0,0,40,0
21,10,0,0,30,0
43,13,15024,0,50,1
29,11,0,0,50,0
25,9,0,0,40,0
17,7,0,0,25,0
24,9,0,0,40,0
31,9,0,0,40,0
50,4,0,0,40,0
39,9,0,0,40,1
23,9,0,0,40,0
18,10,0,0,25,0
34,10,0,0,40,0
62,9,0,0,16,0
35,9,0,0,40,0
36,10,0,0,45,0
21,10,0,0,40,0
60,14,0,0,40,0
32,10,0,0,40,0
30,10,0,0,40,0
31,7,0,0,40,0
46,10,0,0,50,0
33,10,0,0,40,1
25,2,0,0,40,0
22,10,0,0,12,0
39,5,0,0,35,0
21,10,0,0,8,0
49,9,0,0,40,0
44,11,0,0,40,0
61,11,0,0,40,1
33,10,0,0,45,0
41,10,2174,0,45,0
18,7,0,0,30,0
60,13,7298,0,60,1
18,8,0,0,20,0
31,9,0,0,51,0
25,9,0,0,40,0
20,9,0,0,40,0
34,9,0,0,60,1
25,6,2597,0,50,0
31,10,0,0,50,0
38,9,0,0,40,0
44,9,0,0,50,0
23,5,0,0,70,0
34,10,0,0,50,1
24,9,0,1579,50,0
55,9,0,0,40,0
20,10,0,0,30,0
35,13,0,0,60,0
36,13,0,0,40,0
32,9,0,0,40,0
45,3,0,0,40,1
57,13,0,0,40,1
62,11,0,0,40,0
37,10,0,0,40,1
32,10,0,0,60,0
54,10,0,1579,48,0
48,9,0,0,84,0
46,14,0,0,40,0
51,6,0,0,40,0
42,9,0,0,55,0
71,14,2050,0,20,0
20,9,0,0,40,0
60,9,2597,0,55,0
62,9,20051,0,72,1
51,14,99999,0,50,1
35,9,0,0,40,0
35,13,0,0,40,0
23,9,0,0,40,0
34,10,0,0,40,0
65,1,0,0,30,0
19,10,0,1602,40,0
30,16,5178,0,75,1
52,9,0,0,40,1
25,13,0,0,40,0
26,9,0,0,60,0
20,10,0,0,32,0
43,9,0,0,40,0
60,9,0,0,32,0
28,9,0,0,42,0
58,10,0,0,55,0
42,10,0,0,60,0
40,9,0,0,28,0
27,9,0,0,34,0
41,13,0,0,65,0
20,10,0,0,2,0
46,14,0,2392,50,1
27,15,0,0,40,0
37,11,0,0,32,0
25,10,0,0,40,0
50,10,0,0,50,0
61,10,0,0,40,0
21,9,0,0,33,0
36,7,13550,0,40,1
19,10,0,0,84,0
40,9,0,0,40,0
55,5,0,0,25,0
18,9,0,0,24,0
26,9,0,0,70,0
39,7,0,0,40,0
28,13,0,0,40,0
58,9,0,0,40,0
60,10,0,0,40,0
29,9,0,0,55,0
32,11,0,0,40,0
30,10,0,0,40,0
56,13,0,0,40,0
46,9,0,0,35,0
33,10,0,0,40,0
21,12,0,0,25,0
29,10,0,0,40,0
49,13,0,0,40,0
36,9,0,0,40,0
29,11,0,0,43,0
41,8,0,0,40,0
32,10,4386,0,50,0
41,14,0,0,40,1
57,9,0,0,30,0
39,16,0,0,45,0
26,9,0,0,20,0
27,9,0,0,40,0
46,9,0,0,30,0
60,13,0,0,50,1
29,13,0,0,40,0
43,10,0,0,50,0
43,9,0,0,38,0
20,7,0,0,15,0
33,9,0,0,40,0
53,16,0,0,40,1
42,9,0,0,45,0
39,9,0,0,40,1
22,10,0,0,48,0
45,10,0,0,40,0
26,9,0,0,40,0
55,9,2202,0,35,0
49,9,0,0,45,1
66,6,0,0,30,0
55,6,0,0,50,0
35,10,0,0,40,0
27,13,0,0,60,0
58,10,0,0,20,1
48,9,0,0,50,0
31,11,0,0,40,0
38,11,0,0,40,0
33,10,0,0,40,0
53,9,0,0,40,1
51,15,3325,0,40,0
27,12,0,0,40,0
41,2,0,0,40,0
51,9,0,0,40,0
26,9,0,0,40,0
65,9,0,0,40,0
48,10,0,0,40,0
64,10,0,0,40,0
51,9,0,0,40,1
46,13,15024,0,40,1
37,3,0,0,40,0
42,13,0,0,45,1
39,13,0,0,36,1
46,15,99999,0,60,1
34,12,0,2042,10,0
58,9,0,1902,40,0
17,7,0,0,30,0
38,15,99999,0,57,1
44,13,0,0,50,1
46,10,0,0,45,0
69,9,0,0,16,0
35,14,0,1887,40,1
52,9,0,0,40,0
36,14,0,0,50,1
43,9,0,0,40,0
46,13,3103,0,40,1
20,9,0,0,30,0
23,7,0,0,35,0
37,9,0,0,40,0
35,10,0,0,40,0
42,9,4386,0,48,1
60,5,2228,0,37,0
26,7,0,0,40,0
48,10,0,0,37,0
63,2,0,0,40,0
28,12,0,0,43,0
41,13,6497,0,40,0
30,10,0,0,35,0
31,11,0,0,45,0
23,12,0,0,40,0
39,9,0,0,72,1
26,9,0,0,40,0
42,13,7688,0,40,1
32,10,0,0,40,0
70,11,0,0,35,0
83,9,0,0,20,0
22,8,0,0,40,0
30,9,0,0,40,0
53,9,0,0,32,0
47,13,0,0,40,0
39,11,0,0,50,1
46,11,0,625,40,0
36,14,0,0,45,1
53,14,0,0,40,0
55,9,0,0,40,0
36,10,0,0,40,1
34,13,0,0,70,0
39,6,0,1590,40,0
43,12,0,0,60,0
51,9,0,0,80,1
30,9,0,0,44,0
28,13,0,0,20,0
17,6,0,0,30,0
32,9,0,0,40,0
62,15,0,0,15,1
45,10,0,0,40,0
57,9,0,0,40,0
31,13,0,1902,35,1
42,4,0,0,35,0
60,12,0,0,40,0
30,9,0,0,60,0
41,3,0,0,40,0
59,13,0,0,30,0
46,10,0,0,30,0
31,10,4386,0,50,1
32,9,0,0,60,0
20,6,0,0,40,0
19,10,0,0,18,0
49,9,7298,0,40,1
53,9,0,0,40,0
25,13,0,1590,60,0
21,9,0,0,40,0
32,9,0,0,40,0
43,9,0,0,40,1
49,10,0,0,60,0
22,10,99999,0,55,1
41,13,0,0,40,1
21,10,0,0,20,0
24,9,0,0,40,0
31,9,0,0,47,1
36,10,3456,0,8,0
46,9,0,1590,43,0
28,14,0,0,40,0
34,11,0,0,40,0
23,13,0,0,10,0
38,13,0,0,60,0
18,10,0,0,40,0
25,10,0,0,35,0
37,10,0,0,50,1
18,7,0,0,25,0
23,9,0,0,30,0
36,13,0,1977,35,1
28,5,0,0,40,0
50,13,0,0,40,0
24,13,0,0,30,0
34,10,0,0,12,1
26,9,0,0,40,0
56,13,0,0,38,0
43,13,0,1876,40,0
56,9,0,0,40,0
30,9,0,0,30,0
25,13,0,0,40,0
53,11,2202,0,40,0
56,12,0,0,40,0
65,11,0,0,20,0
29,4,0,0,40,0
36,9,0,0,40,1
36,9,7298,0,40,1
63,13,0,0,30,1
30,10,0,0,40,0
39,10,0,0,50,1
22,10,0,0,39,0
18,6,0,0,15,0
39,10,0,0,40,0
28,9,0,0,40,0
59,5,0,0,40,0
50,9,0,0,50,1
20,10,0,0,48,0
39,10,0,0,37,0
24,11,0,0,45,0
27,10,0,0,50,1
38,13,0,0,8,0
33,13,0,0,40,0
30,9,0,0,40,0
24,9,0,0,48,0
22,10,0,0,20,0
27,9,0,0,40,0
37,9,0,0,44,1
24,9,0,0,32,0
42,4,0,0,40,0
67,9,2329,0,15,0
32,14,0,0,40,0
21,8,0,0,25,0
27,13,0,0,25,0
40,10,0,0,40,0
30,10,3325,0,50,0
65,13,5556,0,48,1
27,11,0,0,50,0
45,13,0,0,40,1
37,15,0,0,39,1
28,9,0,0,40,0
25,9,0,0,26,1
55,9,0,0,40,1
36,9,0,0,40,0
77,4,0,0,20,1
23,10,0,0,15,0
20,10,0,0,28,0
23,10,0,0,25,0
24,9,0,0,30,0
42,15,0,1902,60,1
51,9,0,0,40,1
34,10,0,0,40,0
77,9,0,0,25,0
22,10,0,0,15,0
55,9,0,0,40,0
25,14,0,0,37,0
25,9,0,0,45,0
24,13,0,0,50,0
35,13,2977,0,45,0
53,13,0,0,40,0
37,8,0,0,40,0
33,10,0,0,40,0
20,9,0,0,35,0
37,12,0,0,40,0
42,10,0,0,72,1
32,13,0,0,60,1
35,9,5178,0,90,1
72,4,0,0,99,0
34,12,0,0,55,0
43,10,0,0,50,0
37,13,0,0,40,0
23,10,0,0,40,0
41,13,0,0,40,0
66,9,0,0,40,0
50,9,0,0,60,0
26,9,0,0,50,0
54,11,0,0,40,0
33,9,0,0,50,0
36,10,0,0,40,0
29,9,0,0,40,1
59,9,0,0,40,0
35,14,0,0,60,1
68,7,0,0,30,0
30,9,0,0,40,0
48,9,8614,0,40,1
39,5,0,0,50,0
30,13,0,0,40,0
44,12,0,0,40,1
73,6,0,0,4,0
22,10,0,0,15,0
30,13,0,0,40,1
75,9,0,0,35,1
57,14,15024,0,40,1
37,16,0,0,40,0
18,10,0,0,32,0
60,10,0,0,50,1
24,9,0,0,40,0
52,10,0,0,40,1
36,12,0,0,40,0
41,13,0,0,35,0
31,9,0,0,40,0
36,10,0,0,70,0
30,9,0,0,40,0
32,10,0,0,35,0
23,10,0,0,18,0
27,9,0,0,40,0
44,3,0,0,40,0
33,9,0,0,40,0
36,13,0,0,40,0
53,10,0,0,30,0
23,9,0,0,30,0
23,10,0,0,40,0
25,9,0,0,38,0
45,13,0,0,52,1
41,9,0,0,40,0
23,9,0,0,40,0
23,10,0,0,40,0
25,13,0,0,35,0
21,10,0,0,20,0
43,4,0,0,40,0
26,13,0,0,40,0
39,6,0,0,40,0
43,9,0,0,40,0
66,9,0,0,40,0
33,9,0,0,40,0
37,10,0,0,47,0
43,9,0,0,35,0
24,10,0,0,20,0
69,15,0,0,34,1
32,13,0,0,40,0
37,7,0,0,40,0
57,14,0,0,50,1
32,10,0,0,40,0
61,3,3411,0,45,0
41,9,0,0,40,0
40,12,0,0,40,0
46,9,0,0,45,1
21,9,0,0,40,0
47,10,0,0,50,1
51,13,15024,0,40,1
56,13,0,0,30,0
42,6,0,0,43,1
32,14,0,0,40,0
20,14,0,0,25,0
31,11,4386,0,40,1
40,9,0,0,60,1
28,6,0,0,40,0
39,4,0,0,40,0
29,9,0,0,40,0
64,12,0,1887,50,1
33,13,0,0,50,1
53,9,15024,0,40,1
23,13,0,0,30,0
23,10,0,0,40,0
25,10,2597,0,48,0
71,9,0,0,35,0
29,10,0,0,40,0
50,11,0,0,40,1
68,4,0,0,20,0
60,9,0,0,38,0
21,9,0,0,40,0
30,9,0,0,40,0
73,9,0,0,65,0
42,13,0,1902,40,1
37,13,0,1887,47,1
48,13,0,0,50,0
28,9,0,1876,40,0
47,10,0,0,40,1
43,13,0,0,37,1
18,7,0,0,70,0
24,10,0,0,40,0
50,2,0,0,40,0
60,10,0,0,15,0
45,13,0,0,40,1
66,10,0,0,24,0
20,10,0,0,20,0
23,9,0,0,48,0
19,10,0,0,45,0
68,9,3818,0,40,0
45,13,0,0,40,0
22,5,0,0,40,0
25,9,0,0,46,0
47,10,0,0,40,0
59,9,0,0,40,1
43,14,0,1887,45,1
20,10,0,0,40,0
48,9,0,0,89,0
62,9,0,0,32,0
39,14,0,0,50,1
25,7,0,0,40,0
22,9,0,0,20,0
40,11,0,0,60,0
35,9,0,0,40,0
52,8,0,0,40,0
49,10,0,0,43,0
60,13,0,2339,40,0
32,10,3887,0,40,0
27,9,0,0,50,0
30,9,0,0,40,0
30,9,0,0,40,0
56,10,0,0,15,0
46,13,0,0,52,0
51,10,0,0,50,1
33,10,0,0,50,0
43,13,7688,0,40,1
27,16,0,0,52,0
74,5,3471,0,40,0
53,10,0,0,40,1
47,10,0,0,60,0
46,13,0,0,38,0
36,7,0,0,40,0
22,10,0,0,30,0
36,14,0,1408,40,0
38,13,0,0,40,1
23,10,0,0,40,0
34,9,0,0,40,0
29,3,0,0,40,0
56,13,7688,0,40,1
45,9,0,0,40,0
59,11,7298,0,40,1
44,10,0,0,40,0
47,9,0,0,50,1
34,10,0,0,40,0
21,10,0,0,30,0
33,2,0,2603,32,0
46,13,7688,0,40,1
50,9,0,0,42,1
73,10,0,0,35,0
31,13,0,0,40,1
24,10,0,0,30,0
55,14,0,0,40,1
18,10,0,0,30,0
47,4,0,0,10,0
39,12,0,0,25,1
21,10,0,0,32,0
34,12,0,0,40,1
36,10,0,0,50,0
22,13,0,0,45,0
48,6,0,0,80,0
46,9,0,0,25,0
40,10,0,0,40,0
39,10,0,0,40,0
32,9,0,0,40,1
21,10,0,0,10,0
22,10,0,0,40,1
19,9,0,0,30,0
32,10,0,0,50,0
32,10,0,2205,40,0
42,6,99999,0,40,1
41,9,0,0,40,0
28,9,0,0,35,0
37,9,0,0,50,1
62,14,0,0,40,1
74,6,0,0,6,0
25,12,0,0,30,0
41,14,0,0,40,1
52,10,0,0,50,0
25,9,0,0,45,0
23,10,0,0,15,0
49,6,0,0,32,0
61,4,0,1651,40,0
23,10,0,0,30,0
26,7,0,0,50,0
34,7,0,0,25,0
39,14,0,0,40,1
25,9,0,0,37,0
39,10,0,0,40,0
58,6,5178,0,40,1
21,9,0,0,30,0
18,9,0,0,40,0
34,9,0,0,40,0
36,9,0,0,50,1
53,3,0,0,40,1
42,9,0,0,60,0
21,10,0,0,16,0
24,7,0,0,40,0
31,9,0,0,50,0
52,9,0,0,40,0
41,9,2174,0,40,0
41,6,0,0,40,0
31,4,0,0,20,0
39,9,2829,0,40,0
32,4,0,0,40,0
24,10,0,0,40,0
36,9,0,0,40,0
32,9,0,0,40,0
22,9,2597,0,40,0
43,14,0,0,45,1
27,13,0,0,40,0
43,12,0,0,38,0
33,9,0,1672,55,0
34,12,0,0,25,0
65,14,6514,0,35,1
33,10,0,0,40,0
41,14,0,0,35,0
29,2,0,0,40,0
35,9,5013,0,40,0
41,13,0,0,50,1
48,16,0,0,45,1
55,9,0,0,40,0
50,7,0,0,40,0
62,9,0,0,32,0
21,9,0,0,42,0
32,9,0,0,40,0
63,12,0,0,35,0
30,13,0,0,40,0
45,13,7298,0,40,1
43,16,0,0,40,1
22,10,0,0,30,0
44,9,0,0,40,0
22,12,0,0,25,0
36,9,0,0,40,0
56,9,0,0,30,0
62,14,0,0,30,1
22,12,0,0,20,0
25,10,0,0,40,0
36,14,0,0,50,0
60,4,0,0,40,0
23,9,0,0,40,0
17,6,0,0,15,0
20,6,0,0,40,0
38,14,0,0,40,1
35,4,0,0,40,0
69,13,3818,0,30,0
54,6,0,0,45,0
48,13,0,0,45,1
23,6,0,0,40,0
33,9,0,0,40,0
59,6,0,0,40,0
45,13,14084,0,45,1
41,12,0,0,40,0
43,10,0,0,40,0
48,9,0,0,40,0
20,10,0,0,40,0
26,1,0,1719,40,0
53,9,0,0,40,1
46,7,0,0,45,1
37,10,0,0,60,1
27,10,0,0,40,1
36,9,3103,0,40,1
19,9,0,0,20,0
70,9,0,0,32,0
47,10,0,0,75,1
26,9,0,0,30,0
17,7,0,0,30,0
29,10,0,0,40,0
24,10,0,0,40,0
41,9,0,0,40,0
38,13,0,0,35,0
76,10,0,0,40,0
26,13,0,0,40,0
22,13,0,0,20,0
26,9,0,0,40,0
39,14,0,0,43,0
23,9,0,0,40,0
21,10,0,0,20,0
38,10,0,0,40,0
26,9,0,0,55,0
61,9,0,0,40,1
46,15,0,2415,80,1
50,9,7298,0,40,1
45,14,0,0,35,0
35,9,7298,0,60,1
27,9,0,0,38,0
27,7,0,0,40,0
40,13,0,0,35,0
38,9,0,0,60,0
51,12,0,0,38,1
44,13,0,0,55,1
32,10,0,0,50,0
31,9,3325,0,40,0
51,10,0,0,40,1
48,9,0,0,40,1
54,9,0,0,40,0
53,6,0,0,40,0
19,9,0,0,30,0
43,3,0,0,40,0
57,9,0,0,45,0
46,9,0,0,40,0
17,7,0,0,20,0
19,10,0,0,25,0
19,10,0,0,15,0
64,10,0,0,12,0
22,9,0,0,40,0
44,14,0,0,40,0
61,10,0,0,20,0
20,9,0,0,40,0
42,9,0,0,40,0
71,16,0,0,10,1
36,9,0,0,40,0
24,13,0,0,40,0
27,9,0,0,40,0
40,10,0,0,40,0
32,9,0,0,30,0
32,10,0,0,16,0
64,7,0,0,40,0
47,10,0,0,40,0
52,10,0,0,40,0
49,7,0,0,40,0
46,14,0,1977,50,1
46,10,0,0,40,0
70,13,0,0,6,0
31,10,0,0,40,0
31,12,0,0,40,0
48,11,0,0,40,0
24,13,0,0,20,0
47,13,0,0,60,1
33,9,0,0,40,0
20,10,0,0,35,0
26,9,0,0,45,0
35,3,0,0,40,0
23,13,0,0,40,0
21,9,0,0,40,0
56,9,0,0,4,0
18,8,0,0,25,0
31,9,0,0,40,0
62,14,0,0,50,0
69,9,0,0,35,0
42,11,0,0,40,0
34,7,0,0,40,0
39,13,0,0,60,0
54,16,15024,0,45,1
55,9,0,2001,40,0
21,10,0,0,40,0
52,12,0,0,32,0
24,3,0,0,40,0
57,9,0,0,26,0
20,9,0,0,40,0
39,13,3103,0,48,1
35,9,0,0,40,1
24,10,0,0,40,0
75,9,0,0,30,0
66,2,0,0,30,0
27,13,0,0,40,1
32,9,0,0,40,0
20,9,0,2001,40,0
40,9,0,0,45,0
62,11,0,0,40,0
56,10,0,0,40,1
34,9,0,0,30,0
45,13,0,0,50,1
19,10,0,0,10,0
24,10,0,0,24,0
17,7,0,1602,12,0
17,5,0,0,40,0
21,9,0,0,40,0
48,15,15024,0,40,1
27,13,0,0,40,0
18,7,0,0,20,0
54,9,0,0,15,0
28,9,0,0,45,0
52,16,0,0,38,1
46,9,3103,0,52,1
42,9,0,2339,40,0
21,9,0,0,30,0
19,8,0,0,20,0
41,15,0,1977,60,1
28,9,0,0,50,0
37,10,0,0,40,1
17,7,0,0,12,0
46,12,0,0,40,0
37,9,0,1672,60,0
32,9,0,0,20,1
21,9,0,0,20,0
66,15,0,0,25,1
41,9,0,0,20,0
57,13,0,0,40,0
59,11,5178,0,50,1
20,10,0,0,10,0
34,14,0,0,40,0
57,9,0,0,40,0
42,12,0,0,50,0
30,13,0,0,40,0
28,9,0,0,60,0
40,9,0,0,25,0
38,13,0,0,10,0
38,4,0,0,40,0
37,9,0,0,40,0
60,10,7688,0,50,1
34,10,0,0,40,0
36,10,7298,0,40,1
38,9,0,0,36,0
41,10,0,0,40,1
43,10,0,0,40,0
32,12,0,880,36,0
26,13,0,0,80,1
52,9,14344,0,40,1
39,13,0,0,50,1
48,9,0,0,40,0
39,13,2174,0,40,0
25,9,0,0,25,0
31,9,0,0,55,0
22,9,0,0,60,0
47,9,0,0,70,0
34,9,0,0,45,0
60,4,0,0,40,0
34,9,0,0,40,0
46,13,0,0,60,1
23,10,0,0,25,0
40,10,0,0,50,1
31,13,0,0,40,1
30,11,5178,0,52,1
21,9,0,0,40,0
48,9,0,0,37,0
22,10,0,0,30,0
22,9,0,0,50,1
23,11,0,0,40,0
23,13,0,0,35,0
35,10,0,0,40,1
42,14,0,0,45,1
44,8,0,0,55,0
40,13,7688,0,40,1
25,9,0,0,40,0
22,7,0,0,35,0
40,12,0,0,40,1
62,9,0,0,40,0
48,6,0,0,40,0
39,9,0,0,60,1
28,10,0,0,50,1
87,9,0,0,2,0
69,9,0,0,20,0
35,9,0,0,40,0
75,9,2346,0,15,0
49,9,0,0,40,0
35,10,0,0,36,0
29,2,0,0,20,0
56,6,0,0,40,0
51,13,0,0,40,0
41,13,0,0,70,0
28,14,0,0,40,0
43,15,0,1977,70,1
31,13,0,0,50,0
24,10,0,0,17,0
33,10,0,0,45,0
30,13,0,0,40,0
53,14,0,0,50,1
57,9,0,0,50,1
62,10,0,0,40,0
22,10,0,0,40,0
73,10,3273,0,40,0
44,8,0,0,36,0
31,12,0,0,35,0
52,14,0,0,40,1
47,4,0,0,35,0
35,9,0,0,50,0
46,16,15024,0,60,1
34,9,0,1848,50,1
17,6,0,0,40,0
68,13,0,0,35,1
43,9,0,0,44,0
40,9,0,0,24,0
25,13,0,0,40,0
39,15,14084,0,35,1
30,9,0,0,40,0
25,13,27828,0,50,1
29,11,0,0,45,0
35,9,0,0,35,0
53,13,0,0,40,0
44,13,0,0,60,1
56,15,99999,0,40,1
28,13,0,0,40,0
47,9,0,0,75,1
33,13,0,0,50,1
51,9,0,0,40,0
34,10,0,0,25,0
48,12,0,0,40,0
56,14,0,0,40,0
34,9,2463,0,40,0
34,13,2463,0,50,0
38,9,0,0,60,0
24,5,0,0,20,0
31,14,0,0,6,0
33,4,0,0,40,0
31,5,0,0,25,0
41,10,0,0,91,0
36,10,0,1887,40,1
20,10,0,0,40,0
40,9,0,0,35,0
33,9,0,0,45,0
41,13,0,0,50,1
43,9,0,0,40,0
17,7,0,0,15,0
34,7,0,0,40,0
66,7,0,0,30,0
28,13,0,0,15,0
33,10,0,0,60,1
45,13,0,0,45,1
36,13,0,0,35,1
24,13,0,0,40,0
37,10,0,0,50,0
22,13,13550,0,55,1
30,10,0,0,40,0
49,9,0,0,40,0
30,9,0,0,40,1
61,5,0,0,65,0
37,9,0,0,40,1
32,9,0,0,52,0
19,10,0,1602,24,0
37,11,0,0,48,1
44,9,0,1977,45,1
44,14,0,0,55,0
32,9,0,0,36,0
23,10,0,0,44,0
46,3,0,0,45,0
44,12,0,0,40,0
38,10,0,2258,55,1
67,14,0,0,30,1
30,12,0,0,40,0
41,13,99999,0,60,1
65,10,0,0,40,0
35,9,0,1902,40,1
35,13,0,0,50,0
27,10,0,0,40,0
24,9,0,0,48,0
30,9,0,2001,42,0
49,10,0,0,50,1
68,10,0,0,20,0
28,14,0,0,50,0
31,9,0,0,30,0
45,10,0,0,40,1
33,9,0,0,40,0
35,10,0,0,36,0
41,12,0,0,40,0
46,9,3411,0,35,0
26,13,0,0,40,0
43,12,0,0,40,0
22,12,0,0,25,0
29,9,2174,0,50,0
34,9,0,0,40,0
47,11,0,0,40,1
37,9,0,0,40,0
40,9,0,0,40,0
56,13,7688,0,45,1
47,9,0,0,40,1
33,10,8614,0,40,1
17,7,0,0,20,0
50,10,0,0,45,1
32,15,15024,0,60,1
46,13,0,0,40,1
61,13,0,0,50,1
21,10,0,0,43,0
60,4,0,0,35,0
38,16,0,1887,50,1
40,13,4650,0,40,0
45,13,0,0,55,0
24,13,0,0,35,0
36,9,3137,0,40,0
32,16,0,0,40,1
22,10,0,0,40,0
39,10,0,0,40,0
35,9,0,0,46,0
24,9,0,0,40,0
27,9,0,0,62,0
45,14,0,0,50,0
29,13,0,0,40,0
61,13,0,0,40,0
23,10,0,0,30,0
33,9,0,0,40,1
67,6,0,0,20,0
31,2,0,0,40,0
53,10,0,0,15,0
42,10,0,0,40,0
53,16,0,0,40,1
47,11,0,0,40,0
25,10,0,0,40,0
28,9,0,0,40,0
31,13,7298,0,55,1
37,9,0,0,56,0
50,9,0,0,45,0
64,4,0,0,4,0
32,11,0,0,50,0
28,13,0,0,40,0
47,9,0,0,20,0
54,16,0,1977,43,1
37,10,0,0,40,1
63,3,0,0,3,0
36,10,0,0,40,0
25,9,0,0,35,0
65,13,0,0,20,0
46,10,3103,0,60,1
23,13,0,0,40,0
21,10,0,0,25,0
18,7,0,0,20,0
40,11,0,0,44,0
32,5,0,0,40,0
26,9,0,0,45,0
36,5,0,0,40,0
35,9,0,0,40,0
26,9,0,0,40,0
37,9,0,0,40,1
42,9,0,0,40,1
34,16,0,0,50,1
58,9,7688,0,40,1
70,9,0,0,60,0
43,9,0,0,40,0
55,9,0,0,40,1
49,9,0,0,60,0
35,10,0,0,60,0
24,13,0,0,10,0
44,13,0,0,40,0
30,9,0,0,29,0
46,10,0,0,40,1
20,9,0,0,40,0
19,10,0,0,15,0
28,7,0,0,50,0
37,11,3471,0,40,0
58,9,0,0,35,0
41,10,3942,0,40,0
63,13,7688,0,54,1
26,7,1055,0,32,0
47,13,0,0,45,0
32,9,0,0,40,0
43,10,0,0,40,0
43,9,0,0,40,0
37,12,0,0,45,1
33,9,0,0,60,0
51,9,0,0,40,0
49,14,0,0,40,1
46,10,0,0,40,0
62,4,0,0,40,0
51,1,0,0,40,0
46,9,0,1590,48,0
39,3,0,0,30,0
32,10,0,0,40,1
33,10,0,0,30,0
20,10,0,0,14,0
68,10,0,0,20,0
26,10,0,0,40,0
39,13,0,0,40,0
25,9,0,0,40,0
48,10,0,0,40,0
31,16,0,0,28,0
22,10,0,0,40,0
38,4,0,0,56,0
40,5,0,0,49,0
24,9,0,0,35,0
31,9,0,0,45,0
40,8,0,0,40,0
37,9,0,0,40,0
48,9,0,0,50,0
27,10,0,0,25,0
57,11,0,0,40,1
28,13,0,0,60,1
52,9,0,0,40,0
54,10,0,0,40,0
19,10,0,0,25,0
47,11,0,0,45,1
37,13,0,0,35,0
29,10,0,0,40,0
51,9,0,0,40,0
23,9,0,0,40,0
31,10,4650,0,40,0
77,4,0,0,30,0
58,10,0,0,55,0
25,10,0,0,40,1
46,9,0,0,40,0
41,13,0,0,40,1
49,13,0,0,40,0
39,9,3103,0,60,1
21,10,0,0,15,0
29,10,0,0,40,0
30,9,0,0,60,0
22,10,0,0,40,0
37,9,0,0,20,0
44,9,0,0,24,0
37,10,0,0,45,0
34,13,0,0,40,0
48,10,0,0,65,1
19,7,0,0,20,0
45,9,0,0,40,0
44,5,0,0,40,0
36,13,0,0,20,0
36,10,15024,0,60,1
73,9,3471,0,40,0
47,10,0,0,35,0
17,6,0,0,40,0
27,9,0,0,42,0
53,11,0,0,40,1
62,4,0,0,38,0
45,9,0,0,40,0
46,14,0,0,35,0
21,10,0,0,30,0
20,9,0,0,40,0
41,10,0,0,80,0
44,13,7688,0,40,1
47,13,0,0,40,1
41,9,5178,0,40,1
40,12,0,1848,55,1
34,9,0,0,40,0
39,9,0,0,42,0
47,9,0,0,38,0
28,10,0,0,40,0
43,14,0,0,40,0
39,9,0,0,50,1
24,12,0,0,2,0
32,7,0,0,40,0
34,10,0,0,72,0
49,9,0,0,40,1
23,13,0,0,43,0
18,9,0,0,20,0
32,9,0,0,40,1
27,14,0,0,20,0
19,10,0,0,40,0
62,9,0,0,15,0
24,10,0,0,30,0
20,7,0,0,40,0
20,10,0,0,20,0
63,9,4064,0,40,0
39,7,2635,0,37,0
69,6,0,0,40,0
32,10,0,0,40,0
58,13,0,0,99,0
38,9,0,0,35,0
38,10,5721,0,44,0
28,13,0,0,21,0
39,9,2176,0,40,0
56,13,0,0,50,0
25,14,0,0,40,0
51,9,0,0,38,0
34,10,3103,0,40,1
31,9,0,0,40,0
38,9,0,0,40,1
45,9,0,0,30,0
22,10,0,0,15,0
27,9,0,0,40,0
19,10,0,0,20,0
33,9,0,0,40,0
44,10,0,0,60,1
51,9,0,0,40,0
31,10,0,2051,40,0
28,13,0,0,50,1
20,10,0,0,35,0
35,11,0,0,20,1
42,12,0,0,24,0
23,9,0,0,40,0
23,6,0,0,40,0
49,10,0,0,40,0
21,9,0,0,40,0
60,4,0,0,20,0
24,11,0,0,20,0
52,16,0,0,40,1
32,9,0,0,40,0
53,9,0,0,70,0
38,13,0,0,24,0
20,10,0,0,40,0
40,8,0,0,40,1
40,9,0,0,40,1
44,12,0,0,40,1
47,4,0,0,40,0
43,13,0,0,40,1
29,10,0,0,45,0
47,10,0,0,40,0
73,9,0,0,25,0
34,13,0,0,30,0
44,9,0,0,43,0
45,13,0,0,32,0
69,9,0,0,8,0
30,10,0,0,50,1
46,10,0,0,40,0
58,9,0,0,40,0
50,9,0,0,40,0
21,9,0,0,40,0
50,9,0,0,40,0
35,14,0,0,45,1
32,10,0,0,37,0
29,9,0,0,40,0
49,16,0,0,60,0
28,13,0,0,40,0
50,13,99999,0,55,1
30,15,0,0,40,0
28,7,0,0,58,0
39,9,0,0,40,0
57,10,0,1672,45,0
41,13,0,0,40,1
47,9,5013,0,24,0
40,9,0,0,35,0
41,15,0,0,50,1
49,9,0,0,40,0
70,13,20051,0,35,1
49,10,0,0,40,0
17,7,0,0,20,0
64,7,0,0,40,0
66,9,0,0,8,0
45,13,0,1902,40,1
60,16,0,1902,40,1
50,11,0,0,40,1
47,15,99999,0,55,1
57,14,0,0,50,1
30,4,0,0,40,0
29,10,0,0,40,0
19,9,0,0,12,0
53,14,0,1977,55,1
23,9,0,0,40,0
61,9,0,0,40,0
30,9,0,0,40,0
25,13,0,0,35,0
42,11,0,0,40,0
35,9,0,0,40,0
34,9,0,0,50,0
62,10,0,0,45,0
36,9,0,0,37,0
61,15,0,0,50,1
44,9,0,0,70,0
37,10,0,0,30,0
22,10,0,0,48,0
36,16,0,0,40,0
68,3,0,0,12,0
27,9,0,0,52,0
20,10,594,0,20,0
40,13,0,0,40,1
37,9,0,0,45,0
58,9,0,0,15,0
39,10,0,0,40,0
58,9,0,0,36,0
37,13,0,0,36,1
55,13,0,0,50,1
52,9,0,0,55,1
28,9,2885,0,40,0
43,9,0,0,40,1
53,5,0,0,40,0
45,9,0,0,40,0
17,7,0,0,20,0
20,10,0,0,26,0
50,13,0,0,37,0
66,11,0,0,50,0
43,10,0,0,40,0
26,12,5178,0,40,1
43,13,0,0,40,0
61,13,0,0,24,0
37,10,0,0,40,1
28,13,0,0,50,0
23,13,0,0,40,0
61,13,0,0,55,0
31,9,0,0,40,0
36,10,0,1617,40,0
51,14,15024,0,50,1
46,13,4787,0,25,1
31,13,0,0,60,0
24,9,0,0,25,0
32,4,0,0,19,0
45,9,0,0,40,0
49,14,0,1977,40,1
34,13,1471,0,40,0
54,14,0,0,30,0
41,10,0,0,65,1
29,11,0,0,40,0
34,15,0,0,50,1
17,6,0,0,15,0
26,13,0,0,50,0
60,7,0,0,30,0
30,15,0,0,45,0
25,13,2174,0,40,0
58,4,2936,0,50,0
42,13,0,0,35,0
43,9,0,0,44,0
57,10,0,0,50,1
45,9,0,0,50,0
28,10,0,0,40,0
41,10,0,0,40,1
23,9,0,0,35,0
32,10,0,0,40,0
20,10,0,0,10,0
28,11,0,0,40,0
35,9,0,0,40,0
20,9,0,0,10,0
40,9,0,0,35,0
33,10,0,0,60,0
28,6,0,0,30,0
37,9,0,0,30,0
32,10,0,0,40,1
75,13,0,0,6,0
29,10,0,0,40,0
34,11,0,0,40,0
34,5,0,0,40,0
21,10,0,0,50,0
29,13,0,0,40,1
26,13,0,0,20,0
18,9,0,0,40,0
35,9,2885,0,40,0
54,13,0,0,70,1
40,12,0,1977,60,1
32,15,15024,0,50,1
38,10,0,0,40,1
52,9,0,0,40,0
29,9,0,0,48,0
52,8,0,0,40,1
28,4,0,0,30,0
53,13,0,0,21,1
25,4,0,0,40,0
64,12,0,0,40,1
34,9,0,0,40,0
59,6,0,0,40,0
29,15,99999,0,60,1
26,9,0,0,50,1
45,5,0,0,40,0
44,11,7298,0,51,1
24,5,0,0,40,0
19,10,0,0,30,0
54,4,0,0,40,0
21,10,0,0,25,0
37,9,0,0,46,1
46,13,0,0,45,1
39,11,0,0,40,0
30,6,0,0,40,0
23,13,0,0,60,0
28,10,2174,0,55,0
33,10,0,0,37,0
36,10,0,0,60,1
70,9,0,0,23,0
26,9,0,0,40,0
30,9,0,0,45,0
69,6,0,0,28,0
70,9,0,0,20,0
23,7,0,0,40,0
33,13,0,0,60,1
48,10,0,0,38,1
27,9,0,0,40,0
20,10,0,0,15,0
44,6,0,0,40,0
48,9,0,0,40,0
20,10,0,0,20,0
38,9,0,0,40,0
20,10,0,0,38,0
29,10,0,0,35,0
18,9,0,0,20,0
30,10,6849,0,40,0
34,10,4386,0,20,0
40,10,0,0,50,0
19,2,0,0,40,0
74,9,6767,0,6,0
49,5,0,0,40,0
33,4,0,0,40,0
31,13,0,0,40,1
60,9,0,0,40,1
36,14,7298,0,55,1
31,12,0,0,50,1
43,9,0,0,42,1
55,9,5178,0,72,1
30,13,0,0,72,1
44,8,0,0,60,0
42,13,0,0,60,0
20,9,0,0,30,0
34,10,0,0,40,0
67,4,0,0,40,0
51,10,0,0,60,0
18,9,0,0,60,0
30,9,0,0,40,0
51,9,0,0,45,0
46,9,4386,0,40,1
80,9,0,0,25,0
51,9,0,0,40,0
23,7,0,0,40,0
28,9,0,0,40,0
29,13,0,0,50,0
37,10,2174,0,40,0
54,10,0,0,40,1
45,5,0,0,40,0
37,10,0,0,40,0
30,13,0,1564,40,1
59,10,0,2179,40,0
34,10,0,0,6,0
34,9,0,0,40,0
33,9,0,0,45,0
27,9,0,0,40,0
37,7,3103,0,44,1
63,7,2176,0,30,0
54,10,0,0,55,0
43,9,0,0,45,0
17,7,0,0,30,0
30,9,0,0,45,0
70,11,0,0,24,1
36,9,0,0,40,0
59,9,0,0,40,0
22,10,0,0,25,0
35,9,0,0,80,0
55,9,0,0,38,0
55,9,0,1887,40,1
30,10,0,0,40,0
72,11,0,0,30,0
26,9,0,0,40,0
50,10,0,0,40,0
61,9,0,0,35,1
26,9,0,0,40,0
39,15,0,2415,99,1
42,10,0,0,40,0
38,9,0,0,45,0
55,13,0,0,55,0
29,12,0,0,45,0
26,9,0,0,40,0
60,10,0,0,40,1
47,10,0,0,40,1
44,10,0,1887,55,1
33,15,0,0,60,1
32,10,0,0,50,0
48,10,0,0,38,0
31,8,4650,0,50,0
71,9,0,0,40,0
66,9,0,0,35,0
39,13,0,0,40,0
33,3,0,0,40,0
53,9,0,0,40,0
35,13,0,0,40,0
36,10,0,0,92,0
21,10,0,0,25,0
42,4,0,0,30,0
44,14,10520,0,45,1
25,14,0,0,60,0
28,10,0,0,40,1
43,10,0,0,40,0
20,9,0,0,40,0
50,9,0,0,44,0
23,10,0,0,40,0
36,13,0,0,40,0
63,14,5013,0,40,0
34,9,0,0,40,1
48,9,0,0,40,0
37,9,0,0,40,0
39,13,0,0,40,0
28,8,0,0,40,0
45,13,0,0,48,0
27,13,0,0,50,0
50,9,0,0,35,0
31,9,0,0,40,0
21,9,0,0,40,0
44,11,0,0,50,1
29,9,0,0,97,0
42,16,0,0,40,1
41,13,0,0,60,1
49,9,0,0,56,0
44,10,0,0,40,0
34,9,0,0,24,0
46,9,0,0,40,0
33,4,0,0,40,0
54,13,7298,0,55,1
27,10,0,0,39,0
39,10,0,0,65,0
28,16,594,0,50,0
44,15,0,0,40,1
30,13,0,0,45,0
18,10,0,0,40,0
37,9,0,0,40,0
52,7,0,0,40,0
33,14,0,0,40,0
54,9,0,0,45,0
25,8,0,0,40,1
74,9,0,0,55,0
48,12,0,0,50,0
31,14,0,0,25,0
18,8,0,0,12,0
46,10,4386,0,38,1
46,9,0,0,45,0
36,9,0,0,35,0
38,9,0,0,30,0
34,13,0,0,40,0
63,14,0,0,40,1
27,12,0,0,40,0
58,9,0,0,40,0
52,9,0,0,40,1
19,9,0,1719,40,0
23,5,0,0,39,0
48,9,0,1579,40,0
20,10,0,0,25,0
69,3,1797,0,40,0
25,9,0,0,40,0
34,14,0,0,50,0
57,10,594,0,10,0
52,13,0,0,40,0
50,10,0,0,40,0
40,10,0,1485,40,0
36,10,0,0,50,0
22,3,0,0,40,0
55,9,0,0,29,0
27,3,0,0,40,0
28,6,0,155,40,0
30,13,0,0,40,1
24,9,0,0,40,0
19,10,0,0,40,0
25,8,0,0,40,0
46,9,0,0,40,1
27,12,0,0,40,0
49,9,0,0,40,1
37,7,0,0,40,0
39,10,0,0,50,0
32,9,0,0,40,0
58,13,27828,0,50,1
29,9,0,0,40,0
48,13,0,0,40,0
40,11,0,0,40,0
22,7,0,0,40,0
33,13,0,0,45,0
21,10,0,0,35,0
26,10,0,0,60,0
21,10,0,0,20,0
21,4,0,0,40,0
42,9,0,0,40,0
57,10,0,0,50,1
62,10,7298,0,40,1
45,10,0,0,55,1
67,7,0,419,3,0
34,9,0,0,40,0
37,10,0,0,50,1
41,10,4650,0,40,0
27,9,0,0,45,0
46,4,0,0,32,0
17,7,0,0,20,0
41,15,0,2415,40,1
23,13,0,0,40,0
32,13,15024,0,50,1
36,13,0,1902,45,1
21,9,0,0,40,0
72,14,2329,0,60,0
32,13,0,0,45,0
28,13,0,0,40,0
32,13,0,0,40,0
51,13,0,0,40,0
48,13,0,0,47,0
42,16,0,0,40,1
55,13,0,0,18,1
64,9,0,0,40,1
43,10,0,0,40,0
35,13,0,0,20,0
26,13,0,0,18,0
24,1,0,0,36,0
44,10,5178,0,60,1
62,9,0,0,32,0
28,13,0,0,50,1
55,7,0,0,20,0
30,11,0,0,40,0
47,16,0,0,50,0
19,10,0,0,25,0
58,3,0,0,40,0
30,10,0,0,45,0
45,9,0,0,40,0
71,13,0,0,6,0
27,9,0,0,40,0
30,13,0,0,40,0
24,13,0,0,25,0
41,9,0,0,40,0
32,10,5178,0,50,1
17,6,0,0,20,0
64,8,0,0,24,0
58,9,0,0,40,0
17,7,0,0,25,0
45,15,25236,0,36,1
26,10,3103,0,40,1
39,9,0,0,50,0
36,9,0,0,40,0
52,8,0,0,40,0
37,9,0,0,40,0
63,9,0,0,16,0
50,4,0,0,40,0
20,9,0,0,40,0
56,6,0,0,40,0
19,10,0,0,40,0
56,9,0,0,32,0
46,9,5013,0,50,0
51,13,0,0,40,0
28,12,0,0,60,0
35,10,0,0,40,0
27,9,0,0,1,0
47,13,0,0,70,1
37,7,0,0,60,1
45,9,0,0,40,0
41,9,0,0,50,0
22,11,0,0,30,0
29,9,0,0,40,0
71,15,0,0,28,0
33,10,0,0,70,1
56,6,0,0,36,0
43,10,4064,0,38,0
35,13,0,0,48,1
51,13,0,0,40,1
28,6,0,0,40,0
31,9,0,0,40,0
38,6,0,1887,40,1
50,13,0,0,40,0
62,10,0,0,40,0
68,2,0,0,20,0
44,9,0,0,50,1
52,11,0,0,40,1
24,13,0,0,40,0
44,10,0,0,38,0
62,10,0,0,1,0
23,13,0,0,38,0
73,9,0,0,20,0
32,4,0,0,40,0
23,10,0,0,40,0
25,10,0,0,40,0
39,7,0,0,30,0
34,11,0,0,40,0
45,10,0,0,50,1
23,13,0,0,66,0
25,13,0,0,55,1
20,7,0,0,40,0
51,9,0,0,50,0
66,4,0,0,40,1
25,10,0,0,40,0
49,16,0,0,50,1
30,10,0,0,50,0
26,9,0,0,40,0
21,10,0,0,40,0
48,13,0,0,40,1
63,13,0,0,21,0
73,13,0,2246,40,1
36,13,0,0,30,0
52,10,0,0,60,0
33,9,0,0,40,0
20,9,0,0,40,0
26,14,0,0,20,0
23,9,3908,0,40,0
38,10,0,0,40,0
29,9,0,0,50,0
54,16,0,1902,50,1
34,9,0,0,70,0
37,9,0,0,40,1
33,9,0,0,35,0
34,13,0,0,55,1
30,9,0,0,40,0
35,9,0,0,40,0
20,9,0,0,40,0
32,11,0,0,40,0
17,7,0,0,5,0
23,10,0,0,35,0
30,14,0,0,50,1
62,5,1055,0,22,0
23,11,0,0,55,1
58,9,0,0,25,0
43,13,0,0,45,0
42,13,0,0,55,0
34,10,0,0,40,0
23,11,0,0,30,0
43,4,4508,0,40,0
47,10,0,1887,40,1
48,9,0,0,40,1
25,10,0,0,40,0
28,9,0,0,40,0
25,10,2174,0,50,0
56,10,0,0,45,0
38,10,0,0,40,0
54,10,0,0,54,1
34,11,4386,0,50,1
64,13,0,0,50,1
19,10,0,0,35,0
47,9,0,0,40,1
77,15,0,0,40,0
36,9,0,0,45,0
68,9,0,0,45,0
52,7,0,0,40,0
17,6,0,0,20,0
39,10,0,0,40,0
34,9,0,0,44,0
28,9,0,0,40,0
22,3,0,0,35,0
41,10,0,0,40,1
45,8,0,0,35,0
60,10,0,0,47,0
38,3,0,0,40,0
59,9,0,0,38,0
28,10,0,0,40,0
39,13,0,0,40,0
42,9,0,0,48,0
37,9,0,0,45,0
53,5,0,0,36,0
26,6,0,0,40,0
38,12,0,0,16,0
36,14,0,0,45,1
45,9,0,0,40,0
49,11,0,0,40,0
42,9,0,0,50,0
17,5,0,0,26,0
39,9,0,0,40,0
31,10,0,0,40,0
38,9,0,0,40,0
40,14,15024,0,24,1
22,11,0,0,40,0
42,9,0,0,40,0
26,10,0,0,40,0
36,9,0,0,30,0
21,10,0,0,45,0
43,13,0,0,40,0
52,9,0,0,8,0
51,13,0,0,35,0
39,12,0,0,50,1
28,13,0,0,25,0
49,10,0,0,44,1
17,6,0,0,40,0
44,9,0,0,40,1
29,13,0,0,40,0
35,5,0,0,50,0
47,9,0,0,40,0
45,14,0,0,40,1
39,13,0,0,30,1
61,10,0,1672,40,0
30,10,0,0,45,0
35,11,0,0,40,0
36,12,0,0,40,0
54,13,27828,0,50,1
27,11,0,0,40,0
26,9,0,0,50,0
34,10,0,0,50,0
40,9,0,0,40,0
31,13,0,0,40,0
17,7,0,0,20,0
53,9,0,0,60,1
24,3,0,0,40,0
30,10,0,0,40,0
49,13,0,0,45,0
48,12,0,0,45,0
49,7,0,0,38,0
27,7,0,0,42,0
29,10,0,0,36,0
36,9,0,0,30,0
46,9,0,0,40,0
45,14,0,0,40,1
65,10,0,0,24,0
58,10,0,0,20,0
34,9,0,0,25,0
22,9,0,0,50,0
68,4,0,0,30,0
50,15,0,0,40,1
43,10,0,0,40,0
38,10,0,0,40,0
40,14,0,0,40,1
19,9,0,0,30,0
29,13,0,0,25,1
24,13,0,0,30,0
28,13,0,0,40,0
21,7,0,0,50,0
27,11,0,0,40,0
42,14,0,0,40,0
23,9,0,0,40,0
34,10,0,0,48,1
45,10,7298,0,50,1
31,9,0,0,50,1
20,10,0,0,10,0
24,13,0,0,40,0
49,13,0,0,60,1
43,13,0,0,40,1
31,13,0,0,50,0
34,9,0,0,20,0
30,9,0,0,40,0
41,13,0,0,60,0
21,9,0,0,30,0
23,13,0,0,25,0
18,8,0,0,30,0
57,7,0,0,15,0
49,5,0,0,40,0
46,11,0,0,60,0
53,14,4386,0,40,1
34,10,0,1902,38,1
30,13,0,0,42,1
37,9,0,0,75,0
28,13,15024,0,28,1
50,9,0,0,40,0
31,13,0,0,70,0
20,7,0,0,60,0
46,14,0,323,45,0
53,13,0,0,50,0
24,10,3325,0,52,0
38,5,0,0,40,0
31,13,0,0,43,1
31,10,0,0,40,0
44,15,0,0,50,1
33,13,0,0,50,0
35,8,0,0,40,0
27,13,0,0,45,0
61,9,0,0,20,1
51,4,0,0,40,0
36,9,0,0,25,0
64,9,0,0,40,1
18,9,0,0,20,0
36,3,0,0,40,0
49,4,0,0,40,0
47,15,27828,0,50,1
22,13,0,0,15,0
26,10,0,0,40,0
54,10,0,0,40,0
28,10,0,0,40,0
57,10,0,0,48,0
34,10,0,0,45,0
40,10,0,0,8,0
36,9,0,0,60,0
52,9,0,0,36,0
52,4,0,0,40,0
33,4,0,0,45,0
27,12,0,0,40,1
43,13,0,0,60,0
51,8,0,0,40,0
27,13,0,0,40,0
38,11,0,0,42,0
33,10,0,0,40,0
25,13,0,0,24,0
52,16,0,1887,70,1
18,9,0,0,22,0
24,1,0,0,30,0
44,14,0,0,50,1
57,11,0,0,40,1
22,6,0,0,40,0
28,10,0,0,40,0
19,9,0,0,40,0
70,9,0,0,28,0
44,7,0,0,40,1
41,15,0,0,50,1
35,9,0,0,50,1
47,13,0,0,50,1
58,13,0,0,40,0
63,13,0,1848,40,1
30,9,0,0,40,0
25,9,0,0,30,0
31,14,0,0,90,1
34,9,0,0,40,0
66,13,0,0,12,0
40,9,0,0,30,0
43,9,4650,0,40,0
31,4,0,0,40,0
62,13,3103,0,40,1
45,13,0,0,40,1
33,9,0,0,48,0
28,9,0,0,40,0
42,10,0,0,40,0
63,9,0,0,48,0
31,9,2174,0,40,0
32,6,0,0,45,0
23,10,1055,0,20,0
47,12,10520,0,45,1
43,9,0,0,40,0
52,1,0,0,40,0
44,15,0,0,32,1
44,11,0,0,40,1
24,10,0,0,45,0
65,9,0,0,40,0
24,10,0,0,40,0
69,9,0,0,36,0
42,4,0,0,30,0
56,10,0,0,50,1
43,10,0,0,50,1
39,10,0,0,30,0
31,8,0,0,32,0
23,13,0,0,40,0
42,9,0,0,55,0
72,10,0,0,40,0
24,7,0,0,35,0
29,9,0,0,40,0
27,14,0,0,40,0
28,9,0,0,48,0
24,9,0,0,40,0
27,13,0,0,45,0
47,14,0,0,40,0
30,5,0,0,40,0
52,10,0,0,55,0
51,9,0,0,40,0
30,9,0,0,40,0
66,3,0,0,15,0
42,10,0,0,40,0
29,13,0,0,40,0
41,9,0,0,40,0
27,9,3325,0,40,0
41,2,0,0,35,0
56,9,0,0,28,0
30,13,0,0,40,1
26,9,0,0,40,0
49,9,0,653,60,0
49,14,0,1977,45,1
21,10,0,0,10,0
35,10,0,0,40,0
44,13,0,0,45,0
32,9,0,0,35,0
46,9,0,0,75,1
43,10,0,0,40,0
27,9,0,0,40,0
50,9,0,0,32,0
37,13,0,0,5,1
45,13,0,0,40,0
50,3,0,0,40,0
68,9,0,0,15,0
17,6,0,0,30,0
40,9,0,0,25,0
41,9,0,0,55,0
60,10,0,0,24,0
23,10,0,0,20,0
43,5,0,0,40,0
39,14,0,1974,40,0
25,10,0,0,42,0
33,13,10520,0,45,1
27,9,0,0,80,1
24,13,3674,0,40,0
20,10,594,0,35,0
34,9,0,0,40,1
37,11,0,0,40,1
55,9,0,0,50,1
35,13,0,0,40,0
52,14,15024,0,40,1
29,9,0,0,50,1
53,9,0,0,33,0
38,9,0,0,40,0
69,9,0,0,40,1
38,10,0,0,40,0
19,9,0,0,50,0
47,6,0,0,45,0
36,14,0,0,60,1
45,10,0,0,40,1
20,6,0,0,40,0
26,6,0,0,55,0
50,4,0,0,40,0
25,10,0,0,30,0
18,9,0,0,24,0
35,13,0,0,40,1
54,9,0,0,40,0
55,9,0,0,40,0
48,9,0,0,40,1
48,14,9562,0,40,1
78,3,0,0,36,0
31,10,0,0,40,0
34,11,0,0,40,0
39,13,0,0,35,1
57,9,0,0,40,0
28,10,0,0,40,0
42,9,0,0,40,0
29,10,0,0,40,0
34,10,0,0,17,0
27,3,0,0,48,0
28,10,0,0,40,0
44,10,0,0,45,1
51,14,0,0,60,0
38,4,0,0,45,0
47,9,0,0,50,1
31,9,0,1848,40,1
56,7,0,0,40,0
24,13,0,0,50,0
26,9,0,0,40,0
35,13,0,0,40,1
53,9,0,0,40,0
48,10,0,0,50,1
36,10,0,0,50,1
36,12,0,1669,45,0
32,10,0,0,30,0
37,10,0,0,42,1
47,2,0,0,12,0
43,13,0,0,45,0
40,15,0,2339,35,0
23,6,0,0,40,0
58,13,0,0,40,1
26,9,0,0,40,0
46,13,0,0,50,1
42,5,0,0,40,0
25,11,0,0,36,0
32,9,0,0,40,0
23,9,0,0,12,0
23,10,0,0,40,0
40,11,0,0,40,1
41,13,0,0,40,1
21,10,0,0,25,0
58,9,0,0,40,0
52,6,4064,0,45,0
35,9,0,0,50,0
36,14,0,0,40,0
27,10,0,0,16,0
44,10,0,0,45,1
44,14,0,0,60,1
33,9,0,0,40,1
26,9,0,0,42,0
32,13,0,0,40,0
25,9,0,0,36,0
27,13,0,0,40,0
50,9,0,0,40,0
26,6,0,0,40,0
39,13,0,0,40,0
70,10,0,0,4,1
67,13,6360,0,35,0
75,16,0,0,40,0
55,5,0,0,45,0
39,10,0,0,40,0
18,7,0,0,25,0
50,12,0,0,40,0
37,10,0,0,42,1
28,9,0,0,50,0
32,10,0,1876,60,0
29,7,0,0,40,0
65,9,0,0,15,0
42,13,0,0,70,0
35,10,0,0,60,0
44,9,0,0,25,0
35,7,0,0,84,0
41,13,0,0,40,0
36,12,0,0,40,0
44,13,0,0,40,0
33,9,0,0,60,0
20,7,0,0,40,0
32,9,3887,0,40,0
28,9,0,0,40,0
34,9,0,0,50,0
42,9,0,0,42,0
31,9,0,0,38,0
46,13,3103,0,40,1
46,12,0,0,40,0
18,7,0,0,16,0
28,11,0,0,40,0
41,9,0,0,40,0
30,9,0,0,40,0
40,9,0,0,40,0
29,10,0,0,40,0
29,11,0,0,42,1
61,5,0,0,40,1
25,13,0,0,40,0
26,9,0,0,40,0
56,9,0,0,40,0
21,9,0,0,24,0
29,9,0,0,45,0
34,13,0,0,40,1
39,9,0,0,50,1
31,11,0,0,32,0
52,4,0,0,40,0
42,16,0,1902,50,1
44,9,0,0,50,1
28,12,0,1980,40,0
24,13,0,0,40,0
71,10,20051,0,50,1
36,14,0,0,45,1
28,10,4064,0,25,0
43,10,0,1902,15,1
35,9,0,0,40,0
32,10,0,0,38,0
20,10,0,0,40,0
50,13,0,0,60,0
70,11,9386,0,50,1
44,5,0,0,40,0
20,10,0,0,40,0
50,9,0,0,50,0
51,9,0,0,60,0
48,16,0,0,65,1
18,9,0,0,40,0
34,13,0,0,40,0
45,10,0,0,40,1
26,9,0,0,45,0
29,11,0,0,50,0
39,13,0,0,40,0
32,14,0,0,40,1
25,13,0,0,40,0
34,14,0,1902,50,1
51,13,0,0,40,1
40,12,7688,0,40,1
48,12,14084,0,40,1
44,15,0,0,55,1
74,10,0,0,3,0
39,9,0,0,50,0
56,4,0,0,26,0
41,10,0,0,40,0
56,7,0,0,40,0
57,10,9386,0,40,1
68,10,0,0,40,0
30,13,0,0,45,0
38,14,0,0,40,1
29,10,0,0,42,0
25,13,0,0,50,0
30,15,0,0,40,0
42,13,0,0,65,0
24,13,0,0,32,0
56,10,0,0,45,1
47,9,0,0,40,0
31,10,0,0,40,0
50,9,0,0,40,1
44,13,0,1977,50,1
30,12,0,0,40,0
55,13,0,0,40,0
32,13,0,0,40,0
30,9,0,0,25,0
20,10,0,0,25,0
69,9,0,0,13,0
36,9,0,0,40,0
57,2,0,0,40,0
19,10,0,0,25,0
36,11,0,0,53,1
28,10,0,0,60,0
36,9,0,0,40,1
21,10,0,0,40,0
46,10,0,0,60,1
28,3,0,0,25,0
30,10,0,0,40,0
37,9,0,1628,40,0
44,12,0,0,40,0
19,9,0,1602,30,0
40,9,0,0,60,0
42,10,7688,0,40,1
19,10,0,0,28,0
46,9,0,0,40,0
24,13,0,0,65,0
47,13,99999,0,55,1
55,14,0,0,40,1
25,9,0,0,60,0
24,11,0,0,5,0
38,9,0,0,40,0
41,5,0,0,35,0
40,9,0,0,40,1
22,13,0,0,12,0
46,7,7688,0,40,1
40,14,3325,0,40,0
25,13,3325,0,48,0
26,10,0,0,20,0
39,15,0,1977,50,1
22,10,0,0,25,0
50,11,0,1887,36,1
55,9,0,0,40,0
20,10,0,0,25,0
33,9,0,0,40,0
35,13,0,0,40,0
27,13,0,0,40,0
51,10,0,0,24,0
42,9,0,0,40,0
24,10,0,0,40,0
49,5,0,0,45,0
25,9,0,0,40,0
43,10,0,0,45,0
41,6,0,0,40,0
41,8,0,0,40,0
63,9,0,0,45,0
39,3,0,0,40,0
32,6,0,0,40,0
19,9,0,0,40,0
45,13,0,0,37,0
42,9,0,0,50,0
42,13,0,0,40,1
22,11,0,0,40,0
34,9,0,0,40,0
22,7,0,0,40,0
59,9,0,0,40,0
44,4,0,0,55,0
26,9,0,0,40,0
28,11,0,0,40,1
25,13,0,0,40,0
90,9,0,0,40,1
47,9,0,0,40,0
40,10,0,0,40,0
27,13,0,0,40,0
50,3,0,0,15,0
48,13,0,0,40,0
52,10,0,0,60,0
40,9,0,0,40,0
26,11,0,0,40,0
38,10,0,0,45,0
31,12,0,0,45,0
63,16,0,0,12,0
40,13,0,0,50,0
31,4,0,0,40,0
34,9,0,0,35,0
40,6,0,0,40,0
35,15,0,0,40,1
20,8,0,0,35,0
28,9,0,0,40,0
32,11,0,0,40,0
40,16,0,1977,45,1
20,10,0,0,16,0
36,6,0,0,40,0
19,10,0,0,35,0
19,10,594,0,10,0
61,14,0,0,4,0
42,14,0,0,70,0
76,4,0,0,30,0
33,9,0,1977,45,1
24,14,0,0,50,0
27,9,0,0,38,1
21,10,0,0,40,0
51,13,0,0,40,1
39,12,0,0,40,0
20,10,0,0,24,0
17,6,0,0,20,0
41,10,0,0,56,1
28,13,0,0,40,0
52,11,0,1902,40,1
18,8,0,0,12,0
29,13,0,0,24,0
31,9,0,0,40,0
47,15,15024,0,55,1
50,9,0,0,40,0
54,6,14344,0,68,1
30,11,0,0,40,0
59,9,0,0,45,1
47,13,0,0,18,0
57,10,99999,0,45,1
42,9,0,0,40,1
29,4,0,2042,40,0
52,9,0,0,40,0
49,13,0,0,40,1
27,11,0,0,40,0
18,9,0,0,40,0
49,5,0,2231,40,1
45,10,0,0,40,1
30,10,0,0,30,0
27,10,0,0,45,0
31,10,0,0,40,0
49,11,0,0,40,0
28,3,0,0,40,0
22,10,0,0,40,0
21,10,0,0,25,0
49,14,0,0,50,1
23,9,0,0,40,0
69,13,6418,0,45,1
49,9,0,0,50,0
40,10,0,0,50,0
49,13,0,0,45,1
43,14,5013,0,45,0
29,9,0,0,50,0
90,13,9386,0,15,1
51,9,0,0,40,1
49,9,0,0,40,0
55,9,0,0,60,1
33,9,0,0,30,0
35,10,0,0,40,0
49,9,0,0,40,0
37,5,3137,0,40,0
46,10,0,0,70,1
26,13,0,0,20,0
20,9,0,0,38,0
33,14,0,0,40,1
22,11,0,0,40,0
45,10,0,0,45,0
43,9,0,0,40,0
17,6,0,0,40,0
27,9,0,0,40,0
40,13,15024,0,99,1
35,10,0,0,45,0
56,14,0,0,40,1
49,9,0,0,40,0
37,5,0,0,40,0
37,9,0,0,50,0
28,11,0,0,70,1
23,13,0,0,40,0
24,11,0,0,45,0
20,10,0,0,60,0
60,10,7298,0,40,1
25,13,0,0,40,0
33,3,0,0,40,0
33,9,3103,0,40,1
18,7,0,0,15,0
60,10,0,0,35,1
52,8,0,0,45,0
53,10,0,0,40,0
41,11,0,0,40,0
28,9,0,0,40,0
27,13,0,1876,40,0
54,9,0,0,45,0
29,13,0,0,40,1
28,9,0,0,60,0
62,15,0,0,30,1
30,13,0,0,50,1
48,7,0,0,40,0
54,13,0,0,40,1
46,10,0,0,40,0
18,7,0,0,20,0
20,10,0,0,15,0
50,13,0,0,40,0
29,9,0,0,40,0
20,10,0,0,35,0
47,7,0,0,38,0
55,9,0,0,40,0
29,8,0,0,40,0
34,13,0,1590,50,0
36,2,0,0,40,0
76,13,0,0,20,0
54,9,914,0,40,0
17,7,0,0,16,0
27,13,0,1848,55,1
44,13,0,0,35,0
63,10,0,0,40,0
27,13,0,0,40,0
50,13,0,0,50,1
19,7,0,0,30,0
21,9,0,0,40,0
40,10,2580,0,40,0
20,10,0,0,20,0
34,9,0,0,35,0
44,13,7298,0,48,1
18,10,0,0,20,0
37,9,0,0,40,0
41,9,0,0,60,1
24,10,0,0,40,0
41,8,0,0,10,0
54,6,0,0,40,0
35,13,0,0,45,1
32,9,0,0,60,0
22,13,0,0,25,0
17,6,0,0,20,0
19,10,0,0,40,0
50,14,7688,0,50,1
34,13,0,0,48,1
40,14,0,1902,40,1
37,9,4386,0,45,1
47,13,0,0,60,0
64,4,0,0,30,0
48,9,0,0,37,1
36,13,0,0,50,1
35,9,8614,0,40,1
28,9,0,0,40,0
55,10,15024,0,40,1
52,10,0,0,45,1
38,9,0,0,35,0
18,10,0,0,50,0
23,10,0,0,25,0
35,11,0,0,40,1
56,7,0,0,40,0
23,9,0,0,45,0
20,10,0,0,30,0
21,10,0,0,30,0
57,10,0,0,40,0
25,14,0,0,37,0
17,7,0,0,30,0
39,9,0,0,40,0
25,9,0,0,40,0
48,9,0,0,40,0
42,10,0,1408,40,0
23,13,0,0,40,0
34,9,0,0,50,0
34,9,0,0,40,1
38,15,0,0,40,1
33,13,0,0,45,0
23,13,0,0,50,0
43,13,0,0,40,1
33,9,0,0,40,0
58,9,0,0,40,0
57,14,0,0,14,1
41,11,3325,0,40,0
26,9,0,0,40,0
35,10,0,0,30,0
30,7,0,0,35,0
36,9,0,0,40,0
24,13,0,0,38,0
23,9,0,0,16,0
31,10,0,0,50,0
48,12,0,1902,40,1
51,9,3103,0,60,1
46,10,0,0,40,0
43,11,0,0,35,0
39,15,0,0,45,1
32,15,7688,0,45,1
44,10,0,0,40,0
38,9,0,0,24,1
50,9,0,0,25,0
56,10,0,0,40,0
54,9,0,0,40,0
46,10,0,0,40,1
27,9,0,0,48,0
49,9,0,0,40,1
24,13,0,0,45,0
39,9,0,0,40,0
31,6,0,0,40,0
39,9,0,0,40,1
47,16,0,0,35,1
28,9,0,0,40,0
34,13,0,0,50,1
20,9,0,0,40,0
55,14,0,1977,40,1
52,9,0,0,50,1
43,9,0,0,40,0
61,13,0,0,42,0
34,13,0,0,40,1
40,14,15024,0,37,1
61,13,0,0,40,1
44,11,0,0,40,1
24,10,0,0,60,0
23,10,0,0,40,0
33,12,0,0,40,0
43,14,0,0,45,1
29,14,0,0,15,0
41,10,0,0,25,0
29,10,0,0,45,0
26,6,0,0,40,0
48,14,0,0,61,1
41,14,15024,0,50,1
46,9,0,0,40,1
27,13,0,0,40,1
36,9,1831,0,40,0
22,10,0,0,16,0
59,4,0,0,40,0
58,9,0,0,50,0
76,7,0,0,16,0
51,2,0,0,54,0
31,10,0,0,40,0
50,9,0,0,40,0
38,6,0,0,45,0
22,9,0,0,40,0
73,7,0,0,15,0
21,6,0,0,35,0
55,10,0,1902,40,1
39,14,0,1848,45,1
21,12,0,0,5,0
51,9,0,0,40,0
63,10,0,0,20,0
26,9,0,0,40,0
50,13,0,0,40,1
34,13,15024,0,60,1
42,9,5178,0,40,1
46,10,0,0,40,1
23,13,0,0,40,0
46,9,0,0,40,0
41,13,0,0,40,0
32,10,0,0,40,0
32,10,0,0,40,0
61,10,0,0,20,0
49,6,0,0,38,0
38,9,0,0,40,0
44,13,7688,0,52,1
57,16,0,0,40,1
57,9,0,0,40,0
26,9,0,0,24,0
54,13,0,0,38,0
17,7,0,0,40,0
26,13,0,0,20,0
39,14,0,0,45,1
24,13,2174,0,45,0
33,13,0,0,40,0
32,11,0,0,35,0
65,9,991,0,20,0
26,13,0,0,50,0
22,10,0,0,20,0
30,10,0,0,10,0
21,9,0,0,24,0
30,13,7298,0,50,1
38,10,0,0,35,0
24,13,0,0,40,1
53,13,0,0,45,1
74,10,0,0,35,1
23,10,0,0,20,0
66,13,0,0,45,1
34,10,0,0,50,1
17,6,0,0,20,0
28,9,2354,0,40,0
29,10,0,0,40,0
40,4,0,0,42,0
40,9,0,0,40,0
62,9,0,0,30,0
45,13,0,0,30,0
28,9,0,1741,52,0
36,14,7688,0,50,1
52,10,0,0,40,0
42,11,2407,0,40,0
36,13,0,0,40,0
34,13,0,0,40,0
39,9,0,0,40,0
37,10,0,0,40,0
22,9,0,0,35,0
53,12,0,0,40,1
56,5,3411,0,50,0
22,9,0,0,40,0
21,10,0,0,30,0
52,13,15024,0,55,1
36,9,0,0,40,0
65,9,0,0,50,0
32,9,0,0,40,0
36,13,0,0,40,0
69,9,0,0,9,0
31,13,13550,0,50,1
43,10,0,0,50,0
18,10,0,0,40,0
66,10,0,0,40,0
43,13,0,0,60,0
61,9,0,0,35,0
46,10,0,0,40,0
53,5,0,0,70,0
44,9,14344,0,40,1
62,9,0,0,40,0
74,9,0,2149,20,0
17,6,0,0,40,0
22,10,0,0,40,0
28,9,99999,0,40,1
31,11,3137,0,50,0
50,9,0,0,40,0
20,9,0,0,40,0
44,9,0,0,40,0
29,10,0,0,40,0
30,10,0,0,48,0
49,14,7298,0,40,1
25,9,0,0,40,0
22,9,0,0,24,0
57,10,0,0,35,0
51,6,0,0,40,0
41,10,0,0,40,0
30,14,0,0,30,0
52,6,5013,0,40,0
43,13,0,0,35,0
52,9,0,0,44,1
37,14,0,0,40,0
17,6,0,0,15,0
61,9,1471,0,35,0
23,13,0,0,20,0
64,9,0,0,50,1
62,9,0,0,35,0
37,9,0,0,40,0
42,13,0,0,50,1
35,14,0,0,40,1
71,15,0,0,2,0
61,5,0,0,40,0
33,10,0,0,40,1
52,9,0,0,48,1
53,10,0,0,60,1
45,9,0,0,50,1
64,5,0,0,45,0
43,9,0,0,40,0
40,13,0,0,37,0
25,10,0,0,40,0
27,9,0,0,40,0
36,9,0,0,40,0
30,9,0,0,60,0
20,9,0,0,30,0
38,13,0,0,40,0
29,13,0,0,40,0
29,14,0,0,42,0
51,12,0,1628,30,0
27,10,0,0,40,0
50,14,0,0,50,1
33,14,0,0,20,0
64,12,0,0,20,0
43,10,0,0,40,0
48,7,0,0,40,0
22,10,0,0,40,0
39,9,0,0,40,0
34,13,0,0,40,1
32,10,0,0,40,0
40,13,0,0,40,0
53,4,0,0,40,0
23,9,0,0,40,0
45,14,0,0,40,0
20,9,0,0,40,0
25,13,0,0,40,0
84,3,0,0,20,0
90,14,0,0,40,0
35,11,0,0,40,1
32,7,0,0,43,1
35,9,0,0,40,0
25,9,0,0,40,0
22,10,0,0,40,0
53,13,0,0,60,1
22,9,0,0,40,0
23,9,0,0,40,0
47,10,0,0,48,1
45,13,0,0,40,1
59,3,0,0,40,0
32,10,0,1485,45,1
68,10,0,0,48,1
32,10,0,0,20,0
44,13,0,0,60,0
24,10,0,0,16,0
19,9,0,0,35,0
32,15,13550,0,50,1
18,10,0,1602,40,0
71,14,0,0,20,0
47,13,0,0,45,0
37,14,0,0,60,1
18,6,0,0,40,0
23,13,0,0,40,0
54,14,0,0,38,0
46,2,0,0,40,0
53,10,0,0,40,1
50,10,0,0,40,0
39,13,0,0,40,1
29,10,0,0,40,0
35,9,0,0,54,0
28,13,0,0,60,1
45,13,0,0,40,0
19,8,0,0,40,0
49,9,0,0,40,0
61,7,0,0,36,0
42,9,0,0,40,0
40,9,0,0,40,0
40,13,0,0,40,0
47,10,7688,0,40,1
28,9,0,0,40,0
40,10,0,0,40,0
42,9,0,0,40,0
53,16,0,0,50,0
62,5,0,0,42,0
37,2,0,0,40,0
54,10,0,0,45,1
45,4,0,0,10,0
47,13,0,0,60,1
30,12,0,0,60,0
47,10,7688,0,40,1
52,14,15024,0,60,1
50,9,0,0,50,0
65,9,2414,0,20,0
49,14,0,0,45,0
20,9,0,0,20,0
42,9,0,0,40,0
21,10,0,0,10,0
65,5,0,0,24,0
23,10,0,0,37,0
37,9,0,0,40,0
26,13,5178,0,42,1
44,11,0,0,40,0
60,9,0,0,40,0
39,10,0,0,40,0
22,9,0,0,40,0
40,11,0,0,40,1
36,9,0,0,38,0
32,14,4865,0,40,0
39,14,0,1977,24,1
49,14,0,0,40,1
35,9,0,0,30,0
66,1,0,0,40,0
39,13,0,0,40,1
25,9,0,0,35,0
35,11,0,0,40,0
37,13,0,0,40,1
20,9,0,0,40,0
23,9,0,0,35,0
36,7,0,0,40,0
28,9,0,0,40,0
35,10,0,0,50,0
31,13,0,0,55,1
56,13,0,0,20,0
42,13,0,0,58,0
31,9,0,0,40,0
59,13,0,0,22,1
39,14,0,0,45,0
20,8,0,0,40,0
25,4,0,0,40,0
26,4,0,0,75,0
34,12,0,0,40,0
41,7,0,0,36,0
32,10,0,0,40,1
41,12,0,0,40,0
30,9,0,0,40,0
47,9,0,0,40,0
25,10,0,0,40,0
50,12,0,0,40,0
17,6,0,1602,40,0
65,11,0,0,25,0
40,9,0,0,45,0
26,14,0,0,40,0
38,7,0,0,40,0
51,9,0,0,40,0
25,9,0,0,40,0
48,10,0,0,40,0
31,13,0,0,60,0
54,14,0,0,40,0
21,9,0,0,40,0
49,9,0,0,80,0
53,13,0,0,40,1
18,10,0,0,24,0
21,10,0,1602,12,0
39,11,7688,0,40,1
36,10,0,0,40,0
41,9,0,0,45,0
32,9,0,0,50,0
18,7,0,0,20,0
33,14,0,0,40,0
41,14,0,0,40,0
47,4,0,0,40,0
44,9,0,0,40,1
60,9,0,0,40,0
37,10,0,0,55,0
31,5,0,0,40,0
36,9,0,0,40,0
39,13,0,0,40,0
35,7,0,0,8,0
39,13,0,0,30,0
32,13,99999,0,50,1
41,15,0,0,45,1
51,10,0,0,50,0
19,10,0,0,26,0
24,9,0,0,40,0
54,9,5178,0,50,1
43,13,0,0,40,1
65,9,0,2174,40,1
19,7,0,0,25,0
37,4,0,0,25,0
37,10,0,0,40,0
21,10,0,0,25,0
45,9,0,2179,45,0
38,9,0,0,60,1
38,9,0,0,40,0
27,9,2174,0,40,0
39,13,0,0,30,1
33,13,0,0,40,0
32,13,0,1848,50,1
23,10,0,0,32,0
59,16,0,0,40,1
61,9,0,0,35,0
55,9,0,0,40,0
53,13,0,0,30,0
33,11,0,0,36,0
23,10,0,0,20,0
29,9,0,0,36,0
32,12,0,0,40,0
28,6,0,0,40,0
61,9,0,2754,25,0
22,10,0,0,40,0
23,13,0,0,50,0
61,9,0,0,40,0
23,12,0,0,25,0
69,9,0,0,48,0
34,16,0,0,60,1
39,9,0,0,42,1
51,13,0,0,50,1
51,9,0,0,38,0
47,14,0,0,35,0
39,15,15024,0,60,1
44,9,0,0,40,0
58,5,0,0,40,0
30,13,0,0,52,1
43,9,0,0,40,0
21,9,0,0,40,0
39,13,0,0,40,0
61,7,0,0,40,1
28,13,0,0,40,0
67,9,15831,0,16,1
23,10,0,0,24,0
30,5,0,0,40,0
50,14,0,1977,40,1
43,13,0,0,45,0
36,13,0,0,40,0
41,8,0,0,40,0
47,14,0,0,35,1
37,13,0,0,50,1
31,10,0,0,15,0
22,7,0,0,40,0
24,9,0,0,38,0
24,10,0,0,35,0
58,9,0,0,30,0
38,9,0,0,40,0
18,10,0,0,25,0
51,5,0,0,40,0
47,13,0,0,65,0
50,10,0,0,40,0
33,12,0,0,40,0
24,9,4386,0,40,1
33,13,0,0,40,0
55,14,15024,0,50,1
47,15,0,0,40,1
20,10,0,0,40,0
27,10,0,0,80,0
36,13,0,0,50,0
59,13,10605,0,50,1
39,14,0,0,60,1
26,12,0,0,40,0
52,13,0,0,45,1
49,9,0,0,30,1
31,9,0,0,52,0
20,10,0,0,40,0
43,9,0,0,40,0
44,9,5013,0,60,0
32,6,0,0,35,0
35,9,0,0,40,0
60,9,0,0,38,0
32,11,0,0,40,0
20,10,0,0,40,0
39,7,0,0,40,0
51,13,0,0,55,1
52,13,0,0,60,0
52,10,0,0,60,1
18,10,0,0,20,0
46,9,0,0,40,1
35,10,3908,0,27,0
43,9,4386,0,40,1
30,9,0,0,40,0
43,9,0,0,40,0
32,6,0,0,40,0
30,4,0,0,40,0
35,10,7443,0,40,0
31,10,0,0,38,1
24,13,0,0,27,0
29,12,0,0,50,0
46,9,7688,0,96,1
45,5,0,0,40,0
52,10,0,0,40,1
49,9,0,0,40,0
50,9,0,0,38,1
23,10,0,0,40,0
35,9,0,0,45,0
40,15,0,0,55,1
48,13,0,0,45,1
20,10,0,0,20,0
46,9,0,0,40,0
30,9,0,0,40,0
65,10,0,0,38,0
53,9,0,0,35,0
21,10,0,0,20,0
34,9,0,0,50,0
24,9,0,0,36,0
72,10,9386,0,30,1
40,10,0,0,60,0
43,9,0,0,40,0
32,9,0,0,50,0
44,14,0,0,40,1
49,13,0,0,43,0
30,7,0,0,40,0
23,9,0,0,40,0
63,9,99999,0,40,1
30,9,0,0,40,0
46,13,0,0,55,1
38,10,0,0,40,1
50,13,7298,0,50,1
44,9,0,0,30,0
48,9,0,0,36,0
38,9,0,0,40,0
21,10,0,0,40,0
59,10,0,0,12,0
58,2,0,0,38,0
21,10,0,0,40,0
49,13,0,0,35,0
30,9,0,0,30,0
23,13,0,0,40,0
24,11,0,0,35,0
31,13,0,0,40,0
34,3,0,0,40,0
21,9,0,0,38,0
28,9,0,0,40,0
59,7,0,0,60,0
59,6,0,0,30,0
18,9,0,0,35,0
40,13,0,0,45,0
29,15,0,0,50,1
38,14,0,0,40,1
53,3,0,0,30,0
44,14,7298,0,40,1
49,10,0,0,40,0
36,13,0,0,17,0
18,7,0,0,25,0
49,13,0,0,50,1
41,9,0,0,40,1
49,11,0,0,40,0
42,14,0,0,50,1
34,9,0,0,60,1
28,9,0,0,40,0
57,13,0,0,40,1
45,9,0,0,40,0
18,9,0,0,40,0
24,10,7298,0,40,1
29,13,7688,0,40,1
42,10,0,0,60,0
20,10,0,0,30,0
62,8,0,0,40,1
55,7,0,0,40,0
37,9,0,0,40,0
24,10,0,0,40,0
23,13,0,0,30,0
58,14,0,0,40,1
51,11,0,0,38,1
44,13,0,0,50,1
20,9,0,0,40,0
45,11,0,0,40,0
45,9,3942,0,40,0
21,9,0,0,40,0
31,12,0,0,40,0
46,15,0,0,40,0
31,9,0,0,40,1
41,9,0,0,40,0
70,9,0,0,40,0
50,13,0,0,40,0
29,9,0,0,40,1
28,10,5013,0,55,0
25,13,0,0,40,0
17,6,0,0,20,0
30,9,0,0,65,1
24,13,0,0,40,0
20,10,0,0,35,0
36,9,0,0,40,0
27,9,0,0,40,0
46,4,0,0,40,0
19,10,0,0,18,0
45,13,0,0,50,1
49,4,0,0,40,0
40,15,99999,0,40,1
39,11,0,0,40,0
53,10,0,0,66,0
24,10,0,0,35,0
27,10,0,0,40,0
31,10,0,0,40,0
39,14,0,0,40,1
50,4,0,0,40,0
39,13,0,0,45,0
74,10,0,0,9,0
37,9,0,0,50,1
37,9,0,0,40,0
37,9,0,0,40,0
65,10,0,0,40,0
41,9,2174,0,41,0
38,10,0,0,40,0
47,7,0,0,8,0
25,12,0,0,40,0
56,13,8614,0,55,1
42,13,0,0,40,0
27,12,0,0,40,0
60,13,0,0,30,0
47,10,0,0,40,0
17,9,0,0,40,0
64,13,0,0,50,0
18,9,0,0,20,0
38,9,0,0,44,1
56,10,0,0,40,0
41,9,0,0,40,0
17,7,0,0,30,0
30,12,0,0,40,0
28,13,0,0,45,1
18,7,594,0,30,0
44,12,4386,0,45,1
34,9,0,1408,38,0
51,9,0,0,40,0
22,7,0,0,40,0
68,9,2414,0,40,0
40,11,0,0,45,0
59,9,0,0,50,0
43,10,0,0,50,1
57,9,0,0,40,0
20,10,0,0,40,0
48,14,0,0,40,1
47,13,0,0,48,0
28,9,0,0,28,0
55,10,0,0,40,1
41,14,0,0,60,1
47,9,0,0,40,0
72,7,0,0,8,0
63,13,0,0,40,0
17,6,0,0,10,0
29,9,0,0,40,0
23,11,0,0,25,0
31,10,0,0,40,0
34,13,3103,0,55,1
34,10,0,0,40,0
51,9,0,0,40,0
35,13,4386,0,47,1
45,13,0,0,40,1
24,12,0,0,40,0
26,9,0,0,40,0
50,10,0,0,40,0
56,12,0,0,50,0
32,9,0,0,40,0
24,13,0,0,40,0
30,16,0,0,20,0
23,9,0,0,50,0
18,7,0,0,20,0
37,13,0,0,40,1
42,10,0,0,40,0
51,13,0,0,50,1
51,9,0,0,40,0
50,9,0,1848,40,1
20,9,0,0,45,0
39,13,3137,0,40,0
42,12,0,0,40,0
25,9,0,0,25,0
51,10,0,0,60,0
34,10,0,0,44,0
42,9,0,0,39,0
27,13,0,0,40,1
28,9,0,0,35,0
35,9,7688,0,50,1
25,10,0,0,40,0
21,10,0,0,40,0
57,9,0,0,45,1
50,16,0,0,64,0
21,9,0,0,37,0
20,10,0,0,45,0
63,10,0,0,12,0
48,13,0,0,35,0
24,13,0,0,35,0
51,6,0,0,40,0
43,6,0,0,40,0
20,10,0,0,35,0
18,7,0,1602,40,0
22,9,0,0,40,0
22,10,0,0,37,0
34,13,0,0,40,1
32,10,0,0,50,0
43,10,0,0,40,0
28,9,0,0,40,0
20,7,0,0,39,0
66,6,0,0,11,0
63,9,0,0,55,1
31,10,0,0,40,0
51,9,0,0,30,0
46,10,0,1887,40,1
22,8,0,0,50,0
38,13,6849,0,60,0
27,9,0,0,25,0
18,7,0,0,40,0
47,9,0,0,35,0
38,13,0,0,45,1
21,10,0,0,40,0
24,8,0,0,40,0
31,14,0,0,30,0
40,11,0,1977,15,1
28,9,0,0,23,0
46,9,0,0,25,0
68,9,0,0,32,0
40,9,0,0,40,0
60,13,0,0,15,0
39,10,0,0,24,0
64,10,0,0,40,0
47,10,0,0,40,0
56,9,0,0,60,0
26,10,0,0,18,0
41,5,0,0,40,0
60,4,0,0,40,0
42,11,0,0,50,0
63,13,10605,0,40,1
46,10,0,1977,50,1
28,9,0,0,28,0
52,15,0,2559,60,1
62,4,0,0,91,0
40,11,0,0,50,1
28,9,0,0,40,0
58,14,0,0,50,0
47,10,0,0,40,0
26,13,0,0,35,0
61,16,0,0,40,1
21,9,0,0,22,0
48,14,0,0,40,0
25,9,0,0,40,0
37,10,0,0,40,0
34,9,0,0,50,0
47,9,0,0,40,0
60,9,0,1092,40,0
64,10,0,0,20,0
32,3,0,0,10,0
30,9,0,0,38,0
28,9,0,0,38,0
41,15,0,2415,55,1
41,13,0,0,55,0
80,15,10605,0,10,1
19,10,0,0,30,0
90,5,0,0,40,0
34,13,7688,0,50,1
39,14,7688,0,40,1
51,12,0,0,50,0
39,8,0,1848,40,1
40,9,0,0,40,0
56,9,0,0,40,0
19,10,0,0,20,0
37,13,0,0,60,0
33,9,0,0,40,0
48,9,0,0,40,1
31,15,0,0,60,1
48,13,0,0,40,0
58,12,0,0,50,1
47,9,0,0,40,0
25,10,0,0,40,0
47,11,0,0,40,1
29,9,0,0,40,0
43,10,5178,0,40,1
38,7,0,0,40,0
20,6,0,0,40,0
49,10,0,0,80,1
26,10,0,0,20,0
32,10,4650,0,45,0
38,9,0,0,50,0
21,10,0,0,20,0
46,9,0,0,24,0
20,10,0,0,20,0
23,10,0,0,24,0
43,14,0,0,50,1
36,12,0,0,55,0
60,9,0,0,40,0
47,11,0,0,40,0
46,9,0,0,40,1
19,9,0,0,35,0
38,9,0,0,40,0
48,9,0,0,20,0
43,9,0,0,50,0
26,13,0,0,50,0
27,9,0,0,40,0
42,10,0,0,40,0
33,9,0,0,40,0
66,6,1086,0,20,0
43,9,0,0,60,0
31,13,0,0,40,1
41,9,7688,0,40,1
28,13,0,0,10,0
45,9,0,0,50,1
56,9,0,0,40,0
22,10,3325,0,40,0
22,10,0,0,22,0
55,6,0,0,40,0
32,9,0,1602,20,0
20,10,0,0,8,0
31,9,0,0,52,0
32,5,0,0,50,0
50,9,0,0,40,0
26,10,0,0,40,0
49,9,0,0,32,0
61,9,0,0,20,0
35,14,0,0,45,1
26,3,0,0,40,0
23,9,0,0,40,0
25,11,0,0,40,0
36,13,15024,0,45,1
45,15,0,1485,50,1
48,10,3325,0,40,0
28,13,0,0,5,0
41,16,15024,0,50,1
17,8,0,0,16,0
26,14,0,0,48,0
25,13,0,0,40,0
37,13,0,0,40,1
27,10,0,0,30,0
39,12,0,0,20,1
54,10,0,0,32,0
39,10,0,0,40,0
43,13,0,0,50,0
21,10,0,0,40,0
27,9,0,0,40,0
40,9,0,0,45,0
40,4,0,0,40,1
19,10,0,0,20,0
53,10,0,0,50,1
32,6,0,0,40,0
45,9,0,0,40,0
40,9,0,0,40,0
45,8,3103,0,40,1
41,13,0,1977,45,1
26,10,0,0,40,0
40,7,0,0,35,0
28,12,0,0,30,0
44,9,0,0,40,0
31,13,0,0,35,0
34,9,2977,0,50,0
42,10,0,0,50,1
75,9,0,0,20,0
59,16,0,0,40,0
41,12,0,0,50,1
29,9,0,0,45,0
37,10,0,0,60,0
34,13,0,0,55,1
28,12,0,0,40,0
42,9,0,0,35,0
76,9,0,0,17,0
33,9,0,0,40,0
23,13,0,0,15,0
22,11,0,0,40,0
68,10,0,0,12,1
46,11,0,0,40,1
63,5,0,0,40,0
51,10,0,0,40,0
54,9,0,0,45,0
79,9,0,0,6,0
52,9,0,0,55,1
27,15,0,0,50,1
27,9,0,0,40,0
51,9,0,0,65,0
23,7,0,0,35,0
19,8,0,0,40,0
43,11,0,0,40,0
68,10,0,0,40,0
33,14,15024,0,44,1
37,13,0,0,50,0
38,15,0,2415,90,1
30,9,0,0,32,0
29,13,0,0,50,0
69,3,0,0,40,0
22,9,0,0,40,0
62,14,0,0,40,1
39,9,0,0,40,0
29,8,0,0,40,0
24,13,0,0,40,0
30,13,0,0,40,0
39,14,0,0,40,0
18,9,0,0,30,0
47,9,0,0,40,0
31,13,0,0,40,0
51,10,0,0,40,1
21,10,0,0,40,0
38,8,0,0,17,0
39,13,0,1887,40,1
38,13,0,0,52,1
30,11,0,0,55,0
35,9,0,0,40,0
41,13,0,0,40,0
17,7,0,0,8,0
62,13,0,0,50,1
44,9,0,0,60,1
40,10,0,0,48,1
34,9,0,0,35,0
39,14,15024,0,40,1
28,15,0,0,85,0
34,14,0,0,40,0
33,10,0,0,56,1
40,13,0,0,53,0
38,10,0,0,20,0
49,10,0,0,25,0
35,9,0,0,40,0
42,9,0,0,15,0
32,9,0,0,40,0
39,13,5455,0,60,0
42,7,0,0,40,0
22,9,0,0,42,0
30,10,0,0,20,1
32,13,0,0,40,0
31,10,0,0,40,0
55,11,0,0,35,0
25,10,0,0,25,0
29,12,0,0,38,0
30,9,0,0,40,0
33,10,0,0,40,0
50,13,15024,0,40,1
51,14,0,0,55,1
35,4,0,0,40,0
52,16,99999,0,65,1
53,6,0,0,40,0
31,13,0,1564,60,1
44,10,0,0,40,0
71,10,0,1816,2,0
39,9,0,0,20,0
34,10,0,0,72,0
53,16,7688,0,50,1
46,15,0,0,40,1
33,9,0,0,40,0
51,10,7298,0,40,1
56,11,0,0,40,1
18,9,0,0,40,0
28,9,0,0,40,0
57,9,0,0,50,0
56,8,0,0,40,0
50,9,0,0,40,0
19,10,0,0,32,0
36,9,0,0,20,0
39,9,0,0,40,0
27,13,0,0,40,0
43,13,0,0,50,0
31,9,0,0,50,0
56,7,0,0,40,0
27,10,0,0,45,1
44,9,0,0,40,0
44,10,7688,0,45,1
45,13,0,1977,50,1
46,9,0,0,40,0
37,11,0,0,32,0
35,9,0,0,40,1
43,10,15024,0,45,1
37,10,0,0,40,0
32,12,0,2002,42,0
33,10,0,0,32,0
31,10,0,0,45,0
22,10,0,0,38,0
38,9,0,0,40,0
36,3,0,0,40,0
17,6,0,0,12,0
24,9,0,0,40,0
31,15,0,0,40,1
32,13,0,0,40,0
62,13,0,0,40,0
55,10,0,0,40,0
37,11,4101,0,35,0
25,10,0,0,40,0
28,10,0,0,50,0
37,10,0,0,65,0
58,13,0,0,50,1
47,9,0,0,40,0
29,9,0,0,40,0
60,11,0,0,40,0
29,9,0,0,40,0
34,9,0,0,50,0
49,10,0,0,40,0
30,9,0,0,50,0
44,13,0,0,48,1
40,13,0,0,50,1
29,13,0,0,40,0
55,7,0,1672,40,0
23,10,0,0,40,0
35,11,0,0,50,0
19,9,0,0,40,0
69,11,0,0,8,0
28,9,0,0,40,0
39,9,0,0,40,0
40,9,0,0,56,0
49,11,0,0,40,0
25,9,0,0,60,0
42,10,0,0,12,0
50,4,0,0,40,0
34,9,0,0,40,0
30,14,0,0,40,0
33,10,0,0,50,1
38,12,0,0,45,0
26,15,0,0,30,0
31,9,0,0,56,0
25,13,0,1876,40,0
41,16,0,0,60,1
30,10,0,0,40,0
40,9,0,0,40,0
52,9,0,0,49,0
40,13,0,0,40,0
44,9,0,0,40,0
38,10,0,0,40,0
41,14,0,0,60,0
49,9,0,0,55,0
55,14,0,0,40,0
33,9,0,0,40,0
27,9,0,0,22,0
30,10,0,0,40,0
45,10,0,0,55,0
53,10,0,0,54,0
20,10,0,0,25,0
29,9,0,0,40,0
35,10,0,0,40,0
42,13,0,0,40,1
22,7,0,0,35,0
49,2,0,0,40,0
24,10,0,0,40,0
39,10,0,0,40,0
39,10,0,0,80,0
36,13,0,0,40,0
58,9,0,0,50,0
37,5,0,0,70,1
30,9,0,0,40,0
42,9,0,0,40,0
22,10,0,0,40,0
19,9,0,0,30,0
23,11,0,0,20,0
23,10,0,0,40,0
30,9,0,0,40,0
35,7,0,2057,40,0
18,10,0,0,16,0
40,10,0,0,50,1
27,12,0,0,78,0
17,5,0,0,45,0
17,6,0,0,40,0
41,13,7688,0,55,1
27,9,0,0,40,0
33,9,0,0,40,0
61,9,0,0,50,1
44,9,0,0,40,1
22,10,0,0,35,0
50,9,0,0,40,1
19,4,0,0,45,0
35,13,0,0,45,0
21,9,0,0,36,0
49,9,0,0,32,0
43,9,0,0,20,1
27,9,0,1573,70,0
26,13,0,0,50,0
40,9,2829,0,40,0
43,10,0,0,35,0
42,13,9562,0,45,1
45,14,0,0,37,1
41,10,0,0,40,0
27,10,0,0,40,0
42,13,0,0,40,0
20,9,0,0,40,0
37,9,0,0,40,0
28,10,0,0,40,1
64,9,0,0,30,0
46,6,0,0,37,0
62,9,0,0,40,1
27,9,0,0,30,0
36,13,0,0,40,0
77,10,0,1944,1,0
32,13,0,0,40,1
58,10,0,0,36,0
28,7,0,0,40,0
63,9,0,0,40,0
53,9,0,1740,50,0
63,4,0,0,40,0
28,9,0,0,40,0
37,13,0,0,50,0
29,9,0,0,40,0
40,13,0,0,60,1
37,9,0,0,40,0
54,13,0,0,40,1
47,10,7688,0,50,1
26,9,0,0,40,0
18,10,0,0,15,0
54,10,0,0,40,0
57,5,0,0,40,1
34,13,0,0,50,0
59,10,0,0,40,0
38,13,0,0,50,1
20,10,0,0,40,0
35,9,0,0,38,0
49,10,0,0,50,1
43,10,7688,0,40,1
49,10,0,0,48,1
26,10,0,0,30,0
40,14,0,1669,40,0
34,13,0,1848,40,1
26,10,0,0,50,0
48,3,0,0,40,0
23,10,0,0,23,0
54,14,0,0,50,1
32,10,0,0,50,0
23,12,0,1974,20,0
44,15,14084,0,40,1
34,16,0,0,20,0
74,15,0,0,20,0
50,9,0,0,40,1
31,10,0,0,40,0
26,9,0,0,40,0
52,9,0,0,50,1
30,11,15024,0,65,1
53,14,0,0,38,1
19,10,0,0,55,0
51,9,7298,0,50,1
35,9,0,0,70,0
53,8,0,0,35,0
42,10,0,0,45,1
58,10,0,0,48,0
55,9,34095,0,60,0
55,13,0,0,60,0
37,10,0,0,40,0
31,9,0,0,40,0
49,9,0,0,30,0
36,10,0,0,40,0
54,4,0,0,45,0
90,9,0,0,40,0
40,9,0,0,40,0
53,10,0,0,40,0
66,9,3432,0,20,0
50,9,0,0,40,0
19,9,0,0,40,0
18,6,0,0,30,0
25,10,0,0,20,0
90,10,0,0,35,0
55,9,0,0,81,0
52,10,0,0,40,1
38,13,0,0,50,1
19,9,0,0,24,0
32,4,0,0,40,0
47,10,0,0,40,0
30,9,0,0,40,0
50,9,0,0,44,1
42,12,0,0,40,0
20,10,0,0,10,0
44,9,0,0,48,0
40,9,0,0,50,0
46,9,0,0,40,1
43,14,0,0,20,0
58,14,0,0,18,0
43,9,0,0,25,1
42,3,0,0,60,0
50,10,0,0,50,0
35,9,0,0,62,0
33,9,0,0,43,0
57,14,0,0,40,0
36,10,0,0,40,1
47,10,0,0,40,0
45,3,0,0,35,0
33,9,0,0,40,0
40,13,0,0,70,0
42,10,0,0,33,0
20,6,0,0,40,0
47,14,0,0,47,1
41,10,0,0,38,0
24,13,0,0,40,0
36,13,0,0,44,0
38,10,0,0,40,0
70,10,0,0,40,1
17,6,0,0,15,0
18,9,0,0,20,0
35,14,0,0,40,1
25,7,0,0,32,0
33,13,7688,0,38,1
28,13,0,1977,24,1
33,14,0,0,15,0
47,14,0,0,65,1
55,11,0,0,40,0
45,14,15024,0,60,1
27,9,0,0,50,0
37,13,0,0,40,0
45,14,0,0,1,0
58,13,0,0,40,1
26,9,0,0,20,0
19,10,0,0,15,0
34,9,0,0,65,0
20,10,0,0,25,0
29,10,0,0,55,0
49,13,0,0,50,0
33,13,0,1408,36,0
46,9,0,0,25,0
26,13,0,0,40,0
26,9,0,0,40,0
38,10,0,0,43,0
42,13,0,0,60,0
65,9,3818,0,40,0
46,10,0,0,40,0
44,9,0,0,35,1
30,13,7688,0,50,1
55,15,15024,0,40,1
21,1,0,0,50,0
36,10,0,0,40,0
35,11,0,0,40,0
28,13,0,0,40,1
46,14,0,0,70,1
34,14,7688,0,38,1
45,16,0,0,60,0
90,9,0,0,25,0
49,10,0,0,40,1
61,14,0,0,45,1
27,4,0,0,50,0
34,11,0,0,45,0
21,10,0,0,20,0
51,13,0,1672,70,0
49,7,0,0,60,0
73,13,0,0,5,0
60,10,7298,0,40,1
33,10,0,0,40,0
21,9,0,0,40,0
46,16,25236,0,65,1
25,9,0,0,40,0
37,13,0,0,42,0
34,10,0,0,40,0
45,10,7298,0,50,1
30,12,0,0,40,0
22,10,0,0,40,0
23,13,0,0,40,0
34,10,0,2179,40,0
21,7,0,0,45,0
28,11,7688,0,36,1
23,13,0,0,40,0
51,4,0,0,40,0
25,13,0,0,40,0
24,9,0,0,40,0
23,9,0,0,44,0
31,10,0,0,40,0
29,13,0,0,40,0
47,7,0,0,55,0
68,13,20051,0,40,1
49,10,0,0,40,0
26,13,0,0,55,0
36,10,3325,0,45,0
29,10,0,0,40,0
46,15,0,2824,40,1
24,12,0,0,35,0
44,2,0,0,40,0
29,9,0,0,50,0
41,7,0,0,40,0
41,9,1831,0,40,0
23,4,0,0,35,0
41,10,0,0,65,1
44,13,5013,0,40,0
22,12,0,0,40,0
25,13,0,0,40,0
31,9,0,1669,50,0
57,10,0,1902,40,1
39,13,0,0,40,0
42,9,0,0,40,0
56,5,0,0,99,0
42,12,0,0,40,0
42,6,0,0,50,0
31,9,0,0,65,0
59,14,0,0,40,1
34,11,0,0,40,0
62,7,0,0,21,0
37,9,0,0,40,0
26,9,0,0,32,0
43,5,0,0,44,0
43,9,0,0,60,0
29,9,0,0,40,0
35,15,0,0,35,0
17,7,0,0,12,0
46,10,0,0,40,0
24,9,0,0,40,0
39,14,0,0,50,0
59,13,0,0,60,1
45,14,0,0,15,0
42,11,0,0,32,0
20,10,0,0,30,0
41,11,0,0,45,0
61,9,0,0,40,0
19,9,0,0,35,0
64,9,0,0,5,0
34,10,0,0,40,0
22,9,0,0,30,0
77,16,20051,0,40,1
41,10,0,3004,60,1
36,9,0,0,40,0
36,12,0,0,40,0
45,14,0,0,55,1
42,13,0,0,90,0
19,9,0,0,40,0
32,9,4064,0,22,0
43,10,0,1617,72,0
36,9,0,0,40,0
39,9,0,0,40,0
26,6,0,0,40,0
57,6,0,0,8,0
49,4,0,0,48,0
64,10,0,0,35,0
17,6,0,0,35,0
51,15,0,0,40,1
27,10,0,0,45,0
23,10,0,0,45,0
74,9,0,0,30,1
66,4,0,0,10,0
32,13,0,0,40,0
52,9,0,0,48,0
26,13,0,0,80,0
61,4,0,0,40,0
41,10,0,1408,40,0
54,9,0,0,35,0
47,13,2885,0,65,0
30,9,0,0,48,0
32,9,2174,0,40,0
71,10,6514,0,40,1
29,16,0,0,60,1
25,10,0,0,30,0
58,9,0,0,60,0
53,9,0,2002,45,0
20,10,0,0,40,0
49,13,0,0,45,0
37,13,0,0,55,1
17,7,0,0,15,0
37,9,0,0,40,0
39,10,8614,0,40,1
52,12,0,0,40,0
24,13,0,0,40,0
29,13,0,0,40,0
73,10,0,0,10,0
27,14,0,0,40,0
18,10,0,0,35,0
32,9,0,0,40,0
49,10,0,0,45,1
27,10,0,0,50,0
27,10,0,1980,40,0
37,10,0,0,52,0
49,14,0,323,20,0
49,13,0,0,50,0
25,9,0,1719,16,0
23,9,0,0,21,0
43,13,0,0,40,0
36,9,0,0,40,1
19,9,0,0,40,0
32,9,3781,0,40,0
58,10,0,0,40,0
30,12,0,0,25,0
46,13,0,0,50,0
31,2,0,0,40,0
26,13,0,0,40,1
27,13,0,0,55,0
35,14,0,0,50,1
27,13,0,0,35,0
19,10,0,0,30,0
36,9,0,0,40,0
35,9,0,0,56,0
22,9,0,0,35,0
44,13,0,0,40,0
26,9,0,0,40,0
41,9,0,0,40,0
39,13,0,0,48,1
51,11,0,0,40,1
25,15,0,0,20,0
53,4,0,0,38,0
49,9,0,1902,40,0
36,9,0,0,40,0
23,11,0,0,40,0
58,12,0,0,40,0
52,9,99999,0,40,1
38,4,0,0,50,1
33,10,0,0,72,0
33,9,0,0,40,1
38,13,0,0,40,0
35,7,0,0,65,0
28,9,0,0,40,0
46,9,0,0,40,0
58,9,0,0,50,0
22,10,0,0,40,0
29,9,0,0,50,0
70,10,0,0,25,0
45,10,0,0,55,0
25,14,0,0,40,0
59,13,0,0,40,1
36,9,0,0,38,0
90,13,0,0,45,0
55,13,0,0,48,0
44,14,0,1876,42,0
18,9,2176,0,25,0
56,8,0,0,40,0
38,9,0,0,35,0
51,14,0,0,40,0
30,9,0,0,45,0
48,9,0,0,60,1
35,9,0,0,38,0
42,9,0,0,40,1
30,13,0,0,33,1
56,9,0,0,50,0
40,11,0,0,40,0
22,10,0,0,20,0
39,10,0,0,15,1
52,9,0,1977,40,1
26,13,0,0,35,0
39,9,0,0,40,1
26,13,0,0,40,0
38,9,0,0,35,0
38,10,0,0,50,0
43,14,0,0,40,1
46,9,0,0,37,0
38,10,0,0,47,0
61,4,0,0,40,0
18,3,0,0,54,0
31,9,0,0,40,0
29,9,0,0,50,1
44,9,0,0,40,0
36,15,25236,0,40,1
55,6,0,0,18,0
59,9,0,0,40,1
61,10,0,0,44,1
21,10,0,0,35,0
32,9,0,0,40,0
34,10,0,0,40,1
27,12,0,0,55,0
35,10,0,0,45,0
19,9,0,0,40,0
40,9,0,0,40,0
20,10,0,0,40,0
34,7,0,880,60,0
58,10,0,0,30,0
33,6,0,0,36,0
44,10,0,0,72,1
52,12,3103,0,48,1
60,4,0,0,40,0
34,13,0,0,40,0
27,13,0,0,40,0
22,9,0,0,40,0
27,9,0,0,35,0
43,13,0,0,24,1
40,11,0,0,40,1
47,9,0,0,40,0
34,9,6849,0,55,0
58,9,0,0,40,0
33,9,0,0,60,0
48,13,0,0,50,0
50,9,0,0,40,1
45,9,0,0,50,0
23,13,0,0,40,0
42,8,0,0,40,0
21,10,0,0,50,0
68,9,0,0,8,0
18,9,0,0,40,0
54,13,0,0,50,1
19,11,0,0,40,0
33,13,0,0,40,0
37,14,0,0,40,0
36,9,0,0,38,0
50,9,0,0,40,1
33,14,0,0,30,0
28,6,0,0,40,0
56,10,0,0,40,1
50,9,0,0,40,0
23,9,0,0,40,0
29,13,0,0,40,0
28,9,3411,0,40,0
40,14,0,0,99,0
30,13,0,0,72,1
50,13,0,0,40,1
25,10,0,0,50,0
42,15,0,0,38,1
30,9,0,0,40,0
20,9,0,0,20,0
33,16,0,0,60,1
73,9,0,2457,40,0
56,9,0,0,25,0
36,10,0,0,45,0
30,11,0,0,40,0
33,16,0,0,60,1
39,13,0,0,45,0
38,9,0,0,50,0
32,10,0,0,35,0
32,11,0,0,40,1
23,8,0,0,40,0
34,11,0,0,48,0
49,11,0,0,60,0
33,9,0,0,40,0
23,9,0,0,40,0
37,10,0,0,40,0
42,15,0,0,55,1
22,9,0,0,38,0
23,10,0,0,40,0
33,9,3908,0,40,0
21,9,0,0,40,0
62,9,0,1977,60,1
33,14,0,0,50,0
61,10,0,0,40,0
30,13,0,0,52,0
42,14,0,0,40,1
62,9,0,0,40,0
44,9,0,0,38,0
24,10,0,0,75,0
36,10,0,0,40,0
41,2,0,0,50,0
17,6,0,0,24,0
26,6,0,0,40,0
54,10,0,0,40,0
28,13,0,0,40,0
23,9,0,0,50,0
44,9,0,0,45,0
38,11,0,0,36,1
42,10,0,0,90,1
21,9,0,0,45,0
33,4,0,0,40,1
34,9,7443,0,35,0
21,10,0,0,20,0
33,10,0,0,40,0
39,9,15024,0,50,1
19,9,0,0,45,0
67,9,0,0,20,0
41,9,0,0,40,0
24,13,0,0,40,0
39,9,10520,0,40,1
41,9,0,0,40,0
26,10,0,0,35,0
19,10,0,0,40,0
60,9,0,0,25,0
20,10,0,0,20,0
52,6,0,0,40,0
36,9,4064,0,40,0
40,9,0,0,25,0
44,9,0,0,60,0
28,9,0,0,37,0
32,9,0,0,40,0
50,14,0,1902,45,1
50,10,0,0,40,0
41,14,0,1977,65,1
30,12,0,1762,40,0
24,5,0,0,40,0
19,8,0,0,30,0
30,10,0,0,40,0
27,13,0,0,50,0
50,6,0,0,38,0
42,9,0,0,30,0
33,13,0,0,30,0
23,10,0,0,40,0
23,13,0,0,40,0
24,10,0,0,30,0
32,13,7688,0,50,1
34,13,0,0,50,0
21,9,0,0,35,0
42,11,0,0,48,0
17,7,0,0,15,0
73,9,0,0,37,0
54,10,0,0,65,0
47,10,7688,0,55,1
31,10,2407,0,65,0
51,10,0,0,45,0
33,10,0,0,40,0
57,10,7298,0,40,1
42,10,0,0,40,0
60,10,0,0,35,0
23,4,0,0,35,0
44,10,0,0,40,0
33,13,0,0,45,0
58,9,0,0,40,0
25,9,0,0,40,0
35,9,0,0,50,0
48,13,7688,0,65,1
27,10,2829,0,40,0
30,10,0,0,50,0
27,13,0,0,40,0
45,13,0,0,60,1
21,12,0,0,40,0
39,9,0,0,22,0
53,9,2829,0,40,0
69,4,0,0,48,0
38,14,7298,0,60,1
30,13,0,0,40,0
45,13,0,0,40,1
24,11,0,0,40,0
21,10,0,0,48,0
32,13,0,0,20,1
36,9,0,0,40,0
45,16,0,0,50,1
32,10,0,0,40,0
29,9,0,0,40,0
42,10,0,0,40,0
24,9,0,0,40,0
53,13,0,0,45,1
50,9,0,0,40,0
37,11,4386,0,44,1
27,10,0,0,30,0
54,9,0,0,41,0
29,9,0,0,40,0
30,13,0,0,43,0
48,9,0,0,40,1
33,9,0,0,60,0
41,13,0,0,40,0
26,9,0,0,40,0
66,4,0,0,32,0
39,10,0,1564,12,1
34,9,3908,0,46,0
52,9,0,0,45,0
20,10,0,0,20,0
32,13,0,0,45,1
69,7,0,0,20,0
44,9,0,0,40,0
20,10,0,0,20,0
38,13,0,0,56,0
17,7,0,0,40,0
42,10,0,0,40,0
46,10,0,0,35,0
27,14,0,0,50,0
50,10,0,0,40,1
52,6,0,0,25,0
22,10,0,0,20,0
54,9,3464,0,40,0
20,9,0,0,25,0
37,13,0,0,35,0
71,9,0,0,24,0
41,15,0,0,60,1
18,9,1055,0,25,0
26,13,0,0,45,1
47,14,0,0,40,0
55,9,0,0,60,0
20,10,0,0,40,0
60,9,0,0,40,1
56,5,0,0,40,0
53,11,0,0,40,1
44,10,0,0,58,1
32,13,0,0,40,0
20,7,0,0,20,0
37,14,0,0,60,1
47,13,0,0,60,0
19,10,0,0,28,0
29,10,0,0,58,0
43,10,0,0,35,0
30,14,0,0,45,0
25,9,0,0,6,0
18,9,0,0,30,0
22,10,0,0,36,0
49,10,0,0,50,0
54,10,0,0,40,1
29,10,0,0,40,0
45,14,0,1977,35,1
22,10,0,0,40,0
22,10,0,0,40,0
44,9,0,0,40,0
30,10,0,0,44,0
27,9,0,0,40,0
50,9,0,0,48,0
19,10,0,0,22,0
48,9,0,0,30,0
29,11,0,0,40,0
31,14,0,0,50,1
20,10,0,0,40,0
48,8,0,0,50,0
47,9,0,0,40,1
24,9,0,0,40,0
35,12,0,0,45,0
49,11,0,0,40,0
30,12,0,0,25,0
82,9,0,0,40,0
19,10,0,0,40,0
46,10,0,0,40,0
19,10,0,0,40,0
35,14,0,0,40,0
51,15,0,0,50,1
34,13,0,0,40,0
20,11,0,0,25,0
60,9,0,0,40,0
60,9,0,0,30,0
32,9,0,0,50,0
37,13,7688,0,45,1
19,9,0,0,40,0
32,9,0,0,40,0
50,9,0,0,35,0
33,9,0,0,40,0
54,10,0,0,60,1
30,9,0,0,40,0
29,9,0,0,40,0
30,14,0,0,45,0
26,9,0,0,40,0
25,10,0,0,55,0
47,10,3103,0,40,1
24,9,0,0,70,0
38,11,0,0,40,0
28,7,0,0,40,0
53,9,0,0,30,0
41,9,14344,0,40,1
22,9,0,0,35,0
46,11,0,1848,40,1
80,14,0,0,10,0
26,10,2597,0,40,0
29,10,0,0,50,0
21,5,0,0,50,0
23,9,0,0,40,0
35,9,0,0,40,0
41,7,0,0,25,0
20,10,0,0,24,0
34,7,0,0,50,0
46,16,0,0,70,0
28,9,0,0,50,0
48,7,0,0,35,0
33,3,0,0,59,0
43,10,0,0,84,0
23,9,0,0,40,0
25,7,0,0,40,0
24,2,0,0,5,0
25,13,0,0,30,1
55,10,0,0,40,1
49,13,0,0,40,0
29,11,0,1887,48,1
21,10,0,0,20,0
31,9,0,0,40,0
46,5,0,0,40,0
27,3,0,0,40,0
36,12,0,0,40,1
46,13,0,0,55,1
63,14,0,0,50,1
24,11,0,0,35,0
32,9,0,0,35,0
43,9,0,0,40,0
26,9,0,0,55,0
28,10,0,0,42,0
22,12,0,0,40,0
43,15,99999,0,60,1
30,9,0,0,40,0
37,13,0,0,50,0
31,10,0,0,50,0
31,13,0,0,40,0
23,13,0,0,20,0
51,12,0,0,30,0
35,5,0,0,40,0
32,9,0,0,40,0
33,13,0,0,20,0
34,13,7298,0,60,1
36,13,0,0,40,1
55,12,0,0,20,1
27,9,0,0,40,0
26,9,0,0,96,0
26,13,0,0,35,0
36,10,0,0,60,1
25,10,0,0,22,0
23,13,0,0,40,0
26,9,0,0,48,0
25,9,0,0,40,0
39,9,0,0,48,0
25,7,0,0,40,0
21,9,0,0,40,0
42,9,0,0,30,1
30,9,0,0,40,0
32,9,0,0,49,1
25,9,0,0,40,0
50,11,0,0,40,1
53,11,0,0,40,0
54,13,0,0,40,0
37,13,0,0,50,1
22,10,0,0,40,0
44,11,0,0,40,0
62,9,0,0,20,0
43,10,0,0,48,1
32,12,2597,0,48,0
40,9,0,0,40,1
41,13,0,0,40,0
34,9,0,0,45,0
35,9,0,0,38,0
32,7,0,2042,30,0
59,10,3325,0,40,0
43,13,0,0,45,1
44,9,0,0,40,0
60,9,0,0,60,1
46,3,0,0,40,0
33,9,0,0,40,0
51,9,4386,0,40,1
21,9,0,0,40,0
21,10,0,0,16,0
21,9,0,0,60,0
33,9,0,0,40,0
24,13,0,0,50,0
40,11,0,0,15,0
23,9,0,0,40,0
80,10,0,0,20,0
31,6,0,0,40,0
20,10,0,0,14,0
23,10,0,0,40,0
47,9,0,0,30,1
49,9,0,0,40,0
39,10,0,0,60,0
25,13,0,0,40,0
38,13,0,1340,40,0
18,10,0,0,15,0
23,9,0,0,40,0
30,9,0,0,72,0
35,9,0,0,25,0
20,9,0,0,40,0
43,9,0,0,40,0
35,9,0,0,40,0
66,9,0,0,25,0
55,9,0,0,40,1
18,10,0,0,15,0
23,10,0,0,25,0
46,10,0,0,58,0
23,9,0,0,1,0
39,10,0,0,40,0
65,9,0,2206,10,0
33,9,0,0,45,0
68,9,0,0,40,0
24,5,0,0,12,0
21,9,0,0,40,0
54,9,0,0,40,1
28,9,0,0,40,0
74,5,0,0,10,0
33,11,0,0,40,0
22,9,0,0,20,0
31,13,0,0,40,0
54,13,7688,0,50,1
34,9,0,0,48,1
30,10,0,0,40,1
42,9,0,0,40,0
33,6,0,0,40,0
32,9,0,0,16,0
24,9,0,0,40,0
48,9,0,0,40,0
53,9,0,0,40,0
50,9,0,0,50,0
50,13,0,0,50,1
66,5,0,0,25,1
62,13,0,0,40,1
31,9,0,0,40,0
50,10,0,0,40,1
21,10,0,2001,45,0
30,10,0,0,35,0
40,16,0,0,60,1
51,14,0,0,40,1
29,9,0,0,42,0
42,14,0,0,38,1
51,9,0,0,30,0
37,12,0,0,30,0
42,9,0,0,50,0
47,15,0,0,60,1
37,5,0,0,50,0
51,9,0,0,20,0
24,10,0,0,40,0
50,9,0,0,40,0
31,10,0,0,65,1
46,10,0,0,40,0
34,13,0,0,50,0
34,7,0,0,40,0
46,14,0,1977,45,1
38,13,0,0,55,0
19,9,4101,0,48,0
34,9,0,0,40,0
56,10,0,0,38,0
48,13,0,0,38,1
28,10,0,0,70,0
36,9,0,0,45,1
24,10,0,0,50,0
60,10,0,0,60,0
53,10,0,0,45,0
41,9,0,0,40,0
28,13,0,0,55,0
41,9,0,0,40,0
61,10,0,0,6,0
30,12,0,2002,40,0
25,11,0,0,40,0
24,12,8614,0,40,1
51,14,0,0,40,1
48,9,0,0,55,0
27,9,0,0,40,0
31,13,0,0,40,0
23,10,0,0,25,0
46,10,0,0,60,1
37,9,5178,0,40,1
39,14,0,0,50,0
38,13,0,0,70,1
59,6,0,0,40,0
22,9,0,0,30,0
51,10,0,0,40,1
34,15,0,0,48,1
62,9,0,0,40,0
28,14,0,0,40,0
24,3,0,0,40,0
41,9,0,0,40,0
45,9,0,0,35,0
24,13,0,0,16,0
56,10,0,0,45,1
30,9,0,1876,45,0
50,13,7298,0,40,1
30,6,0,0,40,0
41,10,0,0,40,0
23,9,0,0,16,0
18,7,0,0,36,0
22,9,0,0,70,0
48,15,0,0,35,1
20,9,0,0,30,0
31,9,0,0,40,1
28,12,0,0,60,0
38,13,0,0,45,1
21,10,0,0,40,0
49,14,0,0,60,0
28,10,0,0,50,0
36,13,0,0,50,1
39,13,0,0,60,1
42,9,0,0,40,0
41,9,0,0,40,0
37,9,0,0,45,0
44,10,0,0,45,0
23,13,0,0,40,0
39,13,0,0,50,1
35,14,0,0,55,0
34,10,0,1579,40,0
43,13,0,0,40,0
53,10,0,0,40,0
27,13,0,1590,40,0
37,15,0,0,40,0
32,9,0,0,28,0
33,10,0,0,45,1
55,9,0,0,32,0
35,13,0,0,40,0
42,14,0,0,50,1
63,9,0,0,25,0
19,6,0,0,40,0
47,14,0,0,40,1
45,10,0,0,40,0
18,7,0,0,20,0
57,9,0,0,40,0
30,9,0,0,40,0
29,12,0,0,40,0
38,9,0,0,40,0
39,13,0,0,35,0
52,9,0,0,40,0
47,13,0,1740,40,0
44,8,0,0,36,0
32,13,0,0,60,0
46,2,0,0,30,0
48,10,0,0,40,0
30,15,0,0,55,0
42,9,0,0,40,0
60,9,0,1485,50,1
59,14,0,0,40,0
36,10,0,0,55,0
90,13,0,0,20,0
29,9,0,0,30,0
19,6,0,0,40,0
47,13,7298,0,40,1
25,9,0,1504,37,0
27,9,0,0,70,0
39,7,0,0,40,0
23,10,0,0,45,0
36,13,0,1672,38,0
22,9,0,0,40,0
30,9,0,0,40,0
42,14,99999,0,80,1
29,13,0,0,75,0
17,7,0,0,8,0
44,9,0,0,60,0
40,12,1506,0,40,0
52,13,0,0,50,1
47,3,0,0,40,0
67,9,0,0,60,0
44,13,0,2415,50,1
20,10,0,0,30,0
24,11,0,0,30,1
31,4,0,0,40,0
32,4,0,0,40,0
48,13,7298,0,60,1
31,13,0,0,40,0
42,10,0,0,40,0
30,13,0,0,40,0
31,9,0,0,50,1
43,9,0,0,40,1
47,9,4386,0,45,1
29,6,0,0,40,0
35,9,0,0,35,0
45,11,0,0,40,0
40,13,0,0,40,1
18,6,0,0,35,0
33,16,0,0,48,1
53,10,0,0,40,1
50,13,15024,0,60,1
18,7,0,0,20,0
18,7,0,0,20,0
50,14,0,0,40,0
38,10,7298,0,40,1
41,13,0,0,45,1
37,11,0,0,54,0
17,6,34095,0,32,0
54,9,0,0,40,0
50,14,0,0,50,0
41,3,0,0,40,0
39,10,0,0,50,1
58,9,7688,0,55,1
34,10,0,0,40,1
47,9,0,0,40,0
26,10,0,0,40,0
56,10,0,1902,60,1
64,14,0,2057,60,0
38,11,0,0,50,0
34,9,3325,0,35,0
52,13,99999,0,50,1
32,10,0,0,50,0
63,9,0,0,40,0
40,11,0,0,40,1
35,10,0,0,50,0
18,7,0,0,25,0
27,9,0,0,40,0
44,13,0,0,40,0
22,10,0,0,20,0
37,13,0,0,40,0
23,5,0,0,30,0
29,13,14344,0,40,1
23,10,0,0,40,0
42,5,0,0,40,0
33,13,0,0,55,1
24,9,594,0,15,0
30,13,7688,0,50,1
39,9,0,0,36,0
23,9,0,0,40,0
22,10,0,0,10,0
31,13,0,0,40,1
19,10,0,0,10,0
28,10,0,0,40,0
52,10,0,0,45,1
56,13,0,0,40,1
76,13,0,0,40,0
24,9,0,0,32,0
38,9,0,0,99,0
31,9,0,0,38,0
37,11,0,0,40,0
55,4,0,0,50,0
24,9,0,0,45,0
44,9,0,0,40,0
46,11,0,0,40,0
40,10,0,0,40,0
43,14,0,0,50,0
41,15,0,0,40,0
45,9,0,0,40,0
37,11,0,0,40,0
29,9,0,0,40,0
19,10,0,0,20,0
43,13,0,0,53,0
63,4,0,0,60,1
37,10,0,0,40,0
31,9,0,0,45,0
48,13,0,0,40,0
45,9,0,0,40,0
21,12,0,0,15,0
29,13,0,0,40,0
36,11,3908,0,8,0
63,14,0,0,50,1
32,6,0,0,45,0
47,10,0,0,35,0
71,9,0,0,20,0
27,6,0,0,60,0
35,6,0,0,38,0
66,10,0,0,50,0
24,10,0,0,40,0
49,13,0,2415,55,1
18,9,0,0,35,0
57,10,0,1672,45,0
50,6,0,0,40,0
25,13,0,0,40,0
28,13,0,0,40,0
60,13,0,0,8,1
44,10,0,0,50,0
69,5,2993,0,40,0
42,13,0,1977,70,1
53,13,14344,0,55,1
39,9,0,0,40,0
58,13,0,0,38,0
64,13,0,0,45,1
59,9,0,0,40,1
26,8,0,0,51,0
64,3,0,0,40,0
47,10,0,0,35,0
42,10,0,0,25,0
17,6,0,0,12,0
30,9,0,0,20,0
27,9,0,0,40,0
33,9,0,0,40,0
19,9,0,0,40,0
53,9,0,1092,40,0
49,13,0,0,40,0
62,9,0,0,40,0
26,7,0,0,40,1
21,10,0,0,10,0
46,4,0,0,40,0
62,13,0,0,40,0
38,13,7298,0,40,1
36,13,0,0,40,1
55,13,15024,0,50,1
68,10,0,0,40,0
56,10,0,0,40,0
64,10,0,0,40,0
19,7,0,0,40,0
51,10,0,0,40,0
41,15,0,0,50,1
69,9,2964,0,35,0
19,13,0,0,30,0
40,9,0,0,40,0
53,12,0,0,80,1
18,10,2176,0,35,0
43,13,0,0,40,0
42,13,0,0,52,1
37,11,8614,0,40,1
40,13,0,0,50,0
22,8,0,0,40,0
20,10,0,0,12,0
21,10,0,0,40,0
60,9,0,0,40,0
18,6,0,0,40,0
19,10,0,0,25,0
27,9,0,0,40,0
48,4,0,1902,40,0
57,2,0,0,22,0
19,9,0,0,30,0
30,7,0,1651,40,0
64,9,0,0,18,0
47,9,0,0,40,1
49,10,15024,0,50,1
22,10,0,0,40,0
22,10,0,0,20,0
40,10,0,0,40,0
55,9,0,0,40,0
40,10,5178,0,40,1
42,10,0,0,50,1
18,7,0,0,7,0
45,12,0,0,40,0
37,10,0,0,40,1
46,10,0,0,58,1
60,9,0,0,40,1
21,9,0,0,35,0
31,9,0,2001,40,0
60,9,0,0,30,0
28,9,0,0,50,0
27,9,0,0,40,0
30,13,0,0,35,0
46,13,0,0,40,1
45,10,0,0,40,0
38,9,0,0,20,0
17,5,0,0,35,0
20,9,0,0,40,0
58,4,0,0,30,0
49,9,0,0,40,1
27,15,0,0,50,0
55,13,0,0,15,0
23,9,0,0,40,0
34,9,0,0,40,0
34,9,0,0,35,0
43,9,0,0,48,0
55,7,0,0,45,0
36,2,0,0,40,0
24,13,0,0,40,0
25,12,0,0,40,0
33,9,0,0,30,0
22,13,0,0,40,0
58,9,0,0,40,0
44,7,0,0,40,0
21,7,0,0,35,0
24,13,0,0,45,1
53,10,0,0,40,0
42,10,0,0,40,0
34,9,0,0,40,0
32,12,0,0,50,0
30,9,0,0,40,0
33,10,0,0,60,0
43,14,0,0,37,0
49,15,0,0,60,1
35,10,0,0,40,0
49,10,0,0,40,0
41,11,0,0,40,0
21,10,0,0,40,0
52,13,0,0,38,1
33,4,0,0,40,0
54,13,0,0,45,1
19,7,0,0,40,0
17,6,0,0,10,0
37,9,0,0,40,0
44,13,0,1902,50,1
23,13,0,0,32,0
28,10,0,0,40,0
41,13,0,0,90,1
51,10,0,0,60,0
37,9,0,0,50,0
37,9,0,0,40,0
36,12,0,0,32,0
32,12,0,0,20,0
28,6,0,0,35,0
18,7,0,0,8,0
66,9,0,0,50,0
57,2,0,1602,45,0
51,10,0,0,55,0
25,13,0,0,40,0
40,13,0,0,40,0
60,5,0,0,40,0
20,9,0,0,30,0
41,9,0,0,45,0
38,10,0,0,40,0
39,10,0,0,40,0
25,10,0,0,50,0
35,9,0,0,15,0
24,9,0,0,40,0
32,10,0,0,42,0
49,10,0,0,32,0
46,9,0,0,50,0
23,13,0,0,40,0
53,14,15024,0,55,1
59,13,0,0,30,0
28,9,0,0,45,0
35,10,0,0,40,0
30,7,0,0,40,0
39,13,0,2415,60,1
25,13,0,1977,40,1
54,9,0,0,40,0
44,10,0,0,18,1
64,10,0,0,40,0
63,13,0,0,8,1
62,9,0,0,90,1
27,5,0,0,24,0
42,9,0,0,40,0
38,13,0,0,15,0
36,7,0,0,60,0
53,10,0,0,40,0
65,15,25124,0,80,1
42,10,0,0,20,1
28,12,0,0,40,0
24,13,5013,0,30,0
50,13,0,0,45,1
31,11,0,0,50,0
32,9,0,0,38,0
33,10,0,0,40,0
60,13,0,0,40,1
52,9,0,0,48,1
66,6,0,0,40,0
45,9,0,0,42,0
29,10,0,0,40,0
30,13,0,0,40,1
66,9,0,0,35,1
46,11,0,0,50,0
37,13,0,0,40,0
38,11,0,0,40,1
37,13,0,0,99,1
22,13,0,0,40,0
32,10,0,0,60,1
44,10,0,0,40,0
30,14,0,0,46,1
44,10,0,0,45,0
20,10,0,0,30,0
22,13,0,0,40,0
28,12,0,0,65,0
36,13,0,0,55,1
71,10,2964,0,60,0
17,8,0,0,18,0
50,10,0,0,40,0
46,9,0,0,60,1
19,10,0,0,40,0
38,9,0,0,70,0
28,9,0,0,40,0
40,10,0,0,35,0
23,10,0,0,35,0
19,9,0,0,40,0
22,12,0,0,40,0
39,14,0,1902,18,1
45,10,0,0,40,0
35,10,0,0,40,0
53,13,0,0,40,0
60,11,4934,0,40,1
32,12,0,0,80,0
30,13,0,0,40,1
36,13,0,0,60,0
51,9,0,0,40,0
58,13,0,0,70,0
35,9,0,0,30,0
57,9,0,0,40,1
25,9,0,0,35,0
49,7,0,0,40,0
27,10,0,0,40,0
27,9,0,2258,50,0
59,13,15024,0,55,1
24,13,0,0,40,0
46,9,0,1740,35,0
31,5,0,0,40,0
44,10,3103,0,40,1
54,9,7298,0,60,1
33,11,0,0,99,0
48,13,0,0,40,0
30,9,0,0,40,0
24,10,0,0,40,0
62,13,0,0,38,0
23,10,0,0,35,0
31,12,0,0,40,1
47,9,0,0,40,0
19,10,0,0,20,0
35,5,0,0,40,0
53,13,0,0,40,0
32,11,0,0,60,1
48,6,0,0,40,0
49,10,0,0,40,0
34,16,0,0,60,0
35,9,0,0,65,1
40,13,0,0,40,0
35,10,0,0,39,0
33,10,0,0,30,0
21,10,0,0,35,0
42,9,0,1977,60,1
45,12,0,0,55,0
31,7,0,0,48,0
26,3,0,1628,50,0
36,10,0,0,40,0
66,14,0,0,40,0
35,14,8614,0,40,1
34,10,0,0,45,0
27,9,0,0,8,0
25,10,0,0,25,0
55,6,0,0,40,0
17,7,0,0,12,0
52,13,0,0,40,0
30,10,0,0,70,0
40,10,0,0,55,1
65,9,0,0,24,0
24,10,0,0,15,0
33,10,0,0,40,0
44,9,0,0,25,0
58,13,0,0,40,0
42,9,0,0,40,0
38,13,0,1740,40,0
38,11,0,0,40,0
56,9,0,0,40,0
53,9,0,0,40,0
31,4,0,0,40,0
61,11,0,0,40,1
47,9,0,0,40,0
20,9,0,0,38,0
74,9,0,0,14,0
27,13,0,0,40,0
48,10,0,0,50,1
45,10,0,0,50,0
27,9,0,0,40,0
44,9,0,1504,40,0
25,13,0,0,40,0
48,10,0,0,40,1
36,13,0,0,35,0
61,4,0,0,35,0
45,9,0,0,48,0
52,10,0,0,50,0
18,9,0,0,30,0
65,10,0,0,35,0
62,10,0,0,10,0
25,13,0,0,40,0
61,5,0,0,25,0
33,13,0,0,55,0
30,9,0,0,40,1
60,10,0,0,15,0
40,10,0,0,60,1
28,13,0,0,40,1
65,15,0,1668,40,0
37,10,0,1504,40,0
23,13,0,0,20,0
42,13,0,1887,40,1
39,9,0,0,50,0
70,9,0,0,12,0
32,9,0,1672,60,0
28,9,0,0,50,0
23,13,0,0,40,0
58,10,0,0,46,0
30,13,0,0,18,0
28,9,4064,0,45,0
44,13,0,0,40,1
61,10,0,0,42,0
32,9,0,0,65,0
29,13,2202,0,40,0
25,13,0,0,40,0
21,11,0,2603,40,0
40,5,0,0,40,1
41,9,0,1590,40,0
37,14,0,0,50,1
53,10,0,0,55,0
44,10,0,0,45,0
39,9,0,0,50,0
42,13,0,0,45,0
43,10,0,0,60,0
46,10,0,0,50,0
34,9,0,0,40,0
24,13,0,0,40,0
23,10,0,0,10,0
39,10,0,0,50,1
23,10,0,0,8,0
43,9,0,0,40,0
27,10,0,0,40,0
22,10,0,0,40,0
24,13,0,0,50,0
24,13,0,0,55,0
27,10,0,0,48,0
59,12,0,0,40,0
24,9,0,0,50,0
47,9,0,0,50,1
45,10,0,0,40,1
22,10,0,0,12,0
18,7,0,0,12,0
33,9,0,0,45,0
55,14,7298,0,40,1
21,9,0,0,20,0
29,9,0,0,40,0
40,9,0,0,25,0
53,4,0,0,40,0
58,16,4064,0,40,0
60,7,0,0,40,0
17,6,0,0,20,0
19,9,0,0,12,0
29,12,0,0,60,0
32,9,0,0,40,0
39,11,0,0,40,0
36,13,0,0,42,1
46,2,0,0,40,0
64,6,0,0,40,1
54,11,0,0,40,1
36,9,0,0,40,0
37,11,0,1887,35,1
25,9,0,0,40,0
41,9,0,0,40,1
22,9,0,0,40,0
39,9,0,0,60,0
23,10,0,0,40,0
41,12,0,0,45,1
34,14,4865,0,60,0
45,10,0,0,40,0
23,7,0,0,40,0
32,10,0,0,38,1
17,6,1055,0,20,0
18,7,0,0,35,0
26,9,0,0,40,0
19,10,0,0,30,0
26,11,0,0,35,0
45,10,0,0,32,0
58,10,0,0,60,1
52,10,0,0,65,1
32,14,0,0,50,0
76,14,0,0,15,0
41,15,0,0,50,0
45,16,99999,0,30,1
43,13,8614,0,40,1
24,9,0,1762,40,0
28,13,0,0,50,0
59,5,0,0,40,0
34,9,0,0,35,0
23,3,0,0,40,0
55,13,0,0,50,1
56,9,3103,0,45,1
20,10,0,0,40,0
57,10,0,0,40,0
31,6,0,0,40,0
27,13,0,0,35,0
19,10,0,0,20,0
58,13,0,0,72,0
53,10,0,0,60,0
31,9,0,0,40,0
44,9,0,0,40,0
23,9,0,2001,40,0
59,9,0,625,38,0
38,10,0,0,60,0
64,1,0,0,40,0
20,9,0,0,40,0
33,13,0,0,50,1
29,10,0,0,40,1
53,16,0,0,70,1
38,10,0,0,40,0
37,9,0,0,40,0
33,9,0,0,60,0
45,9,0,0,50,0
52,9,0,0,40,0
37,9,0,0,38,0
21,9,0,0,40,0
58,5,0,0,40,0
60,16,0,0,55,0
46,9,0,0,40,0
37,13,0,0,40,1
34,10,0,0,35,0
25,9,0,0,40,0
17,8,0,0,17,0
46,15,15024,0,50,1
47,9,0,0,40,0
22,10,0,0,40,0
38,9,0,0,40,0
27,14,0,0,40,0
50,14,0,0,40,1
34,4,0,0,45,0
30,10,8614,0,50,1
55,10,0,0,72,0
30,10,0,0,50,1
41,10,0,0,54,1
37,11,0,0,43,0
38,9,0,0,15,0
56,10,0,0,40,0
57,4,0,0,40,1
34,9,0,0,40,0
51,13,5178,0,60,1
47,12,0,1408,40,0
44,9,0,0,38,1
45,9,0,0,40,0
51,10,0,0,40,1
33,9,0,0,40,0
29,13,4650,0,40,0
38,13,0,0,38,0
33,13,0,0,45,1
55,10,0,0,40,0
50,5,2885,0,40,0
50,9,0,0,80,0
33,13,15024,0,60,1
23,10,0,0,10,0
44,11,0,0,40,0
64,4,0,0,40,0
45,14,0,0,50,1
42,12,0,0,40,1
36,10,0,0,57,1
37,10,0,0,30,0
56,13,0,0,40,1
51,13,0,0,40,1
32,14,0,0,40,1
62,9,0,0,40,0
37,10,7298,0,36,1
24,7,0,0,40,0
36,13,0,0,40,0
46,13,0,0,40,0
36,12,0,0,48,1
40,6,0,0,50,0
37,13,0,1848,40,1
36,14,0,0,40,1
41,10,0,0,36,1
31,13,0,1408,40,0
43,10,0,0,60,0
21,10,0,0,40,0
22,9,0,0,40,0
40,4,4064,0,40,0
49,9,0,0,40,0
31,9,0,0,50,0
17,9,0,0,40,0
38,9,7688,0,40,1
68,4,0,0,30,0
29,11,0,0,40,0
24,13,0,0,35,0
42,13,0,0,40,0
49,14,0,0,50,0
39,10,0,0,40,0
48,13,0,0,45,0
44,15,0,0,29,1
31,9,0,2415,40,1
24,10,0,0,40,0
40,9,0,0,45,0
42,11,0,0,40,0
40,10,0,0,40,0
20,9,0,0,40,0
19,8,0,0,40,0
42,13,0,0,35,1
47,9,0,0,56,1
49,11,0,0,40,1
21,6,0,0,35,0
29,16,0,0,50,1
47,10,0,0,40,0
48,10,0,0,40,0
27,10,0,0,50,0
26,13,0,0,40,0
17,7,594,0,40,0
43,7,0,0,60,0
57,4,0,0,50,0
27,9,0,0,40,0
21,10,0,0,40,0
53,10,0,0,50,1
34,9,0,0,40,0
19,10,0,0,20,0
28,9,0,0,40,0
41,16,0,0,40,1
30,11,0,0,40,0
54,10,0,0,40,0
28,10,0,0,50,1
31,9,0,0,40,0
59,9,0,0,40,0
34,13,0,0,40,1
25,9,0,0,40,0
35,8,0,0,40,0
17,7,0,0,16,0
51,9,0,0,40,0
25,10,0,0,40,0
44,14,0,0,24,1
22,9,0,0,40,0
18,7,0,0,25,0
30,11,0,0,45,0
34,11,0,0,40,0
28,9,0,0,70,0
58,9,0,0,40,1
45,10,0,0,30,0
53,9,0,0,40,0
32,13,2174,0,60,0
17,8,0,0,20,0
33,9,0,0,41,0
24,7,0,0,35,0
59,4,0,0,48,0
40,8,0,0,40,0
30,9,0,0,40,0
35,9,0,0,48,0
43,9,0,0,36,1
74,9,0,0,10,0
20,9,0,0,40,0
28,10,0,0,30,0
45,11,0,0,40,0
24,7,0,0,40,0
41,11,0,0,45,0
29,13,0,2258,45,1
38,9,0,0,50,0
59,9,0,0,40,0
37,5,3781,0,50,0
19,9,0,0,20,0
47,7,3411,0,40,0
47,13,0,0,40,1
36,9,0,0,50,0
32,13,15024,0,40,1
27,10,0,2231,40,1
25,9,0,0,52,0
17,8,0,0,23,0
47,13,4064,0,60,0
55,9,4386,0,40,1
49,9,0,0,40,0
45,10,0,0,70,0
41,1,0,0,30,0
30,13,0,0,40,0
55,16,0,0,60,1
24,9,0,0,40,0
42,10,0,0,45,0
40,14,0,0,60,0
20,10,0,0,40,0
20,10,0,0,40,0
79,9,0,0,40,1
33,13,0,0,40,0
20,9,0,0,40,0
39,10,0,0,40,0
41,12,0,0,75,1
38,9,0,0,65,0
72,13,0,0,17,0
17,7,0,0,20,0
65,7,0,0,20,0
33,9,0,0,84,1
31,9,0,0,35,0
28,10,0,0,35,0
23,7,0,0,40,0
38,13,0,0,60,1
45,4,0,0,40,0
52,12,0,0,40,1
41,10,0,2001,50,0
18,9,0,0,20,0
55,6,0,0,40,1
34,7,0,0,45,0
39,10,0,625,40,0
26,9,0,0,40,0
51,9,0,0,55,0
19,9,0,0,15,0
54,9,0,0,40,1
25,10,0,0,25,0
58,6,0,0,50,0
37,9,0,0,60,1
31,13,0,0,40,0
24,13,0,0,50,0
35,10,0,0,60,0
56,14,0,0,40,1
40,9,0,0,25,0
53,9,0,0,40,0
20,9,0,0,30,0
25,13,0,0,40,0
41,10,0,0,40,1
55,9,0,0,60,0
41,10,0,0,40,0
44,10,0,0,44,1
20,10,0,0,20,0
32,10,0,0,50,0
61,4,0,0,40,0
29,9,0,0,60,0
53,9,0,0,40,0
29,9,0,0,40,0
24,9,0,0,50,0
64,9,0,0,38,0
37,13,0,0,40,0
47,9,0,0,40,0
32,13,0,0,40,1
36,13,0,0,40,0
24,10,0,0,25,0
52,9,0,0,40,0
43,14,0,0,55,0
26,10,0,0,45,0
51,9,0,0,48,0
63,9,3471,0,40,0
39,14,0,0,45,0
25,9,0,0,40,0
42,10,0,0,35,0
67,13,0,0,40,0
43,14,0,0,40,1
36,13,0,0,35,0
18,9,0,0,40,0
37,15,0,0,60,1
31,10,0,0,40,0
31,5,0,0,35,0
58,13,0,0,50,0
41,9,2829,0,40,0
19,9,0,0,30,0
30,10,0,0,40,0
58,16,0,0,43,1
53,13,0,0,44,1
43,10,0,0,40,0
19,9,0,0,40,0
53,9,0,0,40,0
55,2,0,0,30,0
21,9,0,0,35,0
19,10,0,0,35,0
47,10,0,0,40,0
28,9,0,0,50,0
40,11,0,0,40,0
20,9,0,0,40,0
46,13,7688,0,40,1
51,10,0,0,36,0
39,14,0,0,40,0
37,13,0,0,40,1
21,10,0,0,40,0
34,10,0,0,35,0
19,9,0,0,20,0
34,11,0,974,40,0
43,11,0,0,50,1
23,10,0,0,40,0
39,13,0,0,35,0
27,9,0,0,40,0
34,11,0,0,40,0
54,9,0,0,50,1
26,10,0,0,52,1
40,9,0,0,40,0
50,9,7688,0,50,1
29,9,0,0,40,0
35,10,0,0,46,0
32,10,0,0,50,0
61,9,0,2051,20,0
35,14,0,0,44,1
27,9,0,0,40,0
21,10,0,0,40,0
38,9,7688,0,70,1
38,9,0,0,40,0
32,10,0,0,40,0
69,9,0,0,20,0
19,9,0,0,16,0
32,10,0,0,38,0
41,9,0,0,60,0
50,9,0,0,40,1
58,9,0,0,40,0
26,9,0,0,50,0
31,9,0,0,40,0
55,9,15024,0,35,1
51,13,0,0,50,0
47,9,4386,0,40,1
26,10,0,0,40,0
21,10,0,0,40,0
38,11,0,0,35,0
26,12,0,0,45,0
48,13,0,0,45,1
63,13,15024,0,40,1
42,10,0,0,40,0
39,10,0,0,99,0
27,13,0,0,40,0
32,11,0,0,40,0
58,10,0,0,40,1
63,2,0,0,44,0
47,6,0,0,46,1
30,9,0,0,32,0
25,9,0,0,30,0
32,15,15024,0,50,1
55,10,0,0,40,0
38,9,0,0,55,0
27,11,0,0,40,0
36,13,0,0,40,0
24,10,0,0,35,0
44,13,0,0,50,1
35,9,0,0,35,0
28,14,0,0,45,1
31,10,0,0,50,0
39,11,0,1628,48,0
42,13,15024,0,60,1
59,9,0,0,10,0
24,10,0,0,40,0
17,7,0,0,20,0
23,4,0,0,36,0
51,13,0,0,45,1
44,13,0,0,40,1
28,13,0,0,40,0
41,13,7688,0,50,1
37,14,27828,0,60,1
44,3,0,0,40,0
33,13,0,0,20,0
22,10,0,0,40,0
56,10,4416,0,60,0
35,11,0,0,40,0
31,11,0,0,20,0
31,9,0,0,45,0
36,9,0,0,40,0
39,10,2829,0,65,0
18,8,0,0,24,0
59,9,0,0,40,0
38,16,7688,0,40,1
25,10,0,0,40,0
22,11,0,0,12,0
23,13,0,0,30,0
29,9,0,0,40,1
79,9,0,0,30,0
20,10,0,0,17,0
21,9,0,0,50,0
40,12,0,0,32,0
21,10,0,0,40,0
40,10,0,0,84,0
18,8,0,0,20,0
40,11,0,0,42,0
34,9,0,1672,40,0
32,13,0,0,40,1
28,7,0,0,40,0
40,14,0,0,40,1
45,13,0,0,40,0
40,10,5178,0,60,1
30,13,0,0,40,0
31,9,0,0,40,0
34,11,0,0,50,0
25,9,0,0,40,0
52,9,0,0,40,0
53,13,0,0,40,0
32,9,0,0,60,0
46,12,0,0,40,1
35,13,0,0,50,0
47,4,0,0,40,0
39,9,0,0,40,0
46,12,0,0,36,0
51,9,0,0,38,0
63,9,0,0,25,0
63,6,0,0,50,0
21,5,0,0,42,0
37,13,99999,0,60,1
35,10,0,0,40,0
63,10,14084,0,60,1
34,9,0,0,40,0
38,13,7688,0,60,1
54,11,0,0,38,1
36,9,0,0,38,0
56,13,7688,0,40,1
20,10,0,0,35,0
25,13,0,0,40,0
23,13,0,0,16,0
27,7,0,0,60,0
65,9,0,810,36,0
57,9,0,0,30,0
39,9,0,0,40,0
44,10,0,0,40,1
23,10,0,0,40,0
67,13,0,2392,40,1
18,10,0,0,25,0
30,14,15024,0,60,1
21,9,0,0,35,0
57,9,0,653,42,1
33,13,0,0,45,1
35,9,0,0,40,1
28,10,0,0,40,1
31,3,0,0,56,0
51,10,0,0,45,1
40,10,0,0,60,0
53,10,1471,0,40,0
39,6,0,0,40,0
39,13,0,0,40,1
50,13,0,0,40,1
36,9,4865,0,40,0
46,10,0,0,40,1
17,6,0,0,20,0
26,10,0,0,50,0
57,9,0,0,32,0
22,6,0,0,25,0
30,9,0,0,46,0
20,10,0,0,30,0
55,9,0,0,40,0
28,4,0,0,40,0
54,6,0,0,40,0
31,13,7688,0,43,1
28,11,3137,0,40,0
55,9,0,0,40,0
19,9,0,0,30,0
22,9,0,0,80,0
28,13,0,0,50,0
25,9,0,0,40,0
46,10,15024,0,45,1
19,4,0,0,60,1
20,10,0,0,35,0
22,6,0,0,35,0
62,9,0,0,40,0
19,9,0,0,50,0
36,7,0,0,40,0
37,9,0,0,40,0
25,9,0,0,60,1
26,9,0,0,40,0
41,10,0,0,40,0
36,13,0,1902,50,1
53,13,0,0,50,0
30,9,0,1974,40,0
51,9,0,0,42,0
37,9,0,0,45,1
38,14,0,2258,60,0
39,9,4650,0,40,0
54,16,0,0,60,1
69,4,2964,0,40,0
56,10,0,0,40,0
31,9,0,0,40,0
32,11,0,0,40,0
37,9,0,0,10,0
17,6,0,0,14,0
22,9,0,0,40,0
59,10,0,0,80,1
26,9,0,0,36,0
28,9,14084,0,40,1
27,9,0,0,40,0
62,10,8614,0,39,1
27,13,0,0,40,0
38,13,0,0,40,1
33,13,0,0,45,0
59,9,0,0,40,0
36,16,0,0,35,0
38,9,0,0,40,1
52,15,0,0,50,1
62,13,99999,0,40,1
47,10,0,0,45,0
27,9,0,0,40,0
18,10,0,0,15,0
26,14,0,0,20,0
46,3,0,0,40,0
23,10,0,0,24,0
78,9,2964,0,40,0
54,14,0,0,68,1
26,10,0,0,40,0
43,2,0,0,21,0
60,9,0,0,40,0
51,13,0,0,40,1
17,7,0,0,20,0
34,9,0,0,40,0
42,10,0,0,89,1
38,9,0,0,44,0
29,11,0,0,50,0
26,10,0,0,20,0
34,9,0,0,60,0
40,14,3103,0,50,0
48,12,0,0,45,0
39,13,15024,0,50,1
26,13,0,0,30,0
34,6,0,0,40,0
18,7,0,0,20,0
25,7,0,0,40,0
20,10,0,0,35,0
33,11,0,0,45,0
48,13,0,0,55,0
19,7,0,0,30,0
54,9,0,0,38,0
50,10,0,0,40,0
30,9,0,0,50,0
50,12,0,0,20,0
18,7,0,0,20,0
30,5,2580,0,40,0
22,9,0,0,45,0
22,10,0,0,50,0
62,13,0,0,40,0
28,13,0,0,45,1
51,11,0,0,40,1
32,13,0,0,50,0
31,10,0,0,48,0
56,13,0,0,40,0
48,4,0,1672,55,0
41,13,7430,0,45,1
57,4,0,0,75,0
61,9,0,0,40,0
53,4,0,0,40,0
29,9,0,0,40,0
26,11,0,0,40,0
71,3,0,0,75,0
19,7,0,0,20,0
38,9,0,0,20,0
35,10,0,0,40,0
30,9,0,0,35,0
26,7,0,0,40,0
51,4,0,0,19,0
49,13,0,0,45,1
52,14,5013,0,40,0
46,9,0,0,48,1
20,9,0,0,40,0
37,10,3103,0,50,1
30,10,0,0,55,1
59,9,0,0,60,1
43,12,0,0,35,0
37,7,0,0,40,0
45,13,0,0,40,0
31,10,0,0,40,0
27,10,0,0,25,0
30,14,0,0,40,0
50,9,0,0,40,0
43,3,0,0,40,0
42,9,0,0,40,0
52,13,0,0,55,1
30,10,0,0,20,0
18,7,0,0,19,0
45,13,0,0,38,1
44,10,0,1876,55,0
32,6,0,0,40,0
40,11,0,0,36,0
50,9,0,0,60,0
38,14,0,0,40,0
53,14,0,0,40,1
30,13,0,0,50,1
46,7,0,0,40,0
50,13,0,0,40,1
21,9,0,0,53,0
17,7,594,0,10,0
47,10,0,0,35,0
35,9,0,0,50,1
20,4,0,0,60,0
42,13,99999,0,40,1
57,9,0,0,40,1
37,13,0,0,50,1
46,15,0,0,60,1
44,10,0,1485,40,1
39,9,0,0,40,0
79,10,0,0,20,0
33,9,0,0,30,0
67,7,0,0,40,0
34,13,0,0,40,1
26,5,0,0,38,0
31,10,0,0,35,1
35,9,0,0,50,0
30,9,0,0,50,0
59,12,7298,0,20,1
35,13,0,0,40,0
33,9,0,0,60,0
43,12,0,0,40,0
42,12,0,0,31,0
55,4,0,0,40,0
35,11,0,0,38,0
18,7,0,0,50,0
29,10,0,1672,40,0
76,4,0,0,40,0
47,9,0,0,56,0
46,12,0,0,49,1
24,13,0,0,45,0
24,10,0,0,48,0
37,7,0,0,40,1
34,9,0,0,45,0
43,13,0,0,40,1
52,10,0,0,40,0
40,9,0,0,50,0
30,10,0,0,60,0
51,16,15024,0,40,1
42,10,0,0,50,1
25,10,0,0,50,0
53,9,4386,0,30,1
26,15,0,0,20,0
38,13,0,0,50,1
45,13,0,0,42,1
18,9,0,0,28,0
31,10,0,1721,16,0
37,13,0,1902,40,1
23,10,0,0,24,0
48,13,0,0,40,1
17,7,0,0,5,0
34,9,0,0,35,0
24,9,0,0,35,0
43,10,0,0,40,0
50,10,0,0,40,1
30,10,0,0,40,1
43,14,5013,0,12,0
18,7,0,0,20,0
26,13,0,0,50,0
41,9,7298,0,40,1
46,13,0,1504,40,0
49,13,15024,0,40,1
27,13,0,0,20,0
59,11,0,0,48,0
57,4,1173,0,45,0
31,13,0,0,50,0
68,14,0,2392,40,1
40,9,0,0,40,0
52,13,0,0,45,1
49,11,0,1380,42,0
37,9,0,0,50,0
28,7,0,0,35,0
30,5,0,0,40,0
22,10,0,0,18,0
63,9,0,0,6,0
40,13,0,0,65,1
39,10,13550,0,45,1
40,9,0,0,55,0
52,11,0,0,35,0
24,11,0,0,40,0
28,9,0,0,45,0
30,9,0,0,50,0
66,9,0,0,25,0
39,13,0,1977,45,1
36,11,3103,0,40,1
40,15,0,0,60,1
59,9,0,0,40,0
32,9,0,0,45,0
26,10,0,0,40,0
33,14,0,0,50,0
44,16,0,1902,40,1
24,10,0,0,40,0
73,9,0,0,8,0
30,10,0,1617,40,0
24,9,0,0,35,0
73,9,0,0,15,0
53,14,15024,0,65,1
28,9,0,0,40,0
38,13,0,0,45,1
44,7,0,0,46,0
33,9,0,0,40,0
39,10,0,0,40,1
51,14,0,0,40,1
35,13,0,0,40,0
45,10,0,0,40,1
36,13,0,0,20,0
28,10,0,0,24,0
38,9,0,0,50,0
33,10,0,0,28,0
31,10,0,0,45,0
40,14,0,0,40,1
29,10,0,0,60,0
24,6,0,0,30,0
38,14,0,0,70,1
41,10,0,0,40,0
37,9,0,0,40,0
44,9,0,0,40,0
31,10,0,0,40,0
40,10,0,0,60,0
26,13,0,0,40,1
32,9,0,0,40,0
17,7,0,0,20,0
30,13,0,0,35,0
55,15,15024,0,40,1
43,10,0,0,40,1
30,10,0,0,58,0
37,13,0,0,45,1
54,9,0,0,40,1
33,16,0,0,45,1
34,10,0,0,40,1
26,9,0,0,40,0
57,9,0,0,40,0
37,10,0,0,60,0
63,8,0,0,40,1
38,13,0,0,50,1
38,13,0,0,48,0
29,9,0,0,40,0
21,10,0,0,15,0
23,10,0,0,15,0
40,6,0,0,40,0
47,10,0,0,40,0
38,9,0,0,40,0
59,9,0,0,40,0
45,14,0,0,40,1
51,13,0,1564,43,1
24,7,0,0,65,0
52,3,0,0,40,0
36,12,0,0,50,1
20,10,0,0,15,0
48,15,14084,0,63,1
41,9,0,0,40,0
25,11,7688,0,40,1
39,9,0,0,40,0
32,9,0,0,45,0
28,13,0,0,40,0
22,12,0,0,16,0
38,10,0,0,40,0
23,3,0,0,50,0
63,9,0,0,50,1
29,9,0,0,37,0
36,9,5178,0,40,1
22,5,0,0,35,0
59,9,0,0,38,1
19,9,0,0,25,0
17,6,0,0,25,0
64,9,0,0,35,1
44,9,0,1485,40,0
44,9,0,0,60,0
34,14,0,0,40,0
49,5,0,0,20,0
22,4,0,0,40,0
28,10,0,0,20,0
59,9,0,0,40,1
33,9,0,0,40,0
27,11,0,0,40,0
34,14,0,0,35,0
34,9,0,0,38,0
41,10,0,0,40,0
49,9,0,1902,60,1
33,10,0,0,45,0
43,9,0,0,40,0
52,13,0,1092,40,0
46,11,0,0,48,1
40,13,0,0,45,0
55,9,0,0,60,0
41,10,0,0,24,0
35,9,0,0,75,0
44,14,0,0,35,0
60,9,0,0,40,0
42,9,0,0,99,1
20,10,0,0,18,0
19,3,0,0,36,0
38,9,0,0,40,0
41,4,0,0,40,0
27,10,0,1579,40,0
35,10,4064,0,35,0
21,10,0,0,40,0
47,10,0,0,40,1
43,9,0,0,42,1
61,4,0,0,40,0
41,13,0,0,37,0
42,10,0,0,45,0
30,10,0,0,45,0
42,9,0,0,25,0
46,4,0,1594,24,0
29,9,0,0,40,0
46,9,0,0,38,0
60,9,0,0,40,0
61,6,0,0,48,0
66,16,0,2377,25,1
26,9,3325,0,40,0
65,13,0,0,40,1
37,9,0,0,40,0
31,10,0,0,45,0
48,9,0,0,40,0
33,9,0,0,40,0
25,14,0,0,30,0
57,14,0,0,40,1
30,9,0,0,40,0
34,9,0,0,57,1
26,10,0,0,40,1
62,9,0,0,30,0
51,10,0,0,40,0
47,10,0,0,40,0
54,12,0,0,45,0
39,9,0,0,40,0
45,11,0,0,3,0
22,9,0,0,40,0
43,10,0,0,40,1
24,10,0,0,30,0
34,9,0,0,48,0
19,10,0,0,40,0
36,12,0,0,37,0
45,9,0,0,48,1
51,10,0,0,50,0
35,11,7298,0,50,1
24,9,0,0,40,0
20,9,0,0,40,0
47,9,0,0,40,0
60,4,0,0,40,0
42,10,0,0,40,1
25,6,0,0,40,0
51,7,0,0,30,0
27,7,0,0,40,0
72,9,0,0,25,0
36,13,0,1887,35,1
41,14,0,0,40,0
26,11,0,0,65,1
43,14,0,0,45,0
23,9,0,1573,30,0
63,13,15024,0,45,1
32,13,15024,0,50,1
41,12,0,0,36,0
32,10,0,0,40,0
31,13,3908,0,50,0
58,9,0,0,72,0
31,12,0,0,40,0
39,9,0,0,38,0
43,13,1506,0,36,0
33,8,0,0,32,0
58,10,0,0,40,0
56,9,5013,0,40,0
46,9,3674,0,30,0
55,13,0,0,40,1
49,14,0,0,43,1
28,9,0,0,60,0
39,6,0,0,15,0
47,9,0,0,50,0
35,13,0,0,45,1
20,7,0,0,25,0
37,6,0,0,40,0
45,13,0,0,50,1
55,3,0,0,25,0
19,9,0,0,40,0
46,9,0,0,40,0
51,9,0,0,40,0
19,9,0,0,40,0
30,7,0,0,40,0
23,8,0,0,30,0
48,9,0,0,44,0
23,10,0,0,45,0
17,7,0,0,22,0
47,9,4650,0,40,0
21,10,4101,0,40,0
26,9,0,0,40,0
24,10,0,0,40,0
54,9,0,0,44,0
35,14,0,0,60,1
66,10,0,0,20,0
56,14,0,0,40,0
34,10,0,0,55,0
61,9,0,0,36,0
28,10,0,0,50,0
22,9,0,0,40,0
59,14,0,0,40,1
53,4,0,0,40,1
27,13,0,0,50,0
31,10,0,0,40,0
32,10,0,0,40,0
31,10,0,0,45,0
30,9,0,0,40,0
26,9,0,0,40,0
32,9,0,0,40,0
47,13,0,0,40,1
38,8,7688,0,40,1
44,10,0,0,40,0
49,9,0,0,40,0
59,11,0,0,40,0
40,10,0,0,44,1
45,10,0,0,40,0
35,12,0,0,60,0
19,10,0,0,40,0
39,13,0,0,45,1
69,15,0,0,3,0
35,9,0,0,60,0
26,9,0,0,45,0
37,10,0,0,35,1
59,9,0,0,20,0
52,10,0,0,40,0
36,12,0,0,45,0
31,9,0,0,35,0
53,9,0,0,40,0
17,7,0,0,12,0
48,9,0,0,30,0
18,9,0,0,37,0
32,7,0,0,40,0
26,9,0,0,70,0
26,13,0,0,40,0
22,13,8614,0,40,1
39,10,0,0,40,0
62,13,0,0,40,0
30,16,0,0,60,0
41,9,0,0,45,0
41,9,0,0,40,0
49,13,7688,0,30,1
45,13,0,0,45,1
44,13,0,0,45,0
24,9,0,0,40,0
34,9,0,0,50,0
44,4,0,0,48,0
60,4,0,0,40,0
29,9,0,0,37,0
43,6,0,1887,40,1
21,10,0,0,40,0
37,5,0,0,16,0
46,14,0,0,60,0
39,13,0,0,45,0
39,9,0,0,40,0
52,10,0,0,35,0
61,4,0,0,40,0
37,10,0,0,52,0
44,10,2202,0,45,0
42,11,0,0,37,0
21,10,0,0,40,0
65,11,0,0,50,1
63,3,0,0,19,0
31,13,0,0,90,1
40,14,0,0,45,1
29,11,0,0,40,0
58,10,0,0,36,0
27,12,0,0,40,0
59,9,0,0,60,0
48,10,0,0,50,1
26,15,2463,0,50,0
39,11,0,0,40,0
62,9,0,0,40,0
43,13,3103,0,40,1
24,13,0,0,50,0
22,9,0,0,55,0
41,13,7688,0,10,1
24,10,0,0,45,0
35,13,0,0,32,1
25,9,0,0,30,0
66,4,0,0,30,0
24,13,0,0,40,0
22,9,0,0,40,0
39,15,15024,0,50,1
37,9,0,0,40,0
51,9,0,0,43,0
55,6,0,0,40,0
66,10,0,0,40,0
47,9,0,0,40,1
44,9,0,0,40,0
20,10,0,0,40,0
62,9,0,0,24,0
64,4,0,0,40,0
38,9,0,0,50,0
47,13,0,0,40,1
55,9,0,0,44,0
30,10,0,0,40,0
18,7,0,0,16,0
48,14,0,0,40,1
29,13,0,0,50,1
63,9,0,0,35,0
41,9,0,0,40,0
59,13,0,0,40,0
42,9,0,0,40,0
47,9,0,1876,40,0
41,10,0,0,40,1
24,13,3908,0,40,0
35,9,0,0,40,0
20,10,0,0,20,0
42,13,0,1977,60,1
52,4,0,0,50,0
47,9,0,0,50,0
39,12,0,0,40,0
23,9,0,0,40,0
48,9,0,0,40,0
20,9,0,0,45,0
46,11,0,0,42,0
25,9,0,0,40,0
32,10,0,0,60,0
30,9,0,0,40,0
63,13,0,0,49,0
30,10,0,0,40,0
52,9,0,0,45,1
46,10,0,0,40,1
31,13,7298,0,50,1
37,9,0,0,40,0
40,9,0,0,38,0
65,10,1848,0,20,0
32,10,0,0,50,0
40,13,0,2258,48,0
71,9,0,0,70,0
33,13,0,0,45,0
32,9,0,0,40,0
35,10,0,0,40,0
60,16,0,0,65,1
44,11,4386,0,40,1
45,9,0,0,40,0
36,16,0,0,10,0
37,9,0,0,40,0
45,14,0,0,38,0
24,9,0,0,40,0
44,13,0,0,60,0
66,9,0,0,40,0
65,4,0,0,25,0
42,16,0,0,7,0
30,9,0,0,42,0
18,9,0,0,30,0
57,5,0,0,40,0
40,12,0,0,60,1
22,9,0,0,48,0
46,10,0,0,40,0
63,12,0,0,40,1
20,10,0,0,40,0
24,13,0,0,50,0
35,14,0,0,40,1
20,10,0,0,40,0
28,11,0,0,40,0
35,10,7688,0,20,1
37,9,0,0,60,0
21,11,0,0,40,0
43,14,0,0,40,1
31,5,0,0,40,0
23,10,0,0,40,0
56,14,0,1669,40,0
27,13,0,0,40,0
44,13,0,0,52,0
74,3,0,0,56,0
56,10,0,0,40,0
30,5,0,0,30,0
31,9,0,0,40,1
49,14,0,0,35,0
46,3,0,0,40,0
57,9,0,0,48,1
47,9,0,0,40,0
39,14,8614,0,52,1
36,13,0,0,40,0
27,15,0,0,42,1
41,13,0,0,40,1
65,9,2290,0,40,0
30,9,0,0,44,0
60,9,0,0,40,0
47,10,0,0,86,0
55,14,0,0,18,0
28,9,0,0,40,0
49,5,0,0,38,0
51,13,0,0,50,0
24,13,0,0,43,0
35,9,0,0,40,0
49,10,0,0,40,0
31,2,0,0,35,0
21,4,0,0,40,0
38,9,0,2051,40,0
49,9,0,0,40,0
63,9,0,0,20,0
25,11,0,1887,40,1
17,7,0,0,25,0
27,9,0,0,32,0
58,10,99999,0,40,1
48,14,0,0,40,1
33,9,0,0,40,0
25,9,0,0,48,0
43,9,0,0,48,1
72,9,0,0,8,0
28,13,8614,0,40,1
62,13,15024,0,40,1
20,10,0,0,40,0
33,9,0,0,40,0
37,9,0,0,40,0
29,10,0,0,40,0
59,13,0,0,40,0
52,13,0,0,40,1
36,5,0,0,40,0
38,10,0,0,40,1
55,13,0,0,40,1
47,14,0,0,40,1
55,10,0,0,45,0
36,9,0,0,45,0
35,13,0,1887,45,1
18,9,0,0,40,0
25,13,0,0,40,0
52,8,0,0,40,0
21,9,0,0,40,0
45,3,0,0,40,0
37,13,0,0,60,1
44,10,0,0,40,0
54,9,0,0,45,1
48,5,0,0,40,1
40,10,0,0,35,0
21,10,0,0,40,0
32,7,0,0,40,0
60,4,0,0,60,0
67,14,2009,0,40,0
31,6,2105,0,40,0
44,12,0,0,43,0
27,13,0,0,40,1
49,13,0,1902,40,1
45,10,0,0,40,0
40,13,0,0,75,1
56,13,0,0,45,1
40,12,0,0,40,0
31,9,0,0,40,0
54,10,0,0,30,0
19,10,0,0,40,0
72,9,0,0,30,0
53,13,0,0,40,0
19,10,0,0,40,0
50,9,0,2051,20,0
28,4,0,0,40,0
46,15,0,0,45,1
55,10,0,0,38,0
23,10,0,0,40,0
28,9,0,0,40,0
23,13,0,0,32,0
52,10,0,0,50,0
57,14,0,1977,40,1
28,9,0,0,48,0
39,9,0,0,40,1
40,9,0,0,50,0
49,10,3325,0,45,0
25,10,0,0,42,0
20,8,0,0,40,0
53,11,0,0,40,1
24,10,0,0,40,0
36,13,0,0,45,1
48,9,0,0,52,0
17,5,0,0,40,0
29,10,0,0,40,0
22,13,0,0,40,0
42,9,0,0,40,0
22,10,0,0,40,0
25,9,0,0,35,0
56,4,0,0,30,0
43,9,0,0,40,0
35,9,0,0,40,0
37,9,0,0,30,0
21,10,0,0,30,0
49,11,0,0,45,0
21,10,0,0,48,0
35,13,0,0,16,1
52,9,0,2051,40,0
52,13,0,0,40,0
22,4,0,0,40,0
25,13,0,0,40,0
33,9,0,0,40,0
61,13,0,0,40,0
19,9,0,0,40,0
40,9,0,0,60,1
20,10,0,0,25,0
36,10,0,0,25,0
21,9,0,0,40,0
33,7,0,0,40,0
54,9,0,0,30,0
30,9,0,0,40,0
69,13,9386,0,50,1
32,9,0,0,40,0
58,3,0,0,40,0
40,8,0,0,50,1
52,10,15024,0,55,1
21,9,0,0,32,0
55,14,0,1977,40,1
46,14,0,0,65,1
25,10,0,0,40,1
45,10,3137,0,40,0
19,7,0,0,30,0
52,10,0,0,50,0
52,6,0,1887,47,1
21,8,0,0,48,0
33,9,0,0,40,0
38,13,0,0,38,0
34,13,0,0,25,0
30,9,0,0,40,0
27,6,0,1980,40,0
20,5,0,0,40,0
18,7,0,0,20,0
46,11,0,0,40,0
50,9,0,0,40,1
45,13,0,0,40,0
29,11,0,0,40,1
35,9,0,0,40,0
20,10,0,0,18,0
25,9,0,0,45,0
42,9,0,0,40,0
42,10,0,0,40,1
49,13,0,1977,50,1
35,13,0,0,40,1
18,5,594,0,40,0
19,8,1055,0,40,0
31,10,0,0,40,0
39,14,0,1848,50,1
34,10,0,0,40,1
26,10,0,0,40,0
19,9,0,0,40,0
56,6,0,0,45,0
40,9,0,0,25,0
19,10,0,0,30,0
24,14,0,0,20,0
36,6,0,0,40,0
30,13,0,0,55,0
55,3,0,0,40,0
38,8,3942,0,40,0
29,6,0,0,12,0
56,6,0,0,35,1
49,9,0,0,30,0
46,9,0,0,54,0
32,7,0,0,40,0
35,16,0,0,20,0
35,9,0,0,40,0
45,15,0,0,50,1
30,13,0,0,40,0
35,15,4787,0,45,1
26,10,0,0,40,0
67,9,3818,0,11,0
44,13,0,0,40,0
23,9,0,0,40,0
67,9,991,0,18,0
54,16,0,0,60,1
30,13,0,0,50,0
47,11,0,0,40,1
51,9,0,0,40,0
36,2,0,0,20,0
48,9,0,0,40,0
33,10,0,0,50,0
65,9,1848,0,50,0
46,14,0,0,40,1
31,9,0,0,45,0
28,13,0,0,50,0
50,10,0,0,45,1
41,14,0,0,40,0
45,9,0,0,46,0
36,9,7688,0,40,1
27,5,0,0,40,0
29,10,0,1887,50,1
30,11,0,0,40,0
34,13,0,0,10,1
25,9,0,0,40,0
38,9,0,0,56,0
50,9,0,0,45,1
31,13,0,0,40,1
32,10,0,0,70,0
31,4,0,0,50,0
22,9,0,0,50,0
23,13,0,1719,40,0
39,13,0,1564,50,1
47,10,0,0,50,1
49,13,0,0,40,1
30,10,0,0,40,0
42,9,0,0,40,1
30,11,2463,0,40,0
37,13,0,0,45,0
48,10,0,0,40,1
40,11,0,0,40,0
43,10,0,0,40,0
25,13,0,0,40,0
47,13,0,0,40,0
69,14,0,0,25,0
40,10,0,0,40,0
58,9,0,0,45,1
41,9,0,0,40,1
29,6,0,0,25,0
57,13,0,0,40,1
21,10,0,0,35,0
43,13,0,1977,50,1
58,9,0,0,40,1
17,5,0,0,20,0
37,10,0,1485,44,1
20,1,0,0,32,0
29,11,0,1564,56,1
35,9,0,0,12,0
27,10,0,0,60,0
39,9,0,0,40,0
61,9,0,0,40,0
48,6,0,0,45,1
41,9,0,0,40,1
34,10,0,0,40,0
48,12,0,0,40,0
37,13,1151,0,35,0
37,9,3887,0,40,0
33,10,0,0,60,1
43,16,0,0,40,0
26,10,0,0,30,0
32,9,0,0,50,1
45,10,0,0,40,0
27,9,0,0,50,0
41,15,0,0,40,1
35,13,0,0,37,0
58,9,0,0,27,0
43,9,0,0,20,0
31,13,0,0,60,1
53,10,0,0,34,0
32,9,2977,0,35,0
19,10,0,0,24,0
34,9,0,1669,45,0
24,6,0,0,15,0
21,9,0,0,35,0
43,10,0,0,40,1
31,10,0,0,40,0
25,13,0,0,20,0
20,7,0,0,25,0
25,10,0,0,40,0
60,10,0,0,40,0
26,9,0,0,40,0
31,9,0,0,30,0
18,7,0,0,40,0
21,10,0,0,35,0
56,10,0,0,40,0
34,10,0,0,40,0
24,13,0,0,40,0
20,9,0,0,40,0
22,9,0,0,3,0
26,10,0,0,40,0
32,9,0,0,40,0
53,16,0,0,50,1
31,11,0,0,45,0
53,9,0,0,40,0
21,10,0,0,40,0
30,10,0,0,20,0
20,10,0,0,20,0
41,9,0,0,40,0
24,14,0,0,40,0
26,13,0,0,48,0
28,11,0,0,40,0
25,10,0,0,20,0
52,13,0,0,40,1
39,9,0,0,40,0
19,9,0,0,40,0
18,9,0,0,10,0
33,9,0,0,45,0
34,13,0,0,50,1
19,7,0,0,10,0
42,13,0,1887,40,1
49,10,0,0,20,0
32,9,0,0,40,1
33,9,0,0,40,1
63,9,0,0,40,0
56,9,0,0,40,1
32,13,0,0,40,0
39,10,7688,0,50,1
49,13,0,1902,50,1
20,9,0,0,42,0
22,9,0,0,40,0
59,9,0,0,45,0
30,9,0,0,35,0
40,11,0,0,40,1
46,10,0,0,60,0
41,10,0,0,45,1
36,10,0,0,40,0
35,10,0,0,45,0
61,8,0,0,40,0
69,13,0,2282,40,1
72,15,99999,0,50,1
42,14,0,0,40,1
32,13,0,0,40,0
33,10,0,0,39,0
55,9,0,0,40,0
64,6,0,0,40,0
39,13,0,1762,40,0
38,9,0,0,65,1
38,12,0,0,60,0
36,5,0,0,40,0
54,9,0,0,32,0
31,13,0,0,60,0
24,10,0,0,40,0
59,10,0,0,48,0
35,5,0,0,40,0
17,6,0,0,12,0
18,10,0,0,16,0
61,9,0,0,12,0
22,10,0,0,30,0
37,9,14344,0,40,1
26,10,0,0,37,0
40,12,0,0,2,0
24,13,0,0,40,0
68,14,3273,0,40,0
48,2,0,0,40,0
40,6,0,0,40,0
31,10,3464,0,45,0
40,9,0,0,40,0
29,9,0,0,40,0
30,13,0,0,40,0
48,9,0,0,40,0
36,10,0,0,60,0
27,13,0,0,20,0
35,10,0,2205,40,0
30,13,0,0,40,0
32,3,0,0,40,0
20,9,0,0,35,0
21,9,0,0,50,0
51,9,8614,0,40,1
47,9,0,0,35,0
21,10,0,0,20,0
41,13,0,0,40,0
57,9,0,0,50,1
51,9,0,0,40,0
47,9,0,0,42,0
39,10,0,0,40,1
46,10,0,1887,40,1
61,9,0,0,40,1
22,6,0,0,40,0
30,9,0,0,55,0
23,13,0,0,50,0
30,13,0,0,65,0
27,9,3464,0,40,0
24,9,0,0,40,0
54,9,0,0,49,0
22,9,0,0,20,0
32,10,0,0,40,0
32,13,0,0,40,0
32,10,0,0,50,0
17,7,0,0,30,0
29,13,0,0,40,0
27,10,0,0,24,0
33,11,0,0,40,0
37,13,4934,0,32,1
68,10,0,0,40,0
27,10,0,0,40,1
49,14,0,0,45,1
62,6,0,0,35,0
40,13,8614,0,40,1
49,11,0,0,40,1
22,2,0,0,24,0
45,14,4386,0,40,0
54,9,0,0,48,1
22,11,0,0,37,0
37,16,0,0,99,1
53,7,0,0,47,0
64,14,0,0,50,1
22,10,0,0,30,0
37,9,0,0,35,0
30,13,0,0,60,1
30,9,0,0,32,0
53,10,0,0,36,1
44,9,0,0,40,0
59,9,0,0,40,1
63,13,0,0,25,0
42,8,0,0,60,1
31,11,0,0,40,0
20,10,0,0,24,0
24,10,2407,0,40,0
44,9,0,0,40,1
68,9,0,0,40,0
52,9,0,1887,60,1
17,7,0,0,25,0
38,11,0,0,39,0
51,13,0,0,40,0
23,10,0,0,6,0
51,13,0,0,60,1
26,9,0,0,40,0
59,10,0,1848,45,1
51,10,0,0,40,1
42,12,0,0,40,0
47,10,0,0,50,1
42,13,0,0,72,1
20,12,0,1719,20,0
34,9,0,1980,40,0
70,10,0,0,20,0
44,7,5178,0,36,1
49,10,0,0,50,1
23,10,0,1617,25,0
46,10,0,0,10,0
29,8,0,0,42,0
42,11,0,0,30,0
38,12,0,0,40,0
25,12,0,0,45,0
49,10,0,0,30,0
42,12,0,0,55,1
44,14,0,1887,60,1
36,9,0,0,45,1
40,13,0,0,80,1
32,13,0,0,45,0
32,9,0,0,40,0
23,9,0,0,48,0
26,9,0,0,45,0
58,10,0,0,20,0
46,10,0,0,20,0
36,9,0,0,30,0
29,9,4386,0,40,1
50,13,0,0,80,0
33,9,0,0,46,1
42,10,0,0,60,0
26,10,4064,0,50,0
19,10,0,0,20,0
26,13,0,0,60,0
21,9,0,0,35,0
27,10,0,0,45,0
32,10,0,1980,40,0
30,9,0,0,40,0
39,9,0,0,40,0
30,7,0,0,40,0
38,7,0,0,52,0
58,13,0,0,35,0
46,14,0,0,45,1
26,9,0,0,40,0
39,12,0,0,35,0
58,13,14084,0,40,1
23,10,0,0,40,0
31,10,0,0,40,0
31,13,0,0,50,0
48,7,0,0,40,0
34,10,0,0,60,0
33,9,0,0,40,0
37,10,0,0,48,0
41,9,0,0,40,0
30,13,0,0,40,0
57,15,0,0,40,0
26,10,0,0,40,0
31,5,0,0,43,1
35,10,0,0,40,0
40,9,0,0,84,0
36,9,7298,0,60,1
53,6,0,0,40,0
56,10,0,0,60,0
30,15,0,1590,80,0
28,13,3103,0,40,1
42,10,0,0,45,0
21,9,0,0,35,0
19,9,0,0,15,0
36,9,0,0,40,0
49,9,0,0,45,0
32,6,0,0,37,0
28,13,0,0,50,1
33,12,0,0,50,0
41,9,0,0,40,0
43,9,0,0,30,1
40,13,0,0,40,1
32,10,0,0,40,0
28,9,0,0,70,1
19,8,0,0,30,0
33,12,0,0,36,0
59,9,0,0,40,0
26,11,0,0,40,1
54,10,0,0,40,1
41,3,0,0,40,0
21,9,0,0,20,0
60,14,0,0,25,0
45,9,0,0,40,0
45,14,0,0,40,0
37,10,0,0,40,0
33,14,0,0,45,1
19,9,0,0,30,0
48,13,0,0,60,1
23,10,0,0,40,0
24,11,0,0,40,0
26,10,0,0,38,0
30,10,0,0,60,0
30,9,0,0,25,0
43,13,0,0,50,1
37,10,0,0,40,0
26,9,0,0,40,0
56,14,0,0,16,0
58,13,0,0,50,0
40,13,7688,0,52,1
28,9,0,0,20,0
47,10,0,0,45,1
41,10,0,0,50,1
51,9,0,0,40,0
47,13,0,0,50,1
34,13,0,0,55,1
52,9,0,0,55,0
37,9,0,0,40,0
80,4,0,0,20,0
70,5,0,0,45,0
57,10,0,0,50,0
29,13,0,0,48,0
37,10,0,0,60,0
53,14,0,1977,40,1
22,12,0,0,27,0
30,9,0,0,35,0
19,10,0,0,30,0
83,9,0,0,20,0
39,12,0,0,30,0
70,5,2653,0,40,0
51,9,0,0,40,0
27,9,0,0,40,0
29,10,0,0,40,0
32,6,0,0,40,0
31,10,0,0,50,0
53,14,0,0,40,1
32,9,0,1672,40,0
29,10,0,0,40,0
36,9,0,0,20,0
41,9,0,0,40,1
38,10,0,0,35,1
18,8,0,0,25,0
39,9,0,0,45,0
49,13,15024,0,40,1
38,9,0,0,50,0
41,13,0,0,45,1
50,9,3137,0,47,0
44,13,0,0,40,1
29,10,1831,0,40,0
37,13,0,0,50,1
19,10,0,0,25,0
62,13,0,0,35,1
23,10,0,0,40,0
35,9,0,0,20,0
31,11,0,1740,40,0
29,9,0,0,42,0
34,14,0,0,50,0
42,13,0,0,50,0
43,9,0,0,45,0
52,10,0,0,65,0
32,13,0,0,40,0
53,10,0,0,35,0
44,6,0,0,40,0
51,10,0,2547,40,1
20,10,0,0,15,0
41,9,0,1848,40,1
23,13,0,0,42,0
28,13,0,0,40,0
26,9,0,0,40,0
44,9,0,0,40,0
33,9,0,0,35,0
33,9,0,0,36,0
45,13,0,0,40,1
40,13,0,0,40,1
36,9,0,0,38,0
43,14,0,0,50,1
32,13,0,0,50,1
36,13,0,0,50,0
69,10,1848,0,1,0
26,9,0,0,40,0
39,7,0,0,40,0
34,9,0,0,25,0
19,9,0,0,40,0
43,13,0,0,40,0
42,7,0,0,22,0
63,13,0,0,35,0
39,13,0,0,50,0
42,13,0,1977,40,1
29,9,0,0,40,0
29,13,0,1590,40,0
24,13,0,0,40,0
20,9,0,0,30,0
39,10,0,0,40,1
32,14,0,0,11,0
23,10,0,0,40,0
45,9,0,0,40,0
20,10,0,0,40,0
41,10,0,0,50,1
27,9,0,0,40,0
45,9,0,0,40,0
35,15,0,0,55,0
27,13,0,0,24,1
31,10,0,0,40,1
26,13,6849,0,65,0
19,9,0,0,40,0
27,13,0,0,45,0
32,14,13550,0,60,1
52,14,0,0,40,0
47,9,0,0,75,0
40,9,0,0,40,1
55,9,0,0,50,0
36,13,0,0,50,1
71,11,0,0,40,0
37,6,0,0,40,0
39,12,7298,0,40,1
22,9,0,0,24,0
18,5,0,0,20,0
63,10,0,0,40,0
18,10,0,0,40,0
58,9,0,0,60,1
31,9,0,0,70,1
41,9,0,0,40,0
39,10,0,0,20,0
44,8,0,0,40,1
22,9,0,0,36,0
46,14,0,0,60,1
43,13,0,0,45,1
29,13,0,0,40,0
20,9,0,0,30,0
38,11,0,0,40,1
58,9,0,0,10,1
24,5,0,0,40,0
49,1,0,0,40,0
36,13,2176,0,20,0
42,10,0,0,40,0
46,6,0,0,40,0
27,10,0,0,40,0
37,13,0,0,60,0
45,10,0,0,55,1
59,9,2414,0,15,0
36,12,0,0,40,1
37,9,0,0,40,0
51,10,0,0,40,0
40,13,0,0,40,0
20,9,0,0,40,0
61,4,0,0,40,0
25,11,0,0,55,0
45,13,0,0,40,0
26,13,0,0,30,0
38,10,3137,0,50,0
51,10,0,0,40,1
48,10,3325,0,60,0
52,10,0,0,40,0
48,10,0,0,40,0
41,9,0,0,60,0
49,10,0,0,46,0
32,14,0,0,45,1
37,13,0,0,50,0
18,7,0,0,15,0
33,5,0,0,45,0
41,10,0,0,50,0
85,9,0,0,35,0
71,12,0,0,3,0
69,10,0,0,25,0
36,13,0,0,50,1
24,13,0,0,20,0
30,8,0,0,40,0
44,10,0,0,55,0
22,9,0,0,35,0
41,13,7688,0,45,1
41,9,0,0,40,0
20,6,0,0,50,0
21,11,0,0,40,0
40,9,0,0,40,0
26,9,0,0,40,0
71,4,0,0,50,0
24,9,0,0,50,0
41,10,0,0,40,0
49,15,0,0,40,0
28,10,0,0,40,0
39,9,0,0,40,1
20,10,0,0,40,0
19,9,0,0,25,0
32,4,0,0,35,0
40,9,0,0,40,1
41,11,0,0,38,1
46,13,0,0,35,1
45,9,0,0,40,0
33,6,0,0,40,0
35,2,0,0,40,0
22,9,0,0,30,0
27,5,0,0,40,0
47,13,0,1902,45,1
21,10,0,0,45,0
17,7,0,0,10,0
40,6,0,0,40,0
27,9,0,0,40,0
56,11,15024,0,40,1
37,9,0,0,40,0
27,9,0,0,40,0
34,15,0,0,40,1
41,9,0,0,40,0
51,9,3103,0,40,1
48,10,0,1590,38,0
24,10,0,0,40,0
24,9,0,0,40,0
37,14,0,0,40,0
42,9,0,0,45,0
18,9,0,0,30,0
19,9,0,0,40,0
37,10,0,0,30,0
49,9,7298,0,43,1
69,9,0,0,33,0
45,9,0,0,40,0
20,9,0,0,40,0
44,10,0,0,60,1
64,9,0,0,25,0
31,12,0,0,40,0
29,11,0,0,40,0
45,10,0,0,75,0
47,10,0,0,38,0
31,9,0,0,40,0
49,4,0,0,99,0
34,11,0,0,40,0
32,13,0,0,40,0
18,10,0,0,20,0
30,13,0,0,40,1
37,10,4386,0,50,1
29,11,0,0,40,0
23,3,0,0,35,0
24,7,0,0,60,0
38,7,0,0,36,0
28,6,0,0,30,0
46,13,0,0,40,1
60,9,0,0,40,0
30,9,0,0,40,0
46,11,0,0,30,0
30,10,7688,0,40,1
34,9,0,0,40,0
32,15,0,0,40,0
43,9,0,0,40,0
33,9,0,0,40,0
44,10,0,0,50,0
53,14,0,0,40,1
61,9,4865,0,40,0
30,10,0,0,45,1
28,13,0,0,18,0
29,9,0,0,45,0
18,9,0,0,8,0
62,13,0,0,30,1
62,10,0,0,60,0
29,9,0,0,56,0
19,4,0,0,40,0
26,10,0,0,40,0
63,10,4386,0,40,1
24,10,0,0,40,0
60,11,0,2415,70,1
57,15,0,0,30,1
20,10,0,0,40,0
66,13,0,0,40,0
39,14,0,0,55,1
70,9,2228,0,24,0
44,13,0,0,60,0
38,14,0,0,40,0
56,10,0,0,48,0
24,13,0,0,55,0
41,9,0,1902,40,1
21,7,0,0,40,0
26,13,4865,0,35,0
40,14,0,0,35,0
35,13,0,0,50,0
43,13,7298,0,40,1
33,9,0,0,40,0
21,10,0,0,40,0
43,13,0,1902,40,1
20,10,0,0,40,0
23,9,0,0,72,0
44,12,0,1741,40,0
36,9,0,0,40,0
33,11,0,0,40,0
54,11,0,0,40,0
22,11,0,0,30,0
32,9,0,1902,55,1
48,9,0,0,48,0
37,10,0,0,50,1
19,9,0,0,25,0
35,9,0,0,40,0
54,10,0,0,50,0
19,10,0,0,15,0
46,11,3325,0,42,0
33,13,0,1579,42,0
62,14,0,0,24,0
80,9,0,0,32,0
25,10,0,0,42,0
26,9,0,0,40,0
39,9,0,0,40,0
47,9,0,0,40,1
28,9,0,0,40,0
61,12,0,0,42,0
37,13,0,1977,50,1
67,12,20051,0,4,1
21,9,0,0,50,0
44,9,0,0,40,0
41,9,0,0,40,0
31,11,0,0,40,0
30,10,0,0,35,0
58,11,0,1887,48,1
42,10,15024,0,32,1
69,6,0,0,10,0
29,14,0,0,40,1
34,13,0,0,40,1
35,11,0,0,44,0
51,9,7298,0,40,1
41,16,0,0,50,1
40,10,0,0,40,0
45,9,0,0,40,1
35,13,7298,0,8,1
39,14,0,0,99,1
51,11,0,0,40,0
32,16,0,0,77,0
38,9,0,0,40,0
63,6,0,0,40,0
24,12,0,0,30,0
40,13,0,0,40,0
18,8,0,0,30,0
24,13,0,0,40,0
51,13,0,0,40,0
24,13,0,0,44,0
22,10,0,0,30,0
48,7,0,0,40,0
24,9,0,0,40,0
38,6,0,3770,40,0
46,12,0,0,36,0
26,10,0,0,50,1
18,9,0,1602,20,0
46,11,0,0,40,0
29,9,0,0,45,0
37,3,0,0,36,0
67,7,0,0,20,0
60,10,3325,0,42,0
56,13,0,0,60,0
46,10,0,0,45,1
53,14,0,0,60,1
32,11,0,0,60,0
42,9,0,0,45,1
35,13,0,0,50,1
25,9,0,0,40,0
27,13,0,0,48,0
50,9,0,0,60,0
23,10,0,0,16,0
18,9,0,0,40,0
33,10,6849,0,50,0
61,9,0,0,35,0
28,10,0,0,40,0
37,14,0,0,45,1
42,13,10520,0,50,1
20,10,0,0,25,0
41,13,0,0,40,0
72,6,0,0,15,0
40,9,0,0,40,0
39,9,0,0,50,1
18,7,0,0,18,0
80,9,0,0,20,0
37,6,0,0,50,0
27,3,0,0,75,0
27,10,0,0,40,0
19,9,0,0,40,0
19,10,0,0,50,0
30,13,0,0,50,0
31,7,0,0,42,0
68,6,0,0,20,0
26,13,0,0,40,0
34,13,0,0,45,0
46,11,0,0,40,0
50,16,0,0,60,1
34,4,0,0,40,0
56,7,0,0,50,0
53,9,0,0,45,0
31,9,0,0,24,0
51,15,0,0,80,1
28,13,5178,0,50,1
30,13,0,0,60,0
18,7,0,0,5,0
26,10,0,0,45,1
47,13,15024,0,40,1
51,9,0,0,40,1
41,13,0,0,30,0
32,15,0,1977,60,1
60,9,10520,0,40,1
55,9,0,0,40,0
34,10,0,0,40,0
51,9,0,0,40,1
37,13,0,0,40,0
34,10,0,0,40,0
57,9,0,0,40,0
45,10,0,0,40,0
59,7,0,0,40,0
31,12,0,0,32,0
39,9,0,0,65,0
35,9,0,0,40,0
53,10,0,0,50,0
36,11,0,0,50,0
55,9,0,0,40,0
62,11,7298,0,50,1
49,9,0,2377,40,1
26,9,0,0,40,0
27,9,0,0,60,0
23,10,0,0,12,0
28,15,0,0,40,0
27,13,0,0,40,0
70,9,0,0,4,0
24,10,0,0,50,0
27,10,0,0,45,0
28,13,0,1564,40,1
32,14,0,0,50,0
68,1,0,0,10,0
51,9,0,0,40,0
39,10,0,0,40,1
34,9,0,0,40,0
43,13,0,0,40,1
69,14,0,0,11,0
33,13,0,0,40,0
40,9,0,0,48,0
21,10,0,0,40,0
61,8,0,0,40,0
41,3,0,0,40,0
39,5,0,0,43,0
22,9,0,0,35,0
58,10,7298,0,60,1
22,13,0,0,20,0
31,13,0,0,72,1
33,9,0,0,50,0
53,9,15024,0,60,1
40,7,0,0,30,0
36,14,10520,0,45,1
19,9,0,0,30,0
61,9,0,0,40,0
41,11,0,0,43,0
44,11,3411,0,40,0
23,9,0,0,45,0
24,13,0,0,39,0
54,9,0,0,98,1
51,9,7298,0,40,1
21,10,0,0,25,0
24,9,0,0,38,0
33,9,0,0,40,0
38,6,0,0,40,1
19,10,0,0,40,0
58,7,0,0,16,0
24,13,0,1741,45,0
48,9,0,0,50,0
53,13,0,1876,54,0
36,13,5013,0,50,0
32,13,0,0,40,1
66,15,20051,0,55,1
18,9,0,0,20,0
21,10,0,0,35,0
18,9,0,0,40,0
22,9,0,0,25,0
37,13,0,0,55,0
25,10,3418,0,30,0
44,13,0,0,30,0
65,9,0,0,40,0
59,9,0,0,40,1
46,15,0,1902,45,1
48,14,0,0,55,1
39,13,0,0,40,0
35,9,0,0,40,0
58,9,0,0,20,1
43,3,0,0,40,0
58,11,0,0,40,0
58,9,0,0,50,0
23,9,0,0,40,0
47,13,0,0,40,0
44,10,0,0,80,0
49,9,0,0,40,0
31,13,0,0,50,1
30,13,0,0,15,0
28,11,0,0,55,0
68,4,0,0,8,0
17,6,0,0,20,0
36,4,0,0,35,0
37,9,0,0,46,0
22,10,0,0,30,0
24,9,0,0,40,0
51,9,0,0,44,0
72,13,0,0,30,0
23,9,0,0,40,0
32,14,0,0,48,0
27,4,0,974,40,0
25,5,2907,0,40,0
66,9,2050,0,55,0
30,13,0,0,36,1
57,9,0,0,40,0
53,11,4386,0,40,1
38,13,0,0,60,0
25,10,0,0,40,0
27,10,0,0,40,0
51,10,0,0,50,0
31,9,0,0,18,0
29,12,0,0,40,0
47,9,0,0,40,0
37,9,0,0,68,0
28,16,0,0,18,0
28,9,0,0,40,0
39,7,0,0,40,0
34,9,0,0,40,0
47,10,0,0,40,0
50,9,5178,0,40,1
52,10,0,0,45,1
30,9,4650,0,40,0
49,9,5013,0,60,0
42,9,0,0,40,0
23,10,0,0,20,0
17,7,0,0,12,0
47,16,0,0,40,1
38,14,0,0,40,1
34,9,0,1848,50,1
51,16,4386,0,52,1
31,9,0,0,16,0
50,13,7688,0,50,1
48,9,0,0,40,0
75,9,3456,0,40,0
40,9,0,0,40,0
54,9,0,0,40,0
50,9,0,0,40,0
42,10,3325,0,40,0
22,10,0,0,40,0
43,14,0,2547,40,1
34,9,0,0,30,0
43,10,0,0,40,1
55,6,0,0,35,0
46,13,0,0,35,0
48,9,0,0,40,0
19,10,0,0,40,0
48,2,0,0,40,0
40,9,0,0,4,0
22,13,0,0,9,0
29,10,0,0,40,1
26,13,0,0,40,0
50,9,0,1902,40,1
27,10,0,0,65,0
49,14,0,0,50,1
28,9,0,0,50,0
38,11,0,0,15,0
35,5,0,0,50,0
29,14,0,0,50,0
36,16,0,0,60,1
27,13,0,0,99,0
31,7,0,0,40,0
54,13,0,0,40,0
25,9,0,0,40,0
19,9,0,0,34,0
27,10,0,0,45,0
58,9,0,0,40,0
60,10,0,0,40,1
23,13,0,0,20,0
37,5,0,0,48,0
26,13,0,0,40,0
25,9,0,0,40,0
54,10,0,0,40,0
29,16,0,0,40,0
46,13,0,0,70,0
24,10,0,0,40,0
25,13,0,0,40,0
18,10,2176,0,40,0
45,9,0,0,84,1
33,10,5178,0,40,1
36,10,0,0,39,0
57,5,0,0,52,0
23,13,0,0,40,0
51,7,4386,0,30,1
23,9,0,0,40,0
51,9,0,0,38,0
39,9,0,0,40,0
19,7,0,0,25,0
32,9,0,0,55,1
37,11,5455,0,40,0
17,7,0,0,15,0
54,10,0,0,40,0
46,8,7298,0,40,1
46,9,0,0,40,0
33,10,0,0,40,0
30,9,0,0,66,0
38,10,0,0,40,0
21,9,0,0,40,0
37,10,0,0,50,0
33,9,0,0,40,0
63,10,7298,0,48,1
20,10,0,0,10,0
41,13,3103,0,35,1
40,16,0,0,40,1
32,9,0,0,10,0
28,9,0,0,65,1
36,15,0,0,40,0
40,10,0,0,50,1
21,11,0,0,40,0
53,14,0,0,50,1
55,11,0,0,40,1
24,13,0,0,25,0
35,9,0,0,70,0
43,5,0,0,50,0
53,10,0,0,43,0
19,9,0,0,40,0
44,13,0,0,40,0
32,12,0,0,40,0
20,9,0,0,28,0
36,9,0,0,40,1
23,13,0,0,40,0
57,10,0,0,40,0
51,9,0,0,45,1
31,9,0,0,25,0
38,10,0,0,40,1
23,10,0,0,40,0
35,9,0,0,40,0
42,13,0,0,40,0
40,15,14084,0,50,1
30,13,0,0,40,0
32,9,0,0,40,0
38,9,0,0,20,0
38,10,0,0,40,0
51,7,0,0,45,1
34,9,0,0,40,0
20,9,0,0,40,0
48,10,0,0,20,0
24,10,0,0,44,0
17,9,0,0,20,0
40,6,0,0,40,0
23,13,0,2231,40,1
52,11,15024,0,40,1
48,9,0,0,40,1
49,13,0,0,40,0
35,10,0,0,40,0
41,7,0,0,40,0
34,9,0,0,55,1
19,10,0,0,38,0
21,10,0,0,40,0
27,9,0,0,99,0
34,11,0,0,40,0
18,10,0,0,24,0
28,2,0,0,77,0
36,10,0,0,52,0
38,13,0,0,60,0
27,10,0,0,50,0
50,13,0,0,45,1
70,10,10566,0,40,0
35,9,0,0,30,0
33,9,0,0,20,0
36,13,0,0,40,0
26,9,0,0,24,0
26,9,0,0,20,0
26,9,0,0,25,0
40,10,0,0,55,1
43,13,0,0,50,1
50,9,7298,0,30,1
29,10,0,0,20,0
50,9,0,0,40,0
38,10,0,0,40,0
34,10,0,0,40,0
43,13,0,0,50,1
28,13,0,0,48,0
38,13,0,0,40,1
42,14,0,0,40,1
32,9,0,0,40,0
46,9,0,0,37,0
36,9,0,0,45,0
29,13,0,0,40,1
31,9,0,0,55,0
19,7,0,0,40,0
62,10,0,0,40,1
32,10,0,0,99,0
32,9,0,0,40,0
48,6,0,0,70,0
78,4,0,0,60,0
27,9,0,0,40,0
51,11,0,0,50,0
21,10,0,0,40,0
22,13,0,0,40,0
32,9,0,0,65,1
57,10,0,0,40,0
41,13,0,0,40,1
36,9,0,0,40,0
30,9,0,0,40,0
27,10,0,0,25,0
42,10,0,0,40,0
45,10,0,0,50,0
28,12,0,0,45,0
80,15,0,0,35,1
31,9,0,0,50,0
27,7,0,0,40,0
20,10,0,0,40,0
26,13,0,0,58,1
68,9,0,3683,40,0
29,9,0,0,38,0
29,10,0,0,40,0
18,10,0,0,20,0
25,10,0,0,40,0
36,10,0,0,35,0
22,13,0,0,40,0
62,9,0,0,48,0
62,9,0,0,40,0
73,9,0,0,30,0
29,13,0,0,50,0
30,10,0,0,40,0
43,13,0,0,40,0
30,9,0,0,50,0
27,9,0,0,40,1
28,7,0,0,50,1
36,15,0,0,80,1
41,13,0,1902,55,1
33,9,0,2258,84,0
28,9,0,0,40,0
34,13,0,0,40,0
53,9,0,1977,40,1
48,14,0,0,40,1
18,7,0,0,16,0
57,9,2174,0,40,0
20,10,0,0,20,0
22,10,0,0,25,0
46,14,0,0,40,0
44,13,0,0,16,1
20,9,0,1590,40,0
68,16,0,2377,60,1
43,14,0,0,50,0
25,9,0,0,40,0
20,10,1055,0,20,0
30,14,0,0,15,1
46,9,0,0,50,0
28,10,0,0,40,0
35,9,0,0,50,0
38,9,0,0,40,1
28,11,4650,0,40,0
35,9,0,0,40,0
24,13,0,0,40,0
25,12,0,0,60,0
19,10,0,0,40,0
20,10,0,0,29,0
28,10,7298,0,32,1
60,13,0,1977,45,1
36,9,5013,0,40,0
41,14,15024,0,70,1
67,13,0,0,35,0
25,13,13550,0,35,1
47,11,0,0,50,0
34,15,0,0,55,1
21,10,0,0,47,0
41,10,0,0,40,0
49,9,0,0,38,0
61,15,0,1902,40,1
24,13,0,0,40,0
56,9,0,0,55,0
25,10,2174,0,40,0
41,10,0,0,40,0
19,9,0,0,42,0
20,10,0,0,20,0
40,11,2829,0,40,0
26,13,0,0,55,0
57,14,15024,0,40,1
30,10,0,0,50,1
55,9,0,1977,45,1
36,9,0,0,38,0
65,9,9386,0,10,1
40,13,0,0,40,1
66,6,2050,0,40,0
30,10,0,0,16,0
59,10,0,0,40,1
37,13,0,0,30,0
35,10,13550,0,60,1
33,9,0,0,60,0
24,9,0,0,40,0
40,9,0,0,51,0
45,10,5013,0,40,0
20,9,0,0,25,0
35,9,0,0,40,0
19,10,0,0,35,0
47,13,0,2002,30,0
45,9,0,0,48,0
22,7,0,0,35,0
39,14,0,0,40,0
38,9,0,0,40,1
58,13,15024,0,40,1
24,3,0,0,40,0
69,10,0,0,15,0
39,6,0,1721,15,0
26,10,0,0,40,0
36,13,0,0,50,1
65,12,3818,0,40,0
34,14,0,0,60,1
33,6,0,0,40,0
19,9,0,0,10,0
24,2,0,0,55,0
34,9,0,0,40,0
19,10,0,0,16,0
32,9,0,0,40,0
50,10,0,0,40,0
62,13,7688,0,50,1
49,13,0,0,40,0
23,10,0,0,40,0
27,10,0,0,60,0
35,4,0,0,40,0
45,9,0,0,45,0
18,10,0,0,15,0
39,10,0,0,50,1
29,9,0,2057,20,0
26,10,0,0,40,0
48,9,0,0,40,1
35,10,0,2377,40,0
20,10,0,0,10,0
51,9,0,0,40,1
55,9,0,0,40,0
43,13,0,0,50,0
39,10,0,0,40,0
65,13,0,0,44,1
54,9,0,0,44,1
39,9,0,0,40,0
39,13,0,0,60,1
26,13,0,0,40,1
25,13,0,0,30,0
58,9,0,0,40,0
51,12,0,0,40,0
43,9,0,0,40,0
25,9,0,0,35,0
23,13,0,0,45,0
25,9,0,0,40,0
35,7,6849,0,40,0
50,9,0,0,50,1
32,9,0,0,40,0
21,10,0,0,40,0
61,13,0,0,12,0
24,9,594,0,40,0
31,10,0,0,38,0
56,10,0,0,40,1
37,7,0,0,37,0
36,14,0,0,50,1
17,7,0,0,15,0
17,6,0,0,20,0
37,3,0,0,40,0
31,9,0,0,40,0
17,6,0,0,30,0
20,9,0,0,60,0
34,14,0,0,40,0
29,8,0,0,40,0
36,11,0,0,40,0
52,11,0,0,40,0
37,13,0,0,40,0
43,9,0,0,35,1
38,9,0,0,48,0
28,6,0,0,30,0
25,10,3103,0,50,1
22,10,0,0,25,0
63,6,0,0,31,0
33,10,0,0,65,0
25,10,0,0,30,0
48,9,0,0,40,0
21,9,0,0,40,0
54,10,0,0,40,0
36,14,0,1977,50,1
46,13,0,0,43,0
26,13,0,0,20,0
25,9,0,0,40,0
24,13,0,0,40,0
37,10,0,0,40,1
38,9,0,0,40,0
58,10,0,0,36,0
41,13,0,0,40,1
20,9,0,0,48,0
52,9,0,0,20,0
23,10,0,0,40,0
21,10,0,0,40,0
57,9,0,0,40,0
17,7,0,0,20,0
46,9,0,0,40,0
29,9,0,0,40,0
23,13,0,0,40,0
31,10,0,0,65,1
45,9,0,0,40,0
20,9,0,0,43,0
46,9,0,0,40,0
46,10,0,0,60,1
62,9,0,0,40,0
19,10,0,0,10,0
39,9,0,0,70,0
27,14,0,0,52,0
34,7,0,0,40,0
21,9,0,0,35,0
32,6,0,0,42,0
44,13,0,0,40,1
37,9,27828,0,40,1
26,13,0,0,20,0
33,9,5013,0,40,0
66,13,0,2206,25,0
43,13,0,0,60,1
73,10,0,2174,50,1
32,13,0,1887,45,1
23,13,2907,0,40,0
41,9,0,0,40,1
39,9,0,0,40,0
42,9,5455,0,50,0
28,9,0,0,45,0
47,9,0,0,45,0
51,5,0,0,40,0
49,9,0,1672,44,0
37,7,0,0,40,0
25,9,0,0,40,0
43,14,0,0,50,1
32,10,0,0,40,0
30,10,0,0,99,0
67,4,0,0,4,0
18,9,0,0,25,0
27,10,0,0,40,0
57,16,0,1977,40,1
31,13,0,0,40,0
56,9,0,0,50,0
29,13,0,0,40,1
40,13,7298,0,40,1
30,9,0,0,40,0
27,13,0,0,35,0
18,7,0,0,18,0
35,13,0,0,40,0
26,14,5013,0,40,0
44,9,0,0,40,0
61,10,0,1902,35,1
44,10,1506,0,45,0
17,7,0,1602,40,0
56,9,0,0,40,0
23,9,0,0,40,0
25,10,0,0,40,1
67,4,0,0,20,0
39,12,0,0,45,0
42,10,0,0,40,0
34,1,0,0,25,0
51,10,0,0,40,0
23,10,0,0,40,0
45,9,0,0,40,1
24,9,0,0,30,0
17,6,0,0,15,0
21,9,0,0,40,0
34,10,0,0,40,0
32,13,0,0,50,0
39,9,0,0,40,0
42,10,0,0,40,0
64,13,0,0,40,0
41,9,0,0,40,0
29,9,0,0,80,0
50,10,4064,0,55,0
38,10,0,0,40,1
63,5,5178,0,40,1
40,10,0,0,40,0
45,9,3325,0,40,0
55,9,0,0,40,0
35,9,0,0,40,0
25,12,0,0,40,0
50,14,0,0,40,0
30,9,0,0,50,1
36,9,0,0,50,0
34,13,0,0,45,0
22,9,0,0,40,0
36,16,0,0,50,0
51,14,7298,0,50,1
35,9,0,0,30,0
41,12,0,0,60,1
23,11,0,0,40,0
58,9,0,0,40,0
28,13,0,0,40,0
17,5,0,0,40,0
24,10,0,0,50,0
25,4,0,0,32,0
59,13,0,0,50,1
19,9,0,0,10,0
33,11,0,0,62,0
31,9,0,0,40,0
25,10,0,0,20,0
49,9,0,0,40,0
23,9,0,0,40,0
41,9,0,1887,55,1
33,7,0,0,17,0
46,13,0,0,50,0
47,10,0,0,40,0
21,13,0,0,40,0
53,3,0,0,45,0
44,9,0,0,37,0
52,10,0,0,40,0
29,13,0,0,30,0
28,13,0,0,40,0
57,13,0,0,40,1
36,9,0,0,40,0
30,13,0,0,40,1
69,10,0,0,32,0
63,9,0,0,12,0
39,12,0,0,40,0
37,9,0,0,85,0
36,10,0,0,40,0
35,13,0,0,40,1
43,9,0,0,40,0
39,10,0,0,40,0
23,9,0,0,40,0
55,14,0,2267,40,0
40,13,13550,0,40,1
31,10,0,0,40,0
47,13,6497,0,40,0
39,9,0,0,40,0
46,10,3103,0,40,1
28,10,0,0,40,0
45,14,0,0,50,1
49,9,0,0,35,0
50,10,0,0,40,0
35,9,0,0,40,1
55,9,0,0,40,0
32,13,0,0,40,0
37,9,0,0,50,1
45,9,0,0,35,0
37,9,0,0,40,0
40,13,2174,0,40,0
49,10,7298,0,40,1
36,9,0,0,45,1
46,10,0,0,24,0
65,10,0,0,15,0
22,8,0,0,40,0
36,8,0,0,45,0
52,2,0,0,56,1
19,9,0,0,25,0
68,4,0,0,15,0
20,10,0,0,30,0
28,5,0,0,42,0
47,13,0,0,40,0
34,9,0,0,40,0
47,11,15024,0,50,1
40,11,4386,0,40,0
30,7,0,0,40,0
63,13,0,0,40,1
29,9,0,0,40,0
42,15,15024,0,65,1
19,10,0,0,20,0
17,7,0,0,24,0
31,13,0,0,40,1
29,9,3464,0,40,0
55,13,3464,0,40,0
22,3,0,0,40,0
35,10,0,0,38,0
46,13,0,0,40,1
17,7,0,0,10,0
50,14,15024,0,50,1
63,9,0,0,15,0
35,10,0,0,40,0
63,9,0,0,20,0
46,10,0,1887,45,1
19,10,0,0,40,0
27,10,0,0,40,0
19,8,0,0,18,0
57,6,0,0,40,0
32,13,0,0,40,0
47,13,3103,0,60,1
37,13,0,0,40,0
58,9,0,0,50,0
38,10,0,0,40,0
22,9,0,0,50,0
44,10,0,0,40,0
33,9,0,0,38,0
58,13,0,0,40,1
34,10,0,0,65,1
29,4,0,0,40,0
46,5,0,0,40,0
37,11,0,0,52,0
28,9,0,0,38,0
53,9,6849,0,40,0
29,9,0,0,10,0
68,9,0,0,40,1
20,9,0,0,40,0
29,9,0,0,40,0
60,9,0,0,40,0
49,4,2407,0,50,0
37,9,1506,0,40,0
33,11,0,0,65,0
21,10,0,0,8,0
29,13,0,0,20,0
48,13,15024,0,50,1
23,10,0,0,40,0
52,13,0,0,48,1
45,13,0,0,40,0
23,10,0,0,40,0
52,9,0,0,40,0
26,10,0,0,35,0
33,9,0,0,40,0
23,13,0,0,40,0
23,10,0,0,40,0
51,14,0,0,40,0
44,10,0,0,45,1
22,11,0,0,25,0
29,13,3325,0,45,0
45,9,0,0,30,0
34,11,0,0,50,0
74,6,0,0,1,0
31,4,0,0,25,0
23,11,0,0,40,0
32,13,0,0,40,0
48,13,0,0,37,1
52,11,0,0,40,0
45,13,0,0,55,0
58,13,8614,0,40,1
21,10,0,0,30,0
60,9,0,0,40,0
31,9,0,0,40,0
46,13,99999,0,40,1
40,12,0,0,40,0
36,9,0,0,18,0
32,11,0,0,24,1
41,9,0,0,35,0
36,10,0,0,40,0
45,16,0,0,40,1
76,14,0,0,10,0
68,9,0,0,30,0
25,9,0,0,40,0
52,5,0,0,40,0
54,5,0,0,40,0
20,10,0,0,30,0
25,10,0,0,40,0
54,9,0,0,40,0
42,13,8614,0,45,1
49,9,0,0,40,0
47,10,0,0,25,0
25,13,0,0,50,0
62,10,0,0,25,0
48,10,7298,0,40,1
20,10,0,0,30,0
28,9,0,0,40,0
24,9,0,0,40,0
32,14,0,0,40,0
75,9,0,0,35,0
36,9,0,0,40,0
70,3,0,0,20,0
19,9,0,0,40,0
23,9,0,0,40,0
63,16,0,2559,60,1
39,9,0,0,40,0
43,9,0,0,40,0
43,9,0,0,40,1
25,13,0,0,50,0
32,10,4101,0,50,0
26,7,0,0,35,0
54,5,0,0,15,0
43,13,0,0,70,1
31,9,0,0,40,0
29,12,0,0,45,0
38,11,0,0,40,0
41,10,0,0,50,0
27,12,0,0,35,0
24,6,0,0,49,0
31,9,0,0,35,0
35,11,0,0,40,1
20,10,0,0,40,0
50,9,0,0,35,1
23,9,0,0,40,0
47,10,0,0,40,1
38,13,0,0,35,0
23,10,0,0,24,0
53,9,0,0,45,1
22,10,0,0,20,0
66,9,0,0,35,0
68,10,0,0,45,0
27,11,0,0,35,0
35,13,0,0,45,0
53,9,0,0,30,0
34,11,0,0,18,0
54,9,0,0,40,1
19,8,0,0,16,0
18,6,0,0,27,0
37,10,0,0,45,0
63,4,0,0,40,0
31,15,0,0,80,0
19,7,0,0,15,0
22,10,0,0,40,0
55,9,0,0,50,0
50,11,3103,0,55,1
42,5,0,0,40,0
45,13,0,0,45,1
37,10,0,0,40,0
24,10,0,0,15,0
34,4,0,0,40,0
37,15,0,0,40,1
29,11,0,0,40,0
20,10,0,0,20,0
56,4,0,0,40,1
51,11,0,0,40,1
48,10,0,0,40,1
74,9,0,0,15,0
52,3,0,0,40,0
30,3,3464,0,40,0
61,10,0,0,40,0
48,11,0,0,56,1
21,10,0,0,40,0
41,9,2354,0,40,0
51,13,0,0,40,0
51,9,0,0,40,0
48,9,0,0,44,1
53,9,0,1504,35,0
76,9,0,0,30,0
34,9,0,0,35,0
33,13,0,0,65,0
42,10,0,0,40,0
21,10,0,0,20,0
69,10,0,0,24,0
59,2,0,0,40,0
57,10,0,0,40,0
28,13,0,0,40,0
65,9,0,0,40,1
65,10,0,0,40,1
37,11,0,0,40,1
43,9,0,0,60,0
20,10,0,0,40,0
30,9,0,0,50,0
37,9,0,1848,48,1
17,7,0,0,25,0
45,14,7688,0,50,1
56,9,0,0,40,0
22,9,0,0,40,0
57,10,0,0,40,0
24,9,0,0,50,0
18,9,0,0,40,0
62,10,0,0,20,0
23,9,0,0,45,0
26,13,0,0,40,0
27,13,0,0,45,1
41,10,0,0,32,1
17,10,0,0,40,0
31,9,0,0,40,0
23,9,0,0,40,0
23,10,0,0,30,0
72,9,0,0,40,1
43,15,0,0,50,1
26,13,0,0,25,0
42,10,0,0,45,0
19,9,0,0,40,0
26,13,0,0,40,0
21,10,0,0,25,0
39,9,0,0,50,0
52,10,0,0,52,1
20,9,0,0,40,0
51,16,15024,0,84,1
45,6,0,0,40,0
21,10,0,0,40,0
41,10,0,0,50,0
57,9,0,0,40,0
25,10,0,0,40,0
23,10,0,0,40,0
50,10,0,0,40,0
29,11,0,0,40,0
33,8,0,0,40,0
60,11,0,0,20,0
33,13,15024,0,75,1
61,9,0,0,37,0
38,9,0,0,50,0
20,10,0,0,40,0
46,14,0,1740,60,0
18,10,0,0,28,0
41,4,0,0,40,0
31,6,0,0,40,0
46,9,0,0,15,0
64,3,0,0,16,0
66,3,0,0,40,0
22,8,0,0,30,0
21,10,0,0,20,0
62,9,0,0,38,0
63,9,0,0,40,0
27,10,0,0,50,0
23,10,0,0,20,0
25,13,0,0,20,0
27,13,0,0,45,1
21,10,1055,0,32,0
34,6,0,0,40,0
38,7,0,0,40,0
57,10,0,0,40,1
37,10,0,0,80,1
22,9,0,0,15,0
33,7,0,0,20,0
17,6,0,0,10,0
43,3,0,0,40,0
23,13,3325,0,40,0
62,9,0,0,36,0
37,13,15024,0,40,1
22,11,0,0,44,0
33,9,0,0,40,0
29,12,0,0,40,0
38,12,0,0,50,1
32,13,0,0,40,0
67,3,0,0,49,0
25,9,0,0,40,0
17,6,0,0,15,0
18,8,0,0,32,0
26,9,0,0,40,0
40,11,0,0,38,1
45,12,0,0,50,1
53,10,0,0,40,0
43,11,0,0,40,0
33,4,0,0,43,0
55,5,0,0,55,0
25,10,0,0,40,0
34,6,0,0,35,0
21,11,0,0,30,0
31,14,0,0,50,0
62,5,0,0,40,0
47,13,0,0,40,0
26,9,0,0,28,0
19,9,0,0,35,0
38,10,0,0,12,0
37,9,0,0,40,0
35,9,0,0,40,0
49,13,0,0,40,0
20,10,0,0,25,0
21,10,0,0,20,0
25,13,0,0,40,0
18,10,0,0,10,0
20,9,0,0,40,0
61,8,0,0,40,0
38,13,0,0,40,1
40,9,0,0,40,1
22,7,0,0,50,0
56,10,0,0,40,0
53,9,0,0,28,1
43,10,0,0,40,0
23,10,0,0,40,0
23,10,0,0,48,0
48,11,0,0,40,0
27,6,0,0,60,0
46,11,0,0,40,1
30,12,0,1848,50,1
21,10,0,0,70,0
54,9,0,0,40,0
20,9,0,0,20,0
36,11,0,0,60,1
17,6,0,0,16,0
38,9,0,0,24,0
25,9,0,0,50,0
19,10,0,0,40,0
35,10,7688,0,38,1
50,9,0,0,40,0
18,7,0,0,15,0
21,10,0,0,20,0
38,4,0,0,40,0
38,13,0,0,40,0
37,10,0,0,55,0
53,15,0,0,40,0
32,13,0,0,40,0
33,9,0,0,70,0
30,10,0,0,50,0
50,10,0,0,48,0
39,10,0,0,40,1
32,10,0,0,32,0
26,13,0,0,40,0
47,13,0,0,45,0
37,12,0,0,40,0
56,9,0,0,40,1
35,16,0,0,40,1
52,9,0,0,60,1
29,15,2174,0,72,0
62,9,0,0,48,0
68,3,0,0,22,0
27,13,0,0,40,0
47,10,0,0,20,0
32,10,0,0,38,0
33,9,0,0,25,0
23,13,0,0,30,0
46,5,0,0,40,0
64,7,0,0,40,0
53,10,0,0,50,0
22,9,0,0,40,0
24,9,0,0,30,0
33,10,0,0,40,1
30,9,0,0,45,0
49,3,0,0,40,0
35,9,0,1408,40,0
42,13,3137,0,40,0
43,14,0,0,50,1
37,11,0,0,40,1
60,4,0,0,15,0
32,9,0,0,40,0
63,9,0,0,40,0
58,9,0,0,40,0
42,14,0,0,50,1
19,10,0,0,40,0
34,9,0,0,70,0
28,7,0,0,40,0
55,16,0,0,70,1
35,13,0,0,55,1
58,14,0,1980,45,0
40,9,0,0,40,0
71,10,0,0,10,0
25,7,0,0,40,0
52,9,0,0,40,0
22,10,0,0,25,0
42,13,0,0,40,0
60,9,15024,0,15,1
31,9,0,0,40,0
18,9,0,0,48,0
34,6,0,0,40,0
57,13,7298,0,40,1
41,10,0,0,7,0
48,13,0,0,40,1
38,15,0,0,40,0
39,13,0,0,24,0
20,10,0,0,40,0
37,8,0,0,35,0
59,10,0,0,40,0
39,9,0,1887,46,1
55,10,0,0,40,0
48,16,0,1902,40,1
21,10,0,0,35,0
19,10,0,0,40,0
21,11,0,1504,40,0
47,3,0,0,40,0
45,13,0,1408,40,0
67,10,0,0,44,0
18,9,0,0,40,0
42,11,0,0,40,1
54,2,0,0,40,0
26,10,0,0,60,0
33,9,0,0,40,0
43,9,0,0,40,0
39,11,0,0,50,0
36,13,0,0,50,1
60,14,0,0,60,1
28,10,0,0,7,0
23,10,0,0,20,0
42,13,0,0,40,1
59,9,0,0,24,0
56,7,0,0,45,0
57,14,0,0,55,1
27,9,0,0,40,0
25,9,0,0,40,0
49,9,0,0,40,0
43,14,0,0,50,0
28,9,0,0,40,0
24,13,0,0,40,0
35,10,0,0,40,0
61,9,0,0,40,0
47,9,0,0,40,1
20,10,0,0,25,0
33,6,0,0,40,0
30,9,0,0,60,1
37,13,0,0,16,1
44,10,0,0,50,1
65,13,0,0,40,1
41,9,0,0,40,0
29,13,0,0,42,0
42,9,0,0,40,0
28,16,0,0,40,0
39,10,0,0,20,0
38,13,0,0,70,1
54,9,0,1887,65,1
36,9,5178,0,40,1
27,13,0,0,40,0
27,13,0,0,6,0
33,6,0,0,20,0
24,9,0,0,37,0
20,6,0,0,35,0
24,9,0,0,40,0
42,10,0,0,40,0
27,13,0,0,40,0
43,10,0,0,40,0
25,9,0,0,40,0
44,10,0,0,12,0
34,9,0,0,30,0
49,9,0,0,8,0
21,6,0,0,40,0
57,15,15024,0,60,1
37,11,0,0,55,0
20,10,0,0,40,0
35,12,0,0,40,0
63,9,0,0,38,0
45,11,0,0,40,0
45,6,0,0,70,0
42,9,0,0,40,0
30,3,0,0,40,0
27,13,0,0,36,0
27,11,0,0,40,0
40,13,0,0,40,0
29,9,0,0,40,0
53,14,0,0,40,0
24,10,0,0,40,0
27,9,0,0,40,0
43,13,0,0,38,1
27,13,0,0,50,0
17,8,0,0,6,0
34,9,0,0,40,0
49,9,0,0,40,1
20,10,0,0,20,0
31,9,0,0,40,0
19,10,0,0,10,0
61,9,0,0,40,0
40,15,15024,0,40,1
54,10,0,0,40,0
30,9,0,1573,35,0
24,9,0,0,98,0
40,12,1471,0,32,0
24,13,0,0,8,0
17,7,0,0,25,0
25,11,0,0,40,0
26,9,0,0,40,0
29,9,0,0,50,0
19,9,0,0,49,0
36,13,0,0,40,0
42,13,0,0,40,0
27,13,0,0,41,0
35,14,0,0,40,0
44,11,0,0,40,1
32,13,0,0,30,0
22,9,0,0,45,0
71,10,0,0,14,0
53,13,0,0,52,1
28,10,0,0,40,0
52,10,0,0,40,0
29,9,0,0,55,0
20,10,0,0,10,0
23,9,0,0,33,0
42,9,0,0,40,1
38,9,0,0,40,0
43,10,0,0,45,0
48,9,0,0,50,1
61,9,3103,0,40,1
23,10,0,0,40,0
34,7,0,0,40,0
54,13,0,0,40,1
24,9,0,0,40,0
24,10,0,0,40,0
36,15,99999,0,45,1
33,10,0,0,40,0
31,13,0,1887,40,1
38,9,0,0,40,0
39,9,3103,0,44,1
18,9,0,0,30,0
22,13,0,0,7,0
58,9,3908,0,40,0
59,10,0,0,40,1
22,9,0,0,50,0
70,10,0,0,6,0
39,13,0,0,40,1
17,8,0,0,15,0
62,9,2174,0,40,0
63,13,0,0,27,0
58,9,0,0,47,0
19,9,0,0,20,0
73,9,0,0,40,0
22,10,0,0,25,0
34,13,15024,0,36,1
34,10,0,0,54,0
75,5,1409,0,5,0
42,6,0,0,40,0
24,10,0,0,40,0
39,13,3464,0,40,0
48,13,0,0,40,1
53,8,0,0,45,0
71,6,0,0,40,0
59,4,0,0,32,0
22,9,0,0,40,0
34,9,0,0,20,0
59,4,0,0,40,0
73,11,25124,0,60,1
35,5,0,0,38,0
53,9,7688,0,35,1
40,3,0,0,40,0
22,10,0,0,40,0
44,9,0,0,40,1
45,10,0,0,40,0
36,13,0,0,40,1
38,9,0,0,40,0
38,10,0,0,40,0
31,13,0,0,50,1
31,9,0,0,40,0
19,10,0,0,25,0
48,10,0,0,38,1
18,7,0,0,15,0
55,9,27828,0,55,1
17,10,0,0,16,0
55,10,0,0,40,0
32,8,0,0,40,1
46,9,0,0,50,0
27,13,0,0,15,0
38,16,0,0,40,0
46,9,0,0,50,0
38,13,0,0,40,1
39,9,0,0,40,0
33,9,0,1740,25,0
50,9,0,0,33,0
34,9,0,2051,55,0
22,8,0,0,30,0
39,9,0,0,45,1
29,10,0,0,40,0
36,10,0,1887,40,1
39,9,0,0,60,0
20,5,0,0,40,0
57,13,3103,0,40,1
25,9,0,0,50,0
33,14,0,0,40,0
24,7,0,0,40,0
62,10,0,0,16,0
36,9,0,0,45,0
48,10,0,0,40,0
39,9,0,0,40,0
59,9,0,0,16,0
24,9,0,0,39,0
34,16,0,0,99,0
47,9,0,0,85,1
19,9,0,0,35,0
47,10,0,0,57,1
78,7,0,0,10,0
58,9,0,0,40,1
51,10,0,0,50,0
39,13,0,0,40,0
50,9,0,0,60,1
27,9,0,0,40,0
43,14,9562,0,40,1
33,9,0,0,40,0
43,9,0,0,40,0
18,10,0,1602,15,0
58,13,4787,0,40,1
42,4,0,0,48,0
24,14,0,0,45,0
45,11,0,0,30,0
24,9,0,1721,30,0
48,9,0,0,40,0
38,13,0,0,50,1
34,10,0,1887,40,1
17,6,0,0,12,0
35,10,0,0,60,0
37,13,0,0,50,1
37,13,0,0,45,1
35,13,0,0,40,0
28,6,0,0,40,0
31,13,0,0,65,0
23,9,0,0,40,0
21,9,0,0,40,1
43,15,0,0,40,0
38,13,0,0,40,0
37,13,10520,0,40,1
36,10,0,0,40,0
43,14,0,1977,60,1
47,6,0,0,30,0
24,8,0,0,40,0
58,16,0,0,50,1
44,10,0,0,40,1
31,9,0,0,8,0
38,11,0,0,50,1
26,9,0,0,50,0
44,10,0,0,50,1
57,12,0,0,75,0
38,9,0,0,50,0
22,13,0,0,40,0
28,9,0,0,40,0
40,9,0,0,40,0
56,9,0,0,32,0
43,9,0,0,40,0
27,9,0,0,60,0
25,9,0,0,28,0
44,10,0,0,40,0
45,13,0,0,50,0
30,9,0,0,50,0
26,9,0,0,40,0
58,10,0,0,32,0
33,9,0,0,40,0
46,9,0,0,46,1
53,9,0,0,40,0
34,14,0,0,40,0
56,9,0,0,60,0
36,10,0,0,40,0
20,10,0,0,40,0
21,9,0,0,30,0
47,11,0,0,40,0
33,10,0,0,30,0
18,9,0,1721,40,0
35,9,0,0,40,0
44,11,0,0,48,1
37,9,0,0,30,0
24,10,0,0,40,0
30,4,0,0,44,0
40,9,0,0,30,0
23,10,0,0,40,0
48,10,0,0,35,0
60,6,0,0,40,0
40,12,15024,0,50,1
28,7,0,0,50,0
21,9,0,0,40,0
64,9,0,0,24,0
33,13,7298,0,80,1
51,14,0,0,38,1
42,5,0,0,40,0
22,8,0,0,35,0
43,9,0,0,50,0
28,13,0,0,50,0
78,14,0,0,40,0
56,9,0,0,40,0
60,11,0,0,40,0
34,13,0,0,45,1
55,13,0,0,40,1
47,9,0,0,50,1
45,9,10520,0,48,1
49,13,0,0,40,1
18,9,0,0,30,0
31,13,0,0,40,0
61,9,0,0,55,0
47,9,0,0,40,0
60,12,0,0,40,1
38,11,0,0,40,0
60,11,0,0,40,0
35,10,0,0,30,0
46,13,0,0,40,1
35,15,0,0,50,1
26,14,0,0,32,0
26,10,0,0,40,0
43,10,0,0,60,0
31,13,0,0,40,0
35,11,0,0,44,0
28,10,0,0,45,0
45,13,0,0,60,0
34,14,4787,0,40,1
40,10,7298,0,50,1
49,14,0,0,40,0
81,13,0,1668,3,0
43,10,0,0,40,0
27,10,0,0,56,0
28,10,0,0,15,0
56,3,0,0,40,0
51,9,0,0,40,0
58,9,7688,0,40,1
25,10,0,0,40,0
61,8,0,0,40,0
26,9,0,0,40,0
55,14,2228,0,50,0
30,5,0,0,40,0
23,9,0,2377,40,0
36,13,0,1887,40,1
37,9,0,0,72,0
32,10,0,0,48,0
24,13,0,0,40,0
64,9,20051,0,40,1
24,10,0,0,72,1
34,9,0,0,72,0
46,7,0,0,43,0
19,10,594,0,40,0
18,10,0,0,25,0
64,13,0,0,5,0
25,1,0,0,35,0
64,10,0,0,10,0
23,8,0,0,38,0
18,9,0,0,12,0
38,10,0,0,20,0
45,13,0,0,42,1
42,10,0,0,65,1
44,9,0,0,38,0
25,2,0,0,96,0
35,13,0,0,40,0
21,9,0,0,40,0
29,9,10520,0,40,1
64,10,0,0,40,0
17,7,0,0,10,0
41,14,0,0,40,0
20,3,0,0,40,0
64,9,0,0,20,0
63,2,0,0,35,0
22,9,0,0,53,0
26,10,0,0,15,0
53,14,0,0,42,1
41,10,0,0,60,0
47,10,0,0,35,0
58,10,0,0,65,1
50,9,0,0,40,0
18,7,0,0,20,0
48,9,0,0,40,0
78,13,9386,0,45,1
28,10,0,0,40,0
23,8,0,0,38,0
53,10,0,0,40,0
29,9,0,0,40,0
28,13,0,0,40,1
26,10,0,0,40,0
40,10,0,0,40,0
24,9,0,0,40,0
25,10,0,0,40,0
23,10,0,0,45,0
30,4,0,0,40,0
62,9,0,0,38,0
69,9,0,0,24,0
52,14,0,0,40,0
40,13,0,0,45,1
57,9,0,0,16,0
48,9,0,0,25,0
24,5,0,1721,40,0
24,9,0,0,50,0
26,9,0,0,40,0
26,12,0,0,32,0
28,9,0,0,40,0
21,10,0,0,40,0
44,13,0,0,46,1
32,9,0,0,40,0
47,9,0,0,40,1
55,14,0,0,40,1
57,14,0,0,30,0
41,13,0,0,40,0
59,11,0,0,36,0
26,13,0,0,40,0
19,9,0,0,50,0
32,11,0,0,45,0
55,9,3103,0,40,1
58,9,0,0,40,0
58,10,0,0,55,1
42,9,0,0,40,0
32,10,0,0,40,0
37,9,0,0,52,1
60,9,0,0,40,0
42,9,0,0,40,0
34,10,7688,0,6,1
40,13,0,0,60,1
42,9,0,0,60,1
35,14,0,1977,45,1
29,10,0,0,40,0
41,9,0,0,40,1
25,9,0,0,40,0
58,9,0,0,55,1
23,6,0,0,40,0
22,12,0,0,45,0
42,13,0,0,45,1
51,4,0,0,42,0
22,12,0,0,20,0
33,10,0,0,25,0
42,12,0,0,40,0
50,9,0,0,40,0
90,4,0,0,40,0
42,9,0,0,12,0
55,9,0,1617,40,0
53,13,0,0,40,0
49,9,0,0,40,1
28,13,0,0,40,1
34,13,0,0,30,1
54,13,0,0,40,1
52,3,0,0,40,0
47,9,0,0,40,0
36,9,0,0,48,0
20,9,0,0,23,0
29,10,0,0,45,1
61,7,0,0,40,0
28,13,0,0,60,0
27,13,0,0,40,0
47,9,0,0,55,1
31,10,0,0,40,0
20,10,0,0,35,0
67,9,9386,0,50,1
65,13,0,2377,40,1
26,7,0,0,40,0
22,10,0,0,40,0
44,6,0,0,40,1
49,5,0,0,40,0
17,6,0,0,14,0
40,13,0,0,40,0
54,13,0,0,50,1
35,9,0,0,44,0
61,10,0,0,40,1
51,9,0,0,40,0
42,7,0,0,30,0
28,10,0,0,43,0
30,10,0,0,84,0
48,14,0,0,45,0
38,9,0,0,40,0
34,14,3103,0,40,1
46,13,0,0,40,1
53,7,0,0,40,0
31,5,0,0,20,0
25,11,0,0,40,0
90,14,0,0,50,1
36,13,0,0,40,0
26,10,0,0,40,0
19,9,0,0,12,0
67,9,0,0,10,0
58,13,0,0,40,1
22,6,0,0,40,0
64,9,0,0,45,1
67,16,0,0,20,1
71,14,0,0,40,0
24,9,0,0,30,0
42,12,0,0,35,0
59,7,0,0,40,0
41,10,0,0,40,0
50,10,0,0,70,0
60,10,0,0,40,0
32,9,0,0,60,1
49,9,0,0,40,0
27,13,10520,0,45,1
44,6,0,0,35,0
35,10,0,0,50,1
70,9,2009,0,40,0
47,9,0,0,35,0
46,9,0,0,35,0
39,13,0,0,40,0
17,7,0,0,20,0
50,9,0,0,84,1
29,11,0,0,35,1
38,10,0,0,40,1
20,10,0,0,40,0
33,13,0,0,40,0
75,7,0,0,30,0
71,4,0,0,10,0
59,5,0,0,40,0
33,13,0,0,60,0
62,9,0,0,40,1
50,13,0,1902,60,1
61,6,0,0,20,0
27,10,0,0,30,0
25,9,0,0,40,0
32,10,0,0,35,0
21,10,0,1602,22,0
23,13,0,0,25,0
24,9,0,0,40,0
39,9,0,1726,40,0
35,14,0,0,40,1
29,4,0,0,40,0
19,9,2597,0,40,0
30,13,0,0,60,0
25,9,0,0,40,0
21,10,0,0,38,0
28,13,0,0,40,0
30,9,0,0,40,0
56,9,0,1974,40,0
19,7,0,0,40,0
25,13,0,0,40,0
46,2,0,0,20,0
49,6,0,0,40,0
41,9,2885,0,40,0
51,13,0,0,40,0
20,10,0,0,30,0
20,10,0,0,40,0
64,7,0,0,40,1
31,14,0,0,25,0
25,12,0,0,40,0
22,9,0,0,35,0
23,10,0,0,30,0
24,10,1151,0,40,0
58,4,0,0,33,0
18,9,0,0,40,0
48,9,0,0,40,0
28,9,0,0,40,0
40,9,0,0,40,0
39,16,0,0,80,0
44,10,0,0,38,0
18,7,0,0,15,0
40,9,0,0,40,0
21,12,0,0,20,0
28,7,0,0,60,1
26,9,0,0,48,0
18,7,0,0,6,0
23,9,0,0,40,0
36,9,0,0,50,0
21,10,0,0,30,0
68,4,0,0,40,0
49,9,0,0,40,1
41,13,0,0,40,0
34,13,0,0,50,1
25,13,0,0,40,0
25,10,0,0,40,0
26,8,0,0,98,0
67,7,0,0,40,0
48,9,0,0,20,0
43,13,0,0,50,1
21,10,0,0,30,0
36,12,0,0,60,0
38,9,0,0,40,0
56,10,0,0,45,0
31,9,0,0,60,1
18,9,0,0,40,0
42,12,8614,0,40,1
43,9,0,0,40,0
39,9,0,1628,40,0
19,9,0,0,40,0
34,10,0,0,64,1
54,14,0,0,60,0
28,9,0,0,38,0
34,9,0,0,40,0
68,13,20051,0,45,1
39,13,0,0,40,0
47,11,0,0,40,0
24,13,0,0,40,0
40,10,0,0,35,0
18,7,0,0,20,0
45,13,0,0,40,1
31,9,0,0,60,0
48,12,0,0,40,0
20,10,0,0,40,0
30,10,0,0,40,0
21,10,0,0,20,0
57,9,0,0,45,0
19,10,0,0,12,0
47,13,0,0,40,1
28,13,0,0,50,0
39,9,0,0,60,0
37,10,0,0,17,0
34,10,0,0,40,1
28,13,0,0,30,0
22,10,0,0,30,0
30,10,0,0,35,0
39,10,0,0,40,0
45,10,0,0,50,0
40,13,0,0,20,0
21,10,0,0,10,0
57,10,0,0,40,0
29,10,0,0,48,0
38,13,0,0,70,1
51,9,0,0,70,0
49,9,0,0,40,0
80,10,0,1816,60,0
33,13,0,0,60,1
28,10,0,0,50,0
69,10,0,0,16,0
50,9,0,0,40,0
23,10,0,0,30,0
44,13,0,0,60,0
59,9,2407,0,60,0
24,10,0,0,20,0
48,11,0,0,40,0
49,3,0,0,40,0
50,13,6849,0,40,0
23,10,0,0,40,0
53,5,0,0,40,0
50,13,0,0,50,0
46,14,6497,0,50,0
57,9,0,0,40,0
22,9,0,0,40,0
38,11,0,0,40,1
62,9,0,0,45,1
72,16,0,2392,25,1
33,5,0,0,48,0
43,11,0,0,40,1
31,7,0,1721,40,0
57,6,0,0,40,0
26,8,0,0,40,0
42,10,0,0,40,0
39,9,0,0,38,0
34,9,0,0,70,0
63,13,0,0,50,1
34,10,0,0,40,0
60,13,0,0,35,1
50,6,0,0,56,0
34,9,0,0,40,0
33,10,0,0,12,0
19,9,0,0,20,0
60,9,0,0,33,0
40,9,0,0,40,0
28,9,0,0,40,0
24,9,0,0,38,0
18,7,0,0,16,0
42,11,0,0,50,0
64,10,0,0,40,1
29,9,0,0,40,0
25,9,0,0,65,0
20,10,0,0,30,0
52,4,0,0,40,0
38,14,0,0,35,0
58,9,0,0,40,0
52,10,15024,0,45,1
27,11,0,0,40,0
54,9,0,0,40,0
39,10,0,0,40,0
39,13,0,0,40,0
57,9,0,0,35,0
23,11,0,0,30,0
19,10,0,1602,10,0
26,9,0,0,50,0
51,8,0,0,50,0
33,10,0,0,40,0
30,9,0,0,50,0
26,14,0,0,30,0
25,8,0,0,40,0
33,9,0,0,55,0
30,9,0,0,40,0
18,9,0,0,30,0
42,12,0,0,40,0
50,13,0,0,40,1
28,13,0,0,50,1
41,9,914,0,40,0
27,7,0,0,40,0
51,9,0,0,37,0
30,9,0,0,40,0
25,6,0,0,40,0
22,13,0,0,50,0
45,11,0,0,40,1
28,5,0,0,50,1
39,11,0,0,50,0
34,7,0,0,70,0
60,4,0,0,40,0
35,10,0,0,40,0
36,10,0,0,40,0
17,6,0,0,40,0
20,10,2176,0,40,0
37,9,0,0,40,0
32,10,0,0,50,0
76,3,0,0,20,0
54,10,0,0,40,1
33,9,0,0,40,0
34,9,0,0,40,0
30,10,15024,0,40,1
45,7,0,0,40,0
42,14,0,0,40,1
41,16,99999,0,70,1
56,9,0,0,45,0
19,9,0,0,40,0
32,13,0,0,45,1
27,13,0,0,40,0
39,13,0,0,40,1
33,9,0,0,40,0
55,9,0,0,40,1
57,10,0,0,25,0
44,6,0,0,35,0
43,10,0,0,40,0
58,10,0,0,40,0
59,13,0,0,55,1
34,13,0,0,35,0
63,10,0,0,18,1
23,9,0,0,50,0
20,10,0,0,20,0
17,6,0,0,15,0
41,9,0,0,40,0
38,9,0,0,40,0
48,9,0,0,40,0
47,9,0,0,40,0
38,10,0,0,52,1
36,8,0,0,40,0
27,9,0,0,40,0
32,9,0,0,20,0
29,10,0,0,54,0
83,13,0,2392,55,1
47,8,0,0,35,0
28,13,0,0,30,0
24,13,0,0,40,0
70,10,0,0,17,0
52,9,0,0,40,1
29,11,2174,0,45,0
35,10,0,0,60,1
31,9,0,0,40,0
38,9,0,0,40,1
49,13,0,0,50,1
28,9,0,0,32,0
39,14,99999,0,40,1
36,6,0,0,40,0
36,5,0,0,50,0
57,9,0,0,48,0
26,13,3325,0,40,0
82,9,0,0,20,0
79,13,0,0,20,1
52,10,0,0,60,1
21,11,0,0,98,0
17,7,0,0,20,0
23,10,0,0,16,0
33,9,0,0,60,0
56,9,0,0,45,0
25,10,0,0,40,0
44,9,0,0,40,0
40,13,0,0,20,0
40,9,0,0,40,0
23,13,0,0,40,0
36,7,0,0,12,0
38,9,4386,0,35,0
17,8,0,0,16,0
36,10,0,0,40,0
57,9,0,0,40,1
61,11,0,1887,60,1
62,13,0,0,40,0
30,6,0,0,40,0
28,9,0,0,30,0
34,13,7688,0,45,1
52,10,0,0,40,1
40,6,0,0,40,1
21,10,0,0,40,0
27,9,0,0,40,0
38,9,0,0,60,0
48,13,0,0,45,1
41,14,0,0,38,1
65,9,0,0,45,0
58,11,15024,0,40,1
47,9,0,0,48,0
44,14,0,0,40,0
47,13,0,0,50,1
36,9,0,0,70,0
77,5,0,0,40,0
40,13,0,0,45,1
67,9,0,0,20,0
40,9,0,0,40,0
66,13,20051,0,40,1
37,10,0,0,20,0
25,2,0,0,40,0
44,11,0,0,40,0
31,9,0,0,40,0
17,6,0,0,24,0
38,13,0,0,50,1
52,12,4865,0,30,0
29,6,0,0,40,0
70,13,0,0,40,0
17,7,0,0,8,0
48,9,0,0,40,1
39,11,0,0,40,0
17,8,0,0,8,0
29,6,0,0,35,1
60,10,0,0,16,1
18,7,0,0,15,0
40,15,0,0,40,1
21,9,0,0,40,0
60,10,0,0,55,0
28,13,0,0,50,0
51,10,0,0,40,1
25,10,0,0,24,0
39,6,0,0,40,0
32,13,0,0,55,1
39,9,0,0,40,1
19,6,0,0,40,0
23,13,0,0,40,0
28,10,0,0,40,0
21,10,0,0,25,0
40,13,0,0,45,1
49,9,0,0,45,0
34,10,0,1628,12,0
34,10,0,0,40,0
47,10,0,0,60,0
57,2,0,0,35,0
23,9,0,0,40,0
58,14,0,0,35,0
61,10,0,0,40,0
56,9,4101,0,40,0
57,14,0,0,38,1
39,6,0,0,60,1
55,9,0,0,40,0
50,13,0,0,40,1
34,4,0,0,40,0
18,9,0,0,40,0
22,9,0,0,50,0
47,3,0,2179,50,0
55,10,0,0,40,0
45,10,0,0,48,0
28,13,0,0,45,0
38,15,0,0,60,0
28,5,0,0,40,0
58,13,0,0,62,0
23,9,0,0,40,0
52,9,0,0,40,0
22,8,0,0,40,0
46,14,27828,0,50,1
20,4,0,0,52,0
39,10,0,0,40,0
53,10,0,0,40,0
46,13,0,0,40,0
28,13,0,0,45,1
22,9,0,0,40,0
34,10,0,0,40,0
20,10,0,0,25,0
20,9,0,0,25,0
40,16,0,0,50,1
33,9,0,0,40,0
42,9,0,0,50,1
50,9,0,0,40,0
35,9,0,0,40,0
51,9,0,0,45,0
45,10,0,0,40,0
33,9,0,0,40,0
31,10,0,0,40,0
39,10,0,0,40,0
41,9,0,0,30,0
70,9,2964,0,12,0
21,9,0,0,44,0
40,9,0,0,35,0
77,10,0,0,40,0
45,13,0,0,72,1
37,10,0,0,50,0
25,14,0,0,35,0
35,7,0,0,40,0
19,10,0,0,40,0
18,9,0,0,15,0
20,10,0,0,20,0
51,13,0,0,50,1
64,2,0,0,53,0
43,13,0,0,40,1
33,8,0,0,40,0
20,9,0,0,40,0
22,12,0,0,20,0
23,13,0,0,25,0
24,13,0,0,40,0
24,12,0,0,40,0
23,12,0,0,40,0
19,10,0,0,25,0
20,9,0,0,30,0
34,9,0,0,40,0
54,9,0,0,20,0
19,10,0,0,22,0
54,10,0,0,40,0
43,9,0,0,40,0
54,1,0,0,40,0
39,10,0,0,75,0
26,9,0,0,38,0
50,9,0,1485,40,0
43,9,0,0,40,0
54,10,0,0,40,0
57,16,0,0,50,0
69,9,0,0,8,0
41,14,0,0,75,1
29,9,0,0,40,0
17,6,0,0,15,0
50,10,0,0,50,1
50,10,0,0,36,0
27,9,0,0,60,0
32,10,0,0,50,0
23,9,0,0,40,0
40,12,7298,0,36,1
17,6,0,0,40,0
49,9,0,0,40,0
26,9,0,0,40,0
52,14,0,0,40,0
34,14,0,0,24,0
57,13,0,0,45,1
52,14,0,0,40,0
35,9,4386,0,35,1
60,13,0,0,45,1
46,13,0,0,44,1
23,2,0,0,35,0
34,15,0,1564,40,1
18,7,0,0,12,0
22,10,0,0,35,0
38,13,0,0,40,0
47,9,0,0,40,0
25,13,0,0,37,0
54,10,0,0,50,0
42,10,0,0,40,0
40,13,0,0,55,1
46,13,0,0,8,0
51,9,0,0,84,1
39,9,0,0,40,0
37,9,0,0,40,0
38,9,0,0,40,0
31,10,15024,0,45,1
39,9,7298,0,48,1
56,2,0,0,25,0
32,3,0,0,60,0
54,13,0,0,40,0
27,9,0,0,40,0
52,9,0,0,40,0
22,10,0,0,40,0
36,9,0,0,40,0
17,7,0,0,20,0
28,14,7688,0,35,1
49,12,0,0,25,0
37,12,99999,0,40,1
33,10,99999,0,30,1
53,9,0,0,40,0
25,9,0,0,48,0
57,9,0,0,50,0
26,10,0,0,40,0
21,10,0,0,40,0
38,11,0,0,40,0
52,6,0,0,35,0
41,13,0,0,50,0
41,9,0,0,40,0
23,9,0,0,48,0
51,9,0,0,6,0
30,13,0,0,30,0
46,13,0,0,40,1
17,6,0,0,30,0
26,10,0,0,60,0
59,9,0,2339,40,0
48,7,0,0,31,0
28,6,0,0,36,0
41,10,0,0,40,0
38,13,0,0,60,0
18,8,0,0,25,0
37,10,0,0,35,0
27,9,0,0,40,0
49,10,0,0,60,0
48,10,0,0,40,0
21,9,0,0,40,0
60,9,3103,0,60,1
66,11,0,0,40,0
28,10,0,0,40,1
61,15,0,0,20,0
20,7,0,0,40,0
80,16,0,0,30,0
39,14,7688,0,38,1
24,10,0,0,20,0
47,9,0,0,40,0
31,13,4064,0,40,0
36,14,13550,0,50,1
58,9,0,0,70,0
57,10,0,0,45,1
46,14,0,2415,65,1
47,14,0,0,40,1
52,13,0,0,60,0
35,13,0,0,40,0
39,9,0,0,40,0
46,14,0,0,30,0
69,9,0,0,45,1
54,13,0,0,50,0
39,11,0,0,40,0
43,13,0,0,40,1
35,10,0,0,40,0
50,13,0,0,50,0
43,10,4934,0,51,1
61,13,0,0,20,1
30,14,15024,0,60,1
20,9,0,0,30,0
32,13,0,0,35,0
41,9,0,0,45,1
45,9,0,1672,40,0
25,10,0,0,40,0
53,3,0,0,10,0
18,10,0,0,16,0
35,10,0,0,40,0
39,9,2977,0,40,0
40,14,0,0,60,1
28,15,0,0,90,0
37,9,0,2129,40,0
19,8,0,0,52,0
29,9,0,0,40,0
54,9,0,0,35,0
44,10,0,0,30,1
36,9,0,0,40,1
55,14,0,0,60,0
32,9,0,0,5,0
18,10,0,0,33,0
40,11,0,0,40,0
51,6,0,0,24,0
24,10,0,0,40,0
61,9,0,1887,40,1
26,10,0,0,40,0
47,9,0,0,32,0
57,9,0,0,40,0
35,11,0,0,40,0
40,10,6849,0,40,0
50,10,0,0,40,0
28,5,0,0,40,1
72,7,0,0,24,0
46,13,0,0,40,1
23,9,0,0,25,0
24,9,0,0,25,0
62,9,0,0,40,0
37,13,0,0,60,1
34,15,0,0,40,1
45,9,0,0,40,1
45,10,0,0,65,0
39,14,0,0,40,0
49,10,0,0,28,0
37,10,0,0,40,0
29,15,0,0,55,1
43,13,0,0,50,1
35,9,0,0,40,0
54,9,0,0,45,0
57,3,6497,0,40,0
70,16,0,0,20,1
18,9,0,0,25,0
22,6,0,0,30,0
52,11,0,0,35,0
52,9,0,0,40,0
60,9,0,0,40,0
64,9,0,0,30,0
54,14,7298,0,40,1
52,9,0,0,30,0
67,13,9386,0,60,1
26,9,0,0,36,0
48,13,0,0,40,1
57,9,0,0,40,0
28,10,0,0,50,0
39,9,0,0,70,0
62,9,0,0,40,0
26,9,0,0,52,0
31,13,8614,0,40,1
31,9,0,0,40,0
34,16,0,0,40,1
58,9,0,0,10,0
18,10,0,0,30,0
40,9,7298,0,45,1
24,9,0,0,40,0
42,9,0,0,40,1
53,13,0,0,50,1
34,13,0,0,40,0
53,10,0,0,72,0
39,9,0,0,40,1
17,7,0,0,8,0
33,13,0,0,50,0
42,9,0,0,40,0
31,13,0,0,40,0
43,10,0,0,50,0
37,13,0,0,40,0
35,9,0,0,40,0
39,10,0,2415,99,1
37,9,0,0,44,0
51,14,5013,0,40,0
26,3,0,0,40,0
69,7,0,0,40,0
37,11,0,0,84,0
19,11,0,0,40,0
48,13,0,0,40,1
19,9,0,0,20,0
33,13,0,0,45,1
51,13,0,1902,40,1
51,9,7688,0,40,1
22,10,0,0,30,0
51,9,0,0,40,0
61,9,0,0,40,0
50,8,0,0,40,0
47,9,0,0,20,1
50,9,0,0,45,0
62,9,0,0,40,0
53,13,0,1902,48,1
38,9,0,2042,40,0
61,4,0,0,50,1
29,3,0,0,40,0
43,13,0,0,40,0
45,16,0,0,50,1
35,10,0,0,43,1
49,9,0,0,40,0
27,9,0,0,40,0
61,9,0,0,50,1
40,6,0,0,40,0
34,10,0,0,40,0
18,9,0,0,8,0
64,10,0,0,65,0
57,10,0,0,40,0
43,11,0,0,40,1
28,9,0,0,48,0
34,10,0,0,30,0
62,15,0,1628,70,0
31,9,0,0,40,0
47,7,0,0,36,0
19,9,0,0,45,0
23,9,0,0,37,0
47,10,0,0,40,1
32,9,0,0,80,0
26,7,0,0,25,0
46,13,0,2415,40,1
47,10,0,0,40,0
35,13,0,0,40,0
32,7,0,0,40,0
28,4,0,0,60,0
51,9,0,0,40,0
41,14,0,0,45,1
34,10,0,0,40,1
19,5,0,0,25,0
54,9,0,0,35,0
46,9,0,0,40,1
22,10,0,0,20,0
46,13,15024,0,40,1
39,10,0,0,60,0
68,16,20051,0,55,1
35,9,0,0,30,0
61,10,7688,0,36,1
59,10,0,0,40,1
30,13,0,0,50,1
26,7,0,0,40,0
21,9,0,1719,16,0
36,4,0,0,40,0
41,9,0,625,40,0
54,13,0,0,35,1
25,7,0,0,35,0
21,10,0,0,25,0
45,7,0,0,40,0
30,9,0,2057,40,0
49,14,0,0,40,0
21,9,0,0,40,0
54,9,3887,0,35,0
43,10,0,0,50,0
36,9,0,0,50,0
50,13,0,0,60,1
42,9,3908,0,45,0
66,10,0,0,55,0
41,9,0,0,48,0
55,5,0,0,50,0
43,13,7298,0,40,1
34,13,0,0,40,1
17,7,0,0,8,0
28,5,0,0,50,0
48,13,0,0,45,1
26,14,0,0,55,1
33,9,0,0,40,0
36,13,0,0,20,1
42,9,0,0,35,0
64,16,0,0,50,1
47,9,0,0,55,0
19,10,0,0,40,0
29,13,0,0,35,0
17,7,0,0,20,0
25,9,0,0,40,0
56,9,0,0,40,0
69,9,0,0,20,0
57,4,0,1602,3,0
18,4,0,0,40,0
20,10,0,0,20,0
65,9,10605,0,60,1
50,15,0,0,50,1
18,10,0,0,20,0
35,9,0,0,35,0
74,4,0,0,20,0
18,10,2907,0,30,0
40,10,0,0,40,1
29,9,0,0,45,0
69,15,0,0,25,0
23,13,0,0,40,0
63,9,0,0,40,0
27,10,0,0,40,0
22,12,0,0,40,0
35,14,15024,0,50,1
31,9,0,0,40,0
38,7,5178,0,40,1
41,9,0,0,40,0
37,10,0,0,40,1
61,10,15024,0,34,1
54,9,0,0,40,0
50,15,0,0,50,1
18,8,594,0,14,0
23,13,0,0,35,0
22,10,0,0,30,0
43,11,0,0,48,0
73,13,0,0,50,1
36,13,0,0,45,0
66,9,0,0,20,0
23,9,0,0,40,0
35,9,0,0,40,0
27,9,0,0,50,0
53,14,0,1902,50,1
22,12,0,0,55,0
47,14,0,0,40,1
48,9,0,0,40,0
32,13,0,0,70,1
23,9,0,1594,20,0
23,9,0,0,40,0
45,14,0,0,50,1
56,5,0,0,40,0
39,13,0,0,45,1
62,9,0,0,38,0
35,9,0,0,40,0
25,9,0,0,40,0
51,4,2961,0,40,0
31,9,0,0,40,0
18,10,0,0,40,0
50,15,7688,0,50,1
31,12,0,0,50,1
33,11,0,0,56,0
34,10,0,0,50,0
33,10,0,0,40,0
27,9,0,0,40,0
17,7,0,0,15,0
37,9,0,0,50,1
39,9,0,0,12,0
74,9,0,0,40,1
22,12,0,0,36,0
62,13,0,0,40,0
28,13,0,1408,40,0
35,13,0,0,40,1
18,7,0,0,25,0
49,14,15024,0,50,1
40,13,0,0,35,0
29,13,0,0,40,0
19,9,0,0,40,0
34,13,0,0,40,0
53,5,0,0,25,0
42,9,0,0,16,0
34,10,0,0,40,1
47,9,0,0,40,1
27,9,0,0,40,0
30,9,0,0,40,0
30,9,0,0,50,0
21,9,0,0,30,0
42,7,0,0,40,0
44,13,0,0,40,0
71,14,99999,0,40,1
77,9,0,0,6,0
29,9,0,0,40,0
51,14,0,1977,50,1
27,13,0,0,40,0
41,14,0,1902,35,1
29,13,0,0,40,0
48,14,0,1902,38,1
31,9,0,0,43,1
47,9,3942,0,40,0
31,9,0,0,35,0
45,10,0,0,40,0
24,2,0,0,40,0
30,14,0,0,38,0
33,9,0,0,55,0
61,15,0,0,40,1
26,8,0,0,48,0
35,11,0,0,50,1
50,10,0,0,55,0
35,9,0,0,40,0
62,9,0,0,40,0
18,10,0,0,40,0
43,10,0,0,40,0
52,10,0,0,35,0
36,9,0,0,40,0
38,13,0,0,40,0
32,10,0,0,50,1
19,9,0,0,40,0
64,16,0,0,60,1
42,10,0,0,50,0
32,13,0,0,40,0
43,9,0,0,42,1
30,13,0,0,25,0
61,7,0,0,32,1
28,11,0,0,40,0
53,9,0,0,40,1
22,10,0,0,20,0
20,3,0,0,25,0
23,9,0,0,40,0
40,14,0,0,65,1
54,13,0,0,48,0
46,9,0,0,40,0
19,6,0,0,38,0
24,10,0,0,45,0
36,11,0,0,40,0
25,5,0,0,48,0
19,10,0,0,40,0
29,13,0,0,50,0
20,10,0,0,20,0
21,6,0,0,25,0
43,10,0,0,6,0
20,10,0,0,20,0
51,10,0,0,40,1
27,9,0,0,40,0
26,13,0,0,40,0
64,14,0,0,2,0
42,9,0,0,40,0
37,9,0,0,40,1
29,11,0,0,90,0
31,10,0,0,60,0
32,10,0,0,40,0
18,7,0,0,15,0
18,7,0,0,40,0
43,12,0,0,45,0
43,10,0,1902,40,1
41,14,0,0,35,0
34,13,0,0,40,0
53,9,0,0,40,1
55,12,0,0,60,0
25,12,0,1594,25,0
21,10,0,0,35,0
32,9,0,0,40,0
33,9,0,0,40,0
39,9,0,0,40,0
76,4,0,0,30,0
28,7,0,0,40,0
38,6,0,2559,90,1
43,9,0,0,38,1
34,9,0,0,15,0
31,10,0,0,40,0
23,10,0,0,25,0
20,12,0,0,30,0
21,9,0,0,45,0
22,10,0,0,65,0
64,9,0,0,45,0
49,13,0,0,40,0
48,9,0,0,40,0
29,9,0,0,25,0
29,9,0,0,40,0
42,12,0,0,40,1
38,9,0,0,40,1
28,10,0,0,40,0
59,6,0,0,40,0
21,10,0,0,25,0
35,9,0,0,35,0
17,7,0,0,10,0
41,9,0,0,45,0
31,12,0,0,40,0
22,12,0,0,15,0
31,12,0,0,40,0
41,9,0,0,40,0
62,10,0,0,40,0
76,5,0,0,40,0
33,10,0,0,40,1
46,11,0,0,40,1
42,11,15024,0,55,1
41,10,0,0,40,0
35,5,0,0,40,0
46,10,0,0,40,1
28,12,0,0,40,0
23,7,0,0,50,0
61,9,0,0,48,0
21,9,0,0,40,0
47,13,0,0,45,1
53,14,0,0,35,1
33,13,0,0,40,1
22,7,0,0,30,0
25,13,0,0,40,0
41,9,0,0,28,0
33,7,0,0,60,0
50,11,0,0,38,1
26,10,0,0,40,1
54,9,0,0,15,0
25,10,0,0,15,0
43,9,0,0,45,0
46,11,0,0,40,0
19,10,0,0,40,0
27,10,0,0,40,0
20,10,0,0,20,0
25,10,0,0,40,0
31,8,0,0,60,0
51,11,0,0,50,1
32,13,0,1902,32,1
43,10,7688,0,40,1
27,9,0,0,40,0
30,13,0,0,40,0
49,9,0,0,42,0
90,9,0,0,40,0
21,7,0,0,42,0
41,10,0,0,32,0
23,10,0,0,9,0
35,10,15024,0,60,1
58,6,0,0,40,0
64,9,0,0,60,1
42,4,0,0,35,0
36,9,0,0,25,1
43,9,0,0,40,0
46,9,0,0,40,0
25,9,0,0,40,0
31,10,0,0,40,0
21,9,0,0,40,0
46,13,0,0,36,0
33,10,0,0,10,0
42,3,0,0,40,0
34,14,0,0,38,0
27,5,0,0,50,0
47,15,0,0,40,0
42,14,0,0,22,0
23,10,0,0,40,0
25,9,0,0,40,0
61,4,7688,0,40,1
32,10,0,0,35,0
69,12,2964,0,6,0
35,14,0,0,50,0
27,10,0,0,40,0
48,13,0,0,60,1
36,13,0,0,40,0
46,11,0,0,60,0
21,10,0,0,40,0
56,4,0,0,48,0
71,9,0,0,40,0
45,10,0,1848,40,1
48,14,0,0,40,0
39,9,0,0,80,0
49,15,0,0,85,1
38,9,0,0,40,1
22,10,0,0,40,0
55,13,0,0,40,0
40,7,0,0,55,0
32,9,0,0,60,1
39,10,0,0,40,1
19,9,0,0,20,0
38,9,0,0,50,1
29,10,0,0,40,0
44,15,99999,0,50,1
27,3,0,0,40,0
31,13,0,1902,40,1
72,9,0,0,2,0
44,13,0,0,7,0
51,9,0,1579,40,0
54,9,0,0,40,0
21,10,0,0,40,0
20,9,0,0,40,0
29,13,0,1740,70,0
18,9,0,0,40,0
27,9,0,0,40,0
32,9,0,0,48,0
58,9,0,0,40,0
26,10,0,0,43,0
52,9,0,0,30,0
36,9,0,0,40,0
27,12,0,0,40,0
19,10,0,0,35,0
39,11,0,0,40,0
36,13,0,1887,40,1
38,10,0,0,50,1
48,9,0,0,40,0
63,5,0,0,40,0
37,15,99999,0,50,1
41,9,0,0,43,0
36,9,0,0,45,0
40,9,0,0,40,0
29,9,0,0,45,0
61,4,0,1651,40,0
29,10,0,0,40,0
42,11,0,0,40,0
18,7,0,0,22,0
40,13,0,0,40,0
31,13,0,0,50,0
48,13,0,0,55,1
39,11,0,0,49,0
51,14,0,0,40,1
66,7,0,0,26,0
29,10,0,0,30,0
57,10,0,0,40,0
41,13,0,0,40,1
43,9,0,0,32,0
47,10,0,0,40,1
27,9,0,0,20,0
36,9,0,0,30,0
66,10,0,0,40,1
58,12,0,1848,40,1
33,10,0,0,50,0
38,6,0,0,40,0
33,3,0,0,40,0
36,9,0,1902,60,1
52,5,0,0,40,0
17,5,0,0,20,0
29,6,0,0,40,0
55,13,7688,0,38,1
27,13,0,0,45,0
19,10,0,0,40,0
33,12,0,0,56,0
57,14,0,0,40,0
34,10,0,0,40,0
46,13,0,0,45,1
39,11,0,0,40,0
38,11,2354,0,40,0
48,15,0,0,13,0
22,13,0,0,7,0
59,9,0,1762,30,0
59,15,99999,0,40,1
50,10,0,0,70,1
40,10,0,0,40,0
45,11,0,0,40,0
36,9,0,0,36,0
31,11,0,0,40,0
32,10,0,0,55,0
43,13,0,0,44,1
20,9,0,0,40,0
26,9,0,0,40,0
30,10,0,0,40,0
29,9,0,0,40,0
24,13,0,0,40,0
21,10,0,0,60,0
52,9,0,0,40,1
33,9,0,0,40,1
36,11,0,0,60,0
51,13,0,0,40,1
25,9,0,0,40,0
28,12,0,0,40,0
27,5,0,0,40,0
32,13,0,0,32,0
29,13,0,0,40,1
23,3,0,0,12,0
22,10,0,0,40,0
25,10,0,0,45,0
50,4,0,0,40,0
60,2,0,0,40,1
28,10,0,0,40,0
28,10,0,0,40,0
42,13,0,0,45,1
21,13,0,0,45,0
43,9,0,0,40,0
58,10,7688,0,45,1
42,9,0,0,40,0
42,14,2354,0,16,0
43,12,0,0,43,0
32,9,0,0,50,0
29,7,3942,0,50,0
34,9,0,0,40,1
21,10,0,0,40,0
53,9,0,0,35,0
27,13,0,0,50,0
54,9,0,0,40,0
35,9,0,0,40,0
61,13,0,0,50,0
51,11,0,0,50,1
37,9,0,0,40,1
32,13,0,0,35,1
18,10,0,0,40,0
43,9,0,0,40,0
46,14,0,0,38,1
51,14,27828,0,40,1
45,9,0,0,40,0
35,9,0,0,40,0
25,13,0,0,20,0
38,10,0,0,40,0
44,9,0,0,40,0
25,14,2597,0,31,0
22,10,0,0,20,0
46,14,0,0,55,1
40,9,0,0,40,0
48,10,0,0,40,1
56,13,4508,0,40,0
27,13,0,0,40,0
34,11,0,0,40,0
25,9,0,0,40,0
32,10,0,0,44,0
36,13,0,1977,45,1
45,13,0,0,40,0
58,9,0,0,40,0
18,10,0,1602,20,0
58,10,0,0,40,0
36,13,0,1876,44,0
23,1,0,0,15,0
56,13,0,0,40,1
28,14,0,0,50,0
27,10,0,0,55,0
43,9,0,0,40,0
35,9,0,0,40,0
23,9,0,0,40,0
26,13,0,0,40,1
42,9,0,0,40,0
44,14,0,0,40,0
51,10,0,0,40,1
48,13,7298,0,50,1
43,13,0,0,50,0
41,9,0,0,40,0
21,10,0,0,30,0
63,10,0,0,15,0
30,6,0,0,40,0
59,14,0,0,35,1
23,10,0,0,20,0
29,13,0,0,40,0
33,9,0,0,50,0
34,10,0,0,35,0
24,10,0,0,60,0
62,10,0,0,45,1
50,10,0,0,39,0
18,10,0,0,35,0
60,14,0,0,50,1
40,9,0,0,42,0
44,15,0,0,40,1
74,13,0,0,35,0
44,11,0,0,40,0
48,9,0,0,35,0
59,9,0,0,35,0
26,9,5013,0,60,0
41,14,27828,0,50,1
38,10,0,0,50,0
22,12,0,2824,40,1
24,11,0,0,60,0
35,8,0,0,40,0
46,14,0,0,45,1
19,7,0,0,40,0
28,9,0,1740,40,0
31,9,0,0,50,0
64,12,9386,0,45,1
28,10,0,0,40,0
24,10,0,0,60,0
35,7,0,0,50,0
30,12,0,0,40,0
26,10,0,0,48,0
28,9,0,0,55,0
26,14,0,0,30,0
27,9,0,0,40,0
24,10,0,0,60,0
48,6,0,0,30,0
21,10,0,0,37,0
41,10,0,0,40,0
44,9,15024,0,60,1
35,9,7298,0,40,1
46,9,0,0,40,1
52,8,0,0,50,1
64,13,0,0,24,1
27,13,0,0,40,0
51,9,0,0,40,0
22,9,0,0,20,0
35,10,0,0,50,1
60,10,3137,0,46,0
29,13,0,0,45,1
24,13,0,0,40,0
29,10,0,0,45,0
46,11,0,0,38,0
29,11,0,0,40,1
26,9,0,0,48,0
28,9,0,0,40,0
64,13,0,0,5,0
37,11,0,0,6,0
29,10,0,0,55,0
35,10,0,0,40,1
21,10,0,0,30,0
79,10,0,0,20,0
39,13,0,0,40,1
28,9,0,0,40,0
44,10,0,0,40,1
53,9,0,0,35,0
42,9,0,0,40,0
32,9,0,0,40,1
22,9,0,0,37,0
20,9,0,0,12,0
39,9,0,0,52,0
57,13,0,0,48,1
20,10,0,0,10,0
42,13,0,0,40,1
31,12,0,0,50,1
53,9,0,0,40,0
38,12,10520,0,50,1
60,9,4650,0,40,0
38,7,0,0,60,0
36,13,0,0,40,0
50,10,0,0,40,0
41,9,0,0,40,0
24,9,0,0,40,0
46,9,0,0,40,1
38,10,0,0,40,0
47,10,0,0,30,0
31,13,0,0,40,1
34,13,15024,0,70,1
26,9,0,0,50,0
40,10,7298,0,40,1
18,10,0,0,30,0
30,10,0,0,40,0
19,10,0,0,15,0
21,5,0,0,30,0
41,9,0,0,50,0
35,9,0,0,40,0
32,7,0,0,40,0
25,10,0,0,50,0
58,5,0,0,40,0
28,9,0,0,40,0
46,10,0,0,40,0
45,14,0,0,40,1
41,13,0,0,50,1
55,6,0,0,60,0
63,9,0,0,40,0
46,13,0,0,40,1
53,13,0,0,40,1
60,9,7688,0,40,1
32,13,15024,0,45,1
67,3,0,0,40,0
63,9,0,0,40,0
48,10,0,0,70,1
57,9,0,0,52,0
29,13,0,0,35,1
43,9,0,0,45,0
34,9,0,0,40,0
29,13,0,0,50,0
35,9,0,1974,40,0
61,9,0,0,52,1
22,9,0,0,40,0
24,10,0,0,37,0
49,9,0,0,40,0
76,5,0,0,13,0
47,13,0,0,50,1
37,5,0,0,40,0
28,6,0,0,50,0
55,13,0,0,99,0
35,13,0,0,40,0
27,9,0,0,40,0
61,13,0,0,7,1
42,13,0,0,55,1
25,9,0,0,40,0
41,9,0,1485,44,1
27,13,0,0,40,0
30,11,0,0,40,1
30,7,0,0,45,0
40,14,1506,0,40,0
32,9,5178,0,45,1
37,9,0,0,40,0
43,13,0,1902,40,1
23,13,0,0,40,0
44,7,0,0,30,0
35,9,0,1740,40,0
52,13,0,0,40,1
58,6,0,0,8,0
32,10,0,0,50,1
63,15,0,0,30,0
23,9,0,0,30,0
35,7,0,0,40,0
17,5,0,0,40,0
45,9,0,0,40,0
55,10,0,0,70,1
52,3,0,0,40,0
27,10,0,0,30,0
25,9,0,0,40,0
39,14,5178,0,38,1
54,10,0,0,40,1
54,13,0,0,40,0
39,10,0,0,40,0
31,9,0,0,45,0
25,7,0,0,40,0
50,15,99999,0,55,1
43,14,914,0,40,0
25,2,0,0,25,0
23,10,0,0,40,0
37,14,0,0,50,1
24,10,0,0,40,0
74,2,0,0,20,0
54,9,0,0,40,0
33,13,15024,0,50,1
19,10,0,0,25,0
37,14,0,0,40,0
53,10,3137,0,40,0
20,9,0,0,15,0
33,9,0,0,84,1
22,9,0,0,40,0
36,9,0,0,40,0
56,9,0,0,50,0
35,9,2829,0,45,0
66,9,0,0,40,0
62,11,0,0,20,0
36,9,0,0,40,0
29,10,0,0,60,0
35,9,0,0,35,0
48,9,0,0,55,0
42,14,0,1977,40,1
59,14,4787,0,60,1
42,9,0,0,50,0
25,6,0,0,45,0
36,9,0,0,40,0
25,13,0,0,50,0
59,10,0,0,50,0
32,11,0,0,40,0
51,13,0,0,43,0
47,9,0,0,38,1
40,10,0,0,50,1
40,13,0,0,40,0
49,12,0,0,40,0
60,10,0,0,60,0
30,8,0,0,40,0
21,9,0,0,40,0
37,10,0,0,40,0
23,13,0,0,40,0
40,10,0,0,45,0
65,9,9386,0,40,1
37,14,7688,0,50,1
32,4,0,0,40,0
40,13,0,0,40,0
40,9,0,0,24,1
36,10,0,0,37,0
39,9,0,0,50,0
45,10,0,0,40,0
31,9,0,0,75,0
44,10,0,1887,60,1
22,9,0,0,20,0
33,11,0,0,40,0
47,5,0,1719,30,0
29,13,3325,0,10,0
39,13,0,0,40,1
26,9,3464,0,48,0
52,6,0,0,45,0
20,10,0,0,35,0
60,13,8614,0,48,1
23,10,0,0,40,0
17,6,0,0,40,0
37,9,3464,0,50,0
34,9,0,0,8,0
49,13,0,0,60,1
31,7,0,0,65,0
21,10,0,0,40,0
21,10,0,0,40,0
28,10,0,0,55,0
54,9,0,0,40,1
37,7,0,0,40,0
56,5,0,0,40,0
31,9,0,0,40,0
27,10,0,0,35,0
57,9,0,0,40,1
21,10,0,0,40,0
23,5,0,0,40,0
64,9,0,0,40,0
46,10,0,0,40,0
35,9,0,0,45,0
30,9,0,0,75,0
31,5,0,0,40,0
30,9,0,0,40,0
28,13,0,0,60,1
44,10,0,0,60,0
45,9,0,0,40,0
24,13,0,0,50,0
38,13,0,0,50,1
58,4,0,0,40,0
54,13,0,0,40,1
50,9,0,0,40,0
38,10,0,0,40,0
30,13,99999,0,50,1
45,9,0,0,40,0
41,11,0,0,40,0
24,10,0,0,45,0
39,14,1506,0,40,0
21,9,0,0,40,0
40,13,0,0,45,0
38,9,0,0,40,0
50,9,0,0,46,0
23,9,0,0,40,0
42,10,0,0,40,1
40,13,0,0,40,0
74,15,0,0,40,0
44,10,0,0,38,0
21,8,0,0,20,0
52,10,0,0,90,1
25,9,0,0,40,0
45,9,0,0,35,0
19,10,0,0,20,0
28,13,0,0,40,0
18,8,0,0,30,0
25,9,0,0,40,0
25,8,0,0,40,0
17,8,0,0,18,0
58,13,0,0,40,0
44,9,0,0,38,0
41,9,0,0,40,0
56,14,0,0,80,1
56,14,0,0,66,0
58,9,0,0,40,0
18,7,0,0,24,0
63,9,0,1485,40,1
39,13,0,0,60,1
44,10,0,0,58,1
39,9,0,0,16,0
44,10,0,0,35,0
28,9,0,0,40,0
34,9,0,0,48,0
30,13,0,0,40,0
37,9,0,0,40,0
43,10,0,1672,44,0
52,10,7688,0,55,1
56,12,0,0,20,0
27,13,0,0,40,0
26,10,0,0,60,0
41,10,0,0,40,0
55,9,0,0,46,0
58,10,0,0,37,0
37,10,0,0,60,0
37,7,0,0,30,0
17,7,0,0,40,0
26,7,2907,0,50,0
22,12,0,0,60,0
28,9,0,0,51,0
41,10,0,0,44,1
41,11,0,0,40,0
46,10,0,0,42,0
20,10,0,0,40,0
35,13,0,0,60,1
46,10,5178,0,38,1
39,10,15024,0,40,1
51,10,0,0,40,0
65,9,0,0,40,0
47,9,5178,0,40,1
39,13,0,0,30,0
39,9,5455,0,40,0
36,11,0,0,20,0
49,10,0,0,35,0
37,10,0,0,35,0
44,10,0,0,40,0
54,10,0,0,50,0
63,9,0,0,40,0
23,13,0,0,40,0
54,9,5178,0,40,1
63,9,2105,0,40,0
17,7,0,0,16,0
24,13,0,0,30,0
37,13,0,0,37,1
28,10,0,0,40,0
36,10,0,0,56,1
52,16,0,0,40,1
38,9,0,0,40,0
48,1,0,0,40,0
31,5,0,0,60,0
25,12,2354,0,45,0
36,9,0,0,56,0
35,9,0,0,44,0
19,9,0,0,40,0
24,10,0,0,25,0
20,10,0,0,40,0
27,14,0,0,45,0
32,8,0,0,40,0
20,10,0,0,35,0
39,9,0,0,40,0
55,10,0,0,40,1
24,13,0,0,40,0
27,11,0,0,40,0
57,10,0,2258,38,1
51,9,0,0,32,0
46,15,15024,0,40,1
37,4,0,0,50,0
33,13,0,0,40,1
35,3,0,0,40,0
36,10,0,0,40,1
54,9,0,0,20,0
43,12,0,0,45,1
44,11,0,0,40,1
18,9,0,0,25,0
68,10,10605,0,20,1
27,10,0,0,40,0
47,9,0,0,40,0
43,13,0,0,40,0
52,13,0,0,60,1
24,10,0,0,30,0
42,10,0,0,40,1
25,9,0,0,40,0
38,9,0,0,40,0
44,6,0,0,40,0
28,9,0,0,40,0
49,9,0,0,48,1
19,8,0,0,25,0
58,9,0,0,40,0
19,9,0,0,40,0
39,9,0,1887,40,1
47,9,0,0,40,1
51,9,0,0,40,0
18,9,0,0,36,0
24,9,0,0,40,0
38,9,0,0,40,0
45,13,0,0,40,0
48,10,0,0,45,1
21,10,0,1719,30,0
37,7,0,0,50,0
27,10,0,0,30,0
41,13,0,1977,60,1
50,13,0,0,40,0
24,9,0,0,35,0
48,10,0,0,40,0
45,16,7688,0,50,1
60,9,0,0,44,1
30,9,0,0,24,0
30,9,0,0,35,0
45,14,0,0,60,1
19,10,0,0,40,0
58,15,0,1977,50,1
27,12,0,0,52,0
27,13,0,0,45,0
23,2,0,0,36,0
31,9,0,0,40,0
47,14,0,0,40,0
52,13,0,0,50,0
32,9,0,0,5,0
52,6,0,0,41,0
31,9,0,0,54,0
45,4,0,0,48,0
44,10,0,0,40,1
31,9,0,0,37,0
23,10,0,0,45,0
77,9,0,0,14,0
47,9,0,0,60,0
29,9,0,0,40,0
34,13,0,0,40,1
67,13,0,0,40,0
32,9,0,0,40,0
44,13,0,0,32,0
24,9,0,0,40,0
36,5,0,0,40,0
35,9,0,0,40,0
51,10,0,0,12,0
54,12,0,0,30,0
56,10,0,1672,40,0
46,13,99999,0,72,1
30,9,0,1977,15,1
23,13,0,0,30,0
54,10,0,0,48,1
23,9,0,0,40,0
22,13,0,0,40,0
41,9,0,0,50,0
19,10,0,0,10,0
43,10,0,0,99,0
23,10,0,0,40,0
18,10,0,0,30,0
33,14,7688,0,35,1
54,9,0,0,45,0
34,16,0,0,45,1
41,12,0,0,40,0
38,13,0,0,45,1
47,9,0,0,8,1
39,9,7298,0,50,1
56,13,0,0,40,0
45,10,0,0,60,1
53,16,15024,0,60,1
54,9,0,0,50,1
51,10,0,1977,40,1
52,16,0,0,60,1
22,3,0,0,40,0
50,9,0,0,40,0
47,9,0,0,4,0
36,9,0,0,40,0
33,2,0,0,40,0
41,10,0,1887,50,1
27,9,0,0,40,0
18,8,0,0,25,0
49,11,0,0,36,0
66,5,1409,0,1,0
46,10,0,0,40,0
31,11,0,0,40,0
35,9,5178,0,50,1
31,13,4101,0,50,0
27,9,0,0,32,0
48,13,0,0,80,1
42,13,7298,0,45,1
26,12,0,0,40,0
70,6,0,0,45,0
18,9,0,0,40,0
19,10,0,0,40,0
47,9,0,0,50,1
25,9,114,0,40,0
28,13,0,0,40,0
47,15,99999,0,50,1
20,10,0,0,20,0
59,13,0,0,40,1
45,9,0,0,40,1
45,16,0,3004,35,1
34,9,0,0,40,0
38,9,0,0,35,0
50,13,0,1977,40,1
46,9,0,0,40,0
61,15,0,0,40,1
42,13,0,0,48,1
40,13,0,1902,32,1
24,10,0,0,25,0
29,9,0,0,35,0
25,13,0,0,55,0
27,9,0,0,20,0
48,9,0,0,40,0
19,10,0,0,15,0
52,9,0,0,52,1
20,10,0,0,50,0
59,10,0,0,50,1
54,14,0,0,32,1
26,13,0,2002,40,0
54,9,0,0,35,0
41,13,0,0,50,0
37,9,0,0,44,1
21,10,99999,0,40,1
38,10,0,0,40,0
49,15,0,0,45,0
54,9,0,0,40,0
21,9,0,0,55,0
26,14,0,1669,40,0
39,10,2829,0,90,0
60,10,0,0,40,0
36,9,0,0,40,0
45,9,0,0,40,0
31,13,0,0,40,0
48,9,0,0,40,0
58,9,4787,0,39,1
46,11,0,0,36,0
48,14,0,0,40,1
25,9,0,0,40,0
47,9,0,0,25,0
41,13,0,0,35,0
45,13,0,0,40,1
23,6,0,0,40,0
40,9,0,0,63,0
39,9,7298,0,40,1
67,13,0,0,55,0
30,14,0,0,40,0
27,9,0,0,40,0
38,14,0,0,40,1
26,11,0,0,50,0
24,9,0,0,45,1
59,14,0,0,40,0
33,5,0,0,35,0
49,7,0,0,40,0
48,13,5013,0,45,0
50,9,0,0,40,0
68,10,0,0,40,1
18,7,0,0,25,0
55,10,0,0,56,0
39,10,0,0,25,0
24,14,0,0,10,0
41,10,0,0,16,0
23,10,0,0,15,0
51,13,0,0,45,0
20,9,0,0,20,0
22,3,0,0,40,0
38,10,0,0,50,1
32,9,0,0,40,0
19,10,0,0,12,0
21,10,0,0,10,0
61,13,0,0,50,1
23,9,0,0,40,0
25,9,0,0,40,0
36,13,0,0,35,1
66,13,0,0,50,0
30,10,0,0,37,0
46,8,0,0,45,0
20,5,0,0,40,0
20,9,0,0,30,0
56,13,0,0,32,0
37,9,0,0,40,0
56,4,0,0,20,0
45,9,5013,0,40,0
59,16,0,0,50,0
22,10,0,0,20,0
20,9,0,0,40,0
36,10,0,0,40,0
34,11,0,0,64,0
23,13,2174,0,40,0
42,10,0,0,40,0
46,9,0,0,44,0
27,10,0,0,30,0
48,15,0,0,60,1
20,10,0,0,25,0
21,10,0,0,20,0
50,14,0,0,35,0
47,9,0,0,40,1
41,13,0,0,25,1
21,9,0,0,55,0
35,10,0,0,40,0
57,10,0,0,42,0
40,12,0,0,40,0
67,9,0,0,3,0
24,9,0,0,40,0
38,6,0,0,40,0
44,10,0,0,40,0
55,9,0,0,44,0
42,14,0,0,40,1
49,7,0,0,35,0
65,13,0,0,40,1
40,13,0,0,40,0
49,13,27828,0,60,1
63,9,0,0,40,0
66,9,0,0,40,0
29,10,0,0,55,0
26,12,0,0,40,0
20,10,0,0,45,0
50,10,0,0,40,1
31,9,0,0,45,0
27,13,0,0,50,1
45,9,0,0,28,0
36,9,0,0,40,0
37,13,0,1887,40,1
33,14,14084,0,50,1
31,10,0,0,48,0
37,10,0,0,40,0
34,10,0,0,40,0
19,7,0,0,25,0
21,9,0,0,40,0
47,14,0,0,40,1
22,13,0,0,20,0
19,10,0,0,30,0
22,9,0,0,20,0
25,9,0,0,40,0
57,10,3137,0,40,0
32,9,0,0,40,0
44,13,0,0,45,0
24,13,0,0,45,0
48,14,0,0,40,1
26,13,0,0,40,0
20,10,0,0,10,0
18,6,0,0,6,0
59,9,0,0,50,0
77,3,0,0,20,0
55,10,5013,0,52,0
36,9,0,0,40,1
32,10,0,0,40,0
26,13,13550,0,50,1
66,10,0,0,24,0
38,9,0,0,40,1
30,9,0,0,40,0
25,9,0,0,40,0
49,9,0,0,40,0
23,9,0,0,40,0
30,9,0,1669,70,0
22,10,0,0,4,0
22,13,0,0,20,0
40,9,0,0,40,0
38,2,0,0,40,0
62,5,0,0,40,0
31,9,0,0,38,0
40,6,0,0,40,0
21,10,0,0,32,0
40,13,0,0,40,0
17,7,0,0,20,0
43,10,0,0,55,0
60,9,0,0,40,0
40,14,0,0,40,0
28,10,0,0,40,0
19,7,0,0,40,0
30,13,0,0,50,0
42,13,0,0,40,0
60,11,0,0,40,0
35,13,7298,0,40,1
34,13,5178,0,25,1
64,2,0,0,12,0
27,16,0,0,70,0
63,6,0,0,40,0
56,10,0,0,35,0
43,13,0,0,40,0
30,5,0,0,45,0
38,13,0,0,40,0
71,10,3432,0,20,0
29,10,0,0,40,0
43,9,0,0,40,1
23,9,0,0,40,0
61,9,0,0,45,1
42,9,0,0,40,0
29,13,0,1848,60,1
43,10,0,0,40,0
20,10,0,0,40,0
24,10,0,0,45,0
28,9,0,0,25,0
20,10,0,0,40,0
41,9,0,0,40,0
65,6,0,0,22,1
56,10,0,0,35,0
47,9,0,0,35,0
48,14,0,0,40,1
30,10,0,0,44,0
45,11,0,1902,42,1
33,6,0,0,40,0
48,13,0,0,58,1
52,3,0,0,40,0
25,6,0,0,24,0
27,10,0,2377,20,0
25,6,0,0,40,0
23,13,0,0,20,0
50,14,0,1485,40,0
19,8,0,0,20,0
26,10,0,0,40,0
26,13,0,0,20,0
39,9,0,0,40,0
39,12,0,0,50,1
28,8,0,0,40,0
36,10,7688,0,50,1
29,13,0,0,40,0
21,10,0,0,30,0
44,15,0,0,40,1
32,9,0,0,50,0
43,14,0,0,40,1
52,16,0,0,40,1
20,10,0,0,20,0
48,14,0,0,55,1
34,10,0,0,25,0
28,6,0,0,40,0
18,10,0,0,15,0
49,9,0,0,45,0
42,9,0,2042,48,0
24,9,0,0,44,0
51,10,0,0,8,1
20,10,0,0,40,0
31,10,0,0,40,0
62,11,0,0,40,0
49,13,0,625,40,0
56,10,0,0,30,0
27,9,0,0,45,0
25,10,0,0,40,0
53,14,0,0,40,1
30,4,0,0,40,0
24,9,0,0,48,0
44,9,0,0,38,0
59,10,0,0,40,0
44,13,0,0,40,1
41,9,0,0,45,0
31,9,0,0,18,0
17,9,0,0,35,0
46,13,0,0,45,1
17,7,0,0,20,0
26,10,0,0,4,0
35,9,0,0,55,0
67,10,0,2457,40,0
72,13,0,0,3,0
41,9,0,0,40,0
33,12,0,0,40,0
35,10,0,0,40,1
45,9,0,0,50,0
24,9,0,0,50,0
88,15,0,0,40,0
69,7,0,0,48,0
36,9,0,0,40,0
38,13,0,0,40,0
55,9,0,0,45,0
48,11,0,0,40,0
38,7,0,1887,45,1
37,13,0,0,20,1
42,9,0,0,40,0
38,10,0,0,75,0
49,14,0,0,75,0
35,10,0,0,50,0
32,7,0,0,60,0
27,10,0,0,20,0
19,9,0,0,25,0
31,9,0,0,30,0
44,10,0,0,40,0
28,9,0,0,40,0
45,10,0,1887,40,1
25,13,0,0,40,0
46,10,0,0,40,1
33,9,0,0,40,0
34,14,0,0,50,1
40,13,0,0,50,1
51,13,0,0,40,0
26,13,0,0,40,0
31,9,0,0,65,0
34,10,0,0,65,1
60,13,0,0,60,0
47,10,0,0,40,0
27,13,0,1977,50,1
17,7,0,0,28,0
52,9,0,2051,38,0
49,14,0,0,40,1
45,15,0,0,30,1
61,10,0,0,40,0
50,13,0,0,40,1
58,13,0,0,40,0
69,6,0,0,20,0
34,12,0,0,65,0
46,13,0,0,50,1
25,13,0,0,40,0
38,11,0,0,48,1
25,10,0,0,38,0
64,9,0,0,40,0
20,10,0,0,25,0
45,13,0,0,40,1
45,10,7688,0,40,1
56,2,0,0,40,0
59,9,0,0,60,0
22,6,0,0,15,0
36,9,0,0,60,0
44,9,0,0,58,0
46,15,0,0,50,1
43,9,0,0,40,0
70,14,9386,0,30,1
67,10,0,0,25,0
48,9,0,0,40,1
40,9,0,0,40,0
29,11,7298,0,32,1
40,8,0,0,40,0
33,10,0,0,40,0
41,13,0,0,40,0
21,9,0,0,40,0
44,10,0,0,40,0
21,10,0,0,40,0
19,10,0,0,16,0
23,4,0,0,25,0
44,14,0,0,20,1
24,13,0,0,15,0
43,10,0,0,10,0
29,9,0,0,42,0
29,15,0,0,50,0
31,11,0,0,38,0
33,10,0,0,38,0
45,13,0,1977,55,1
51,9,0,0,50,0
22,10,0,0,40,0
23,6,0,0,40,0
46,10,0,0,48,1
36,9,0,0,84,0
44,13,0,0,38,0
20,10,594,0,16,0
18,10,0,0,20,0
40,9,0,0,70,1
48,3,0,0,40,0
55,9,0,0,40,0
55,9,0,0,40,0
31,13,0,0,40,0
32,13,0,0,40,0
20,11,0,0,30,0
29,13,0,0,40,1
48,11,0,0,40,1
44,9,0,1902,40,1
62,10,0,0,35,1
20,10,0,0,40,0
18,8,0,0,25,0
40,9,0,0,60,1
18,9,0,0,25,0
62,9,0,0,65,0
72,5,0,0,20,0
45,9,0,1902,40,1
23,12,0,0,25,0
25,13,0,0,40,0
28,12,0,0,40,0
40,9,0,0,38,0
52,10,0,0,40,1
25,13,0,0,40,0
20,10,0,0,40,0
90,9,0,4356,40,0
75,14,0,0,50,0
52,9,0,2377,40,0
31,9,0,0,40,0
53,9,0,2002,40,0
46,10,0,0,40,0
28,13,0,0,40,0
59,3,0,0,40,0
47,4,0,0,60,1
66,9,0,0,40,0
25,12,0,0,45,0
31,9,0,0,35,0
20,9,0,0,40,0
21,9,0,0,40,0
36,13,0,0,50,1
20,9,0,0,8,0
31,9,0,0,48,1
24,10,0,0,40,0
20,9,0,0,52,0
50,10,0,0,40,0
48,9,0,0,50,1
56,9,0,0,40,0
58,13,0,0,25,0
20,10,0,0,30,0
22,10,0,0,20,0
51,13,0,0,50,1
31,12,0,0,60,0
39,10,0,0,50,1
22,11,0,0,50,0
29,9,0,0,40,1
29,10,0,0,40,0
34,9,0,0,40,0
32,10,0,0,50,0
22,10,0,0,20,0
38,6,0,0,40,0
26,9,0,0,52,1
22,7,0,0,40,0
48,10,0,0,40,1
23,13,0,0,15,0
33,10,0,0,40,0
45,14,0,0,50,1
48,9,4386,0,40,1
19,9,0,0,20,0
27,13,0,0,40,0
33,13,0,0,40,1
61,9,0,0,45,1
31,9,0,0,40,0
28,9,0,0,40,0
29,12,7688,0,45,1
19,10,0,0,40,0
38,11,0,0,40,0
23,8,0,0,25,0
17,7,0,0,20,0
49,10,0,0,40,1
46,9,0,0,40,1
28,13,0,0,40,0
28,10,0,0,40,0
30,13,0,0,70,0
43,8,0,0,40,0
28,13,0,0,40,1
39,10,4787,0,40,1
27,14,0,0,20,0
27,14,0,0,40,0
65,10,0,0,20,0
26,10,0,0,40,0
39,13,0,0,40,0
45,11,3908,0,40,0
58,3,0,0,40,0
57,3,0,0,40,0
51,10,3325,0,40,0
45,9,0,0,40,0
61,13,0,0,40,0
76,15,0,1258,20,0
32,9,0,0,40,1
26,12,0,0,8,0
33,13,0,0,35,0
59,9,0,0,40,0
38,5,0,0,40,0
26,6,0,0,55,0
24,13,0,0,10,0
19,10,0,0,27,0
44,10,0,0,55,0
37,9,0,0,45,0
73,7,0,0,40,0
20,10,0,0,25,0
30,9,0,0,45,0
42,12,0,0,40,0
35,9,0,0,45,0
34,12,0,0,60,0
46,13,0,0,40,0
78,9,2228,0,32,0
27,13,0,0,40,0
27,10,0,0,49,0
44,10,7298,0,45,1
21,12,0,0,10,0
42,11,0,0,40,0
63,7,0,0,22,0
27,9,0,0,32,0
44,9,0,0,20,0
55,9,0,0,40,0
56,15,0,0,16,0
19,10,0,0,15,0
22,10,0,0,40,0
42,3,0,0,40,0
55,6,0,0,29,0
25,9,0,0,35,0
26,9,0,0,78,1
30,14,0,0,45,0
24,10,0,0,20,0
39,13,5013,0,32,0
33,10,0,0,40,0
41,9,0,0,40,0
34,7,0,0,30,0
37,12,0,1887,40,1
25,9,0,0,35,0
51,9,0,0,60,0
38,10,0,0,58,0
19,8,0,0,28,0
60,9,0,0,50,1
37,9,0,0,40,0
51,14,15024,0,40,1
45,13,0,0,50,1
23,5,0,0,40,0
26,13,0,0,45,1
41,9,0,0,40,0
30,9,0,0,40,1
32,10,0,1590,54,0
47,9,0,0,49,1
19,10,0,0,35,0
48,11,0,0,56,1
20,3,0,0,40,0
67,9,0,0,7,0
37,13,7298,0,40,1
54,8,0,0,40,0
49,9,0,1669,40,0
50,13,0,0,35,0
31,10,0,0,50,0
45,9,0,1628,45,0
22,9,0,0,40,0
31,9,0,0,50,0
35,6,0,0,50,0
37,15,0,0,50,1
31,9,0,0,40,0
47,9,0,0,40,1
52,13,0,0,40,1
35,9,0,0,50,0
63,4,0,0,15,0
41,13,7688,0,50,1
65,10,2290,0,40,0
36,9,0,0,40,0
51,9,0,0,56,1
17,7,0,0,15,0
30,10,0,0,30,0
40,14,0,0,40,0
38,9,0,0,40,1
35,10,0,0,40,0
23,9,0,0,35,0
47,10,0,0,40,0
25,6,0,0,24,0
35,8,0,0,40,0
28,10,0,0,40,0
31,13,0,0,40,0
70,9,0,0,5,0
29,9,0,0,44,0
28,10,0,2339,40,0
28,10,0,0,40,0
31,15,14084,0,50,1
71,10,20051,0,40,1
33,9,0,0,42,0
23,10,2597,0,50,0
63,9,0,0,40,0
32,12,0,0,40,0
47,9,5178,0,40,1
47,10,0,0,48,0
56,13,5178,0,44,1
24,9,2597,0,40,0
40,12,0,0,40,1
31,13,0,1977,55,1
44,9,0,0,80,0
26,9,0,0,40,0
24,13,0,0,40,0
22,10,0,0,43,0
29,9,0,0,40,0
31,10,0,0,65,0
34,9,0,0,40,0
43,10,0,0,40,0
37,13,0,0,50,1
43,13,0,0,50,0
44,13,0,0,12,0
52,11,0,0,40,1
27,10,0,0,45,0
24,9,0,0,40,1
51,4,0,0,40,0
37,9,0,0,40,0
29,9,0,0,40,0
51,9,0,0,45,0
18,9,0,0,40,0
36,10,0,0,40,0
24,10,0,0,30,0
37,9,0,0,40,0
21,12,0,0,30,0
31,13,0,0,40,0
27,11,0,0,38,0
32,6,0,0,40,0
21,10,0,1719,9,0
39,9,0,0,40,1
44,10,0,0,50,0
59,10,0,1977,48,1
28,9,0,0,40,0
37,13,0,0,40,1
24,9,0,0,40,0
50,9,0,0,15,0
39,10,0,0,60,0
55,14,0,0,50,1
34,9,0,0,36,0
38,11,0,0,55,1
55,16,0,0,80,1
60,7,0,0,50,0
36,9,0,0,40,0
60,5,0,0,35,0
31,13,0,0,50,1
28,9,0,0,50,1
23,9,0,1590,48,0
29,11,0,0,40,0
51,10,0,0,40,0
24,9,0,0,36,0
48,13,15024,0,45,1
33,13,0,0,50,1
49,10,0,0,40,1
44,13,0,0,40,0
56,9,0,0,40,0
48,9,7298,0,38,1
47,9,0,0,40,0
27,10,0,0,40,0
18,7,1055,0,20,0
39,14,0,0,50,0
50,10,0,0,84,1
24,9,0,0,50,0
31,9,0,0,60,0
31,9,0,0,18,0
28,13,0,0,40,0
42,14,0,0,40,0
31,13,0,0,40,0
23,11,0,0,40,0
29,13,0,0,40,0
61,9,0,0,37,0
24,9,0,0,40,0
48,13,0,0,55,0
38,13,5178,0,40,1
55,11,0,0,38,0
22,11,0,0,30,0
27,13,0,0,40,0
42,13,0,0,40,1
29,10,0,0,65,0
29,15,0,0,55,0
47,12,0,0,40,1
33,9,3325,0,50,0
24,14,0,0,13,0
36,6,0,0,40,0
22,9,0,0,40,0
17,6,0,0,30,0
23,4,0,0,36,0
37,11,0,0,24,1
32,13,0,0,40,0
61,6,0,0,24,0
30,9,0,0,40,0
19,10,0,0,20,0
29,9,0,0,40,0
38,7,0,0,50,0
63,10,0,0,40,0
39,13,0,0,30,0
33,9,0,0,40,0
30,9,0,0,40,0
57,10,0,0,75,0
21,9,0,1504,40,0
30,10,0,0,45,0
39,9,0,0,40,0
19,10,0,0,20,0
20,10,2176,0,12,0
48,6,0,0,40,0
22,7,0,0,65,0
19,4,0,0,80,0
29,9,0,0,50,0
39,9,0,1887,40,1
34,10,0,0,40,0
26,9,0,0,48,0
39,12,0,0,40,0
50,10,0,0,15,0
43,13,0,1564,45,1
64,9,0,0,40,0
54,10,3103,0,40,1
26,13,0,0,40,0
31,10,0,1579,45,0
32,10,0,0,36,0
68,12,0,0,43,0
21,9,0,0,40,0
42,13,0,0,45,1
42,12,0,0,40,0
22,9,0,0,39,0
25,14,0,0,99,1
35,7,6849,0,60,0
29,13,0,0,40,0
45,13,0,0,40,0
58,7,14084,0,40,1
56,13,15024,0,50,1
20,10,0,0,25,0
65,6,9386,0,50,1
37,10,8614,0,55,1
48,9,0,0,40,0
56,11,0,0,60,1
28,10,0,0,30,1
58,7,0,0,48,0
21,9,0,0,40,0
27,13,0,0,40,0
31,3,0,0,40,0
56,4,0,0,40,0
50,13,0,0,40,1
41,14,0,0,60,0
28,12,0,0,40,0
67,10,0,0,16,0
22,10,0,0,24,0
37,13,15024,0,40,1
27,9,0,1740,40,0
53,14,14344,0,50,1
41,14,0,0,55,1
38,10,0,0,20,0
72,9,0,0,12,0
36,10,0,0,40,0
66,13,0,0,50,1
37,10,0,0,45,1
51,13,15024,0,50,1
33,9,0,0,40,0
51,12,0,0,45,1
42,9,4064,0,40,0
49,9,0,0,60,1
55,12,0,0,40,0
44,13,0,0,45,0
46,5,0,0,50,0
40,10,0,0,45,1
36,7,0,0,40,0
39,10,0,0,48,0
62,13,0,1258,38,0
27,13,0,0,40,0
18,10,0,0,12,0
45,10,0,0,30,0
40,13,0,0,40,1
59,14,0,0,40,1
22,9,0,0,40,0
23,10,0,0,20,0
56,9,0,0,35,0
60,9,0,0,48,0
22,11,0,0,10,0
25,13,0,0,18,0
25,9,0,0,40,0
28,9,0,0,35,0
25,8,0,0,60,0
44,10,3411,0,40,0
52,9,0,0,20,0
56,7,0,0,65,1
28,9,0,0,40,0
62,9,0,0,45,1
31,13,0,0,40,0
32,13,0,0,44,0
60,11,0,0,30,0
19,9,0,0,35,0
40,9,0,0,40,0
53,9,0,0,40,1
60,13,0,0,35,0
20,10,0,0,20,0
33,7,0,0,50,0
43,9,0,0,40,0
59,15,0,0,55,1
25,9,0,0,40,0
36,14,0,1977,40,1
57,10,0,0,40,1
44,9,0,0,60,0
39,9,0,0,40,1
25,13,0,0,40,0
40,11,0,0,40,1
34,9,0,0,40,0
33,9,0,0,65,0
45,4,0,0,35,0
59,10,0,1887,55,1
66,11,0,0,30,0
22,13,0,0,20,0
50,13,0,0,40,1
69,13,0,0,20,0
22,10,0,0,10,0
44,9,0,0,70,0
39,4,0,0,40,0
29,14,0,0,30,0
22,10,0,0,40,0
25,11,0,0,41,0
37,12,0,0,40,0
22,5,0,0,50,0
49,10,0,0,40,1
57,6,0,0,40,0
45,11,0,1564,40,1
22,10,0,0,40,0
31,13,0,0,47,0
23,9,0,0,40,0
19,10,0,0,15,0
34,13,0,0,60,0
52,6,0,0,45,0
30,13,0,0,40,0
31,10,0,0,20,0
45,14,0,0,45,1
51,10,0,0,45,1
56,9,0,0,40,0
39,6,0,0,60,0
22,10,0,0,40,0
26,9,0,0,65,0
23,10,0,0,30,0
39,9,0,0,40,0
52,9,0,0,60,0
47,14,0,0,40,1
41,10,0,0,40,1
38,9,0,0,40,0
36,10,0,0,40,0
22,10,0,0,40,0
18,4,0,0,40,0
82,4,0,0,50,0
61,9,0,2352,50,0
55,13,0,0,40,0
17,7,0,0,15,0
33,9,0,0,40,0
57,13,0,1485,40,0
36,10,0,0,55,1
34,13,0,1485,35,0
27,13,0,0,40,0
26,10,0,0,35,0
41,13,7688,0,70,1
51,10,0,0,40,0
40,15,0,0,40,0
43,12,0,0,60,0
39,15,0,1902,50,1
32,10,0,0,30,0
24,10,0,0,45,0
41,11,0,0,44,0
38,10,0,1485,60,1
48,12,0,0,42,0
52,9,0,0,45,1
32,12,0,0,35,0
56,10,0,0,41,1
42,13,0,0,44,1
42,10,0,1628,40,0
30,12,0,0,50,1
27,3,0,0,50,0
56,9,0,0,40,0
29,10,0,0,35,0
61,13,0,0,45,1
73,9,0,0,50,0
23,13,0,0,40,0
38,16,0,0,50,1
20,10,0,2258,10,0
32,7,0,0,50,0
56,4,0,0,40,0
23,13,0,0,40,0
35,9,0,0,40,0
31,13,0,0,40,0
23,13,0,0,20,0
41,9,0,0,36,0
62,9,0,0,40,0
45,10,0,0,40,1
31,9,0,1594,30,0
34,9,0,0,40,0
36,11,0,0,40,0
27,10,0,0,40,0
23,12,0,0,20,0
31,11,0,0,40,0
31,9,0,0,50,0
40,9,0,0,30,0
23,10,0,0,20,0
19,9,0,0,37,0
30,7,0,0,60,0
18,7,0,0,7,0
23,10,0,0,20,0
46,9,0,0,40,0
25,12,0,0,48,0
48,14,0,0,50,0
33,10,0,0,40,0
60,9,0,0,35,0
41,10,0,0,40,1
48,9,0,0,60,0
34,9,0,0,45,0
30,9,0,0,45,0
51,5,0,0,40,0
23,10,0,0,45,0
30,10,0,0,40,0
44,13,0,0,50,0
30,13,0,0,40,0
19,9,0,0,25,0
59,9,0,0,40,1
60,9,0,0,44,0
18,9,0,0,20,0
20,9,0,0,40,0
41,9,0,0,40,0
50,9,0,0,30,0
33,13,0,0,60,0
43,10,0,0,40,0
40,6,0,0,35,0
53,9,0,0,42,1
39,6,0,0,12,0
24,13,0,0,40,0
27,13,0,1887,60,1
19,4,0,0,25,0
33,5,0,0,50,0
20,9,0,0,25,0
39,9,0,0,40,0
28,9,0,0,40,0
46,10,0,0,50,1
34,10,0,0,40,0
22,10,0,0,24,0
45,15,0,0,35,1
33,9,0,0,40,0
60,10,0,0,40,0
63,9,0,0,35,0
61,9,0,0,20,0
26,10,0,0,45,0
46,10,1506,0,50,0
44,13,0,0,40,0
28,7,0,0,40,0
22,13,0,0,40,0
20,10,0,0,30,0
55,10,0,0,40,0
30,11,0,0,40,1
64,9,0,0,40,0
33,11,0,0,45,0
51,9,0,1887,40,1
29,10,0,0,20,0
39,10,0,0,40,0
43,13,0,0,42,1
32,9,0,0,40,0
21,9,0,0,40,0
42,7,0,1340,40,0
19,9,0,0,30,0
41,10,0,0,40,0
24,9,0,0,40,0
25,13,0,0,40,0
57,10,0,0,50,0
26,9,0,0,50,0
23,14,0,1887,50,1
51,3,0,0,40,0
42,14,0,1902,50,1
20,10,0,0,30,0
21,9,2176,0,40,0
21,9,0,0,20,0
67,6,0,0,35,0
52,13,0,0,40,0
27,13,0,0,35,0
71,2,0,0,28,0
20,10,0,0,35,0
52,9,0,0,40,1
38,11,4386,0,40,1
34,13,0,0,40,0
33,9,0,1092,40,0
81,2,0,0,45,0
50,9,0,0,38,0
44,13,15024,0,55,1
27,13,0,0,40,0
32,9,0,0,40,0
42,7,0,0,38,0
27,9,0,0,40,0
30,13,0,0,40,1
27,9,0,0,40,0
30,9,1151,0,30,0
46,14,15024,0,65,1
45,13,0,1977,60,1
25,11,0,0,40,0
44,9,0,0,65,1
24,9,0,0,30,0
28,12,0,0,40,0
46,9,3464,0,40,0
27,10,0,0,88,0
46,11,0,0,50,0
19,10,0,0,25,0
33,6,0,0,40,0
17,8,0,0,25,0
61,10,0,0,25,0
47,9,0,0,50,0
24,13,0,0,30,0
62,9,0,0,48,0
20,10,0,0,10,0
35,5,0,0,45,0
53,1,0,0,40,0
25,13,0,0,40,0
29,10,0,0,48,0
25,9,0,0,50,0
56,13,0,0,40,1
18,9,0,0,40,0
31,9,0,0,40,0
57,9,0,0,38,0
56,9,0,0,42,0
33,7,0,0,40,0
56,9,0,0,40,0
59,5,0,0,60,1
46,10,0,0,40,0
33,11,3103,0,50,1
36,6,0,0,48,0
52,9,0,0,8,0
28,12,0,2002,40,0
50,13,0,0,13,0
27,9,0,0,50,0
70,13,0,0,20,0
49,9,0,0,40,0
25,13,0,0,35,0
53,9,0,0,40,1
46,9,0,0,40,0
47,12,0,0,40,1
34,8,0,0,35,0
39,6,0,0,40,0
66,7,0,0,40,0
39,9,0,0,40,0
40,10,0,0,44,0
30,11,3137,0,60,0
67,15,20051,0,48,1
51,13,0,0,40,1
38,9,0,0,70,0
46,12,0,0,56,0
63,9,0,0,40,0
52,5,0,0,25,0
29,14,0,0,60,0
43,14,0,0,50,1
36,13,0,0,32,0
39,12,0,0,48,0
48,15,0,0,25,0
58,9,0,0,37,0
33,9,0,0,55,0
21,12,0,0,18,0
45,6,0,0,40,0
30,9,0,0,40,0
37,9,0,0,40,0
46,1,0,0,40,0
25,14,0,0,43,0
20,10,0,0,20,0
33,9,0,0,50,1
45,16,0,0,40,1
45,10,0,0,42,0
28,13,0,0,40,0
38,7,0,0,45,0
47,9,0,0,43,0
46,13,0,0,50,1
50,10,0,0,35,1
38,10,0,0,40,0
24,10,0,0,30,0
50,13,0,0,40,0
63,9,0,0,40,0
35,12,0,0,55,0
27,10,0,0,40,1
20,9,0,0,48,0
22,13,0,0,32,0
17,7,0,0,20,0
58,10,15024,0,40,1
42,9,0,1672,40,0
46,11,0,0,60,0
55,9,0,0,48,1
56,9,0,0,40,0
58,9,0,0,40,0
68,16,0,0,50,0
29,9,0,0,45,0
50,12,0,1902,40,1
42,10,0,0,40,0
22,13,0,0,15,0
31,12,0,0,40,0
38,15,0,0,35,1
70,9,0,2174,40,1
28,13,0,0,50,0
35,13,0,0,40,0
48,12,0,0,40,0
43,14,8614,0,47,1
19,10,0,0,20,0
38,9,0,2051,44,0
40,13,0,0,40,1
59,14,7298,0,55,1
63,5,0,0,40,0
40,10,0,0,40,0
55,14,0,0,40,1
32,13,0,0,43,1
53,10,0,0,40,0
31,10,15024,0,50,1
54,10,0,0,40,1
36,9,0,0,48,0
50,13,0,0,8,0
30,10,0,0,30,0
54,14,0,0,40,0
32,15,0,0,40,1
25,4,0,0,40,0
51,6,0,0,40,0
29,8,0,0,40,1
46,16,0,1564,50,1
20,9,0,0,40,0
49,10,0,0,56,1
55,13,0,0,40,0
35,16,0,0,60,0
27,13,3325,0,43,0
32,9,0,0,55,0
47,10,0,0,40,0
41,13,0,0,48,1
61,16,0,0,5,0
46,10,0,0,40,0
63,9,0,0,45,1
54,9,0,0,40,0
28,12,0,0,16,1
30,13,0,0,40,0
26,10,0,0,35,0
49,9,0,0,40,0
81,9,0,0,30,0
34,10,0,1485,40,1
57,13,3103,0,50,1
38,10,0,0,60,0
45,9,0,0,40,0
41,9,0,0,40,0
75,11,0,0,20,0
41,10,0,0,50,1
55,16,0,1977,55,1
47,9,0,0,40,0
41,10,0,0,35,1
26,10,7688,0,40,1
29,10,0,0,8,0
21,9,0,0,40,0
30,10,0,0,60,0
55,9,0,0,40,0
44,6,0,0,42,0
33,9,0,0,40,0
36,13,0,1485,50,1
27,9,0,0,40,0
22,10,0,0,35,0
29,9,0,1887,55,1
26,13,0,0,60,0
41,10,0,0,45,0
51,10,0,0,40,0
19,10,0,0,30,0
33,7,0,0,40,0
51,9,0,0,40,0
56,9,0,0,48,1
49,9,0,0,45,0
56,13,0,0,40,1
42,10,0,0,40,0
48,7,0,0,30,0
59,9,0,0,40,1
34,10,0,0,45,1
50,10,0,1485,40,0
21,9,0,0,35,0
40,11,0,0,60,0
63,14,0,0,40,1
49,12,0,1902,40,1
46,9,0,0,40,0
46,13,0,1602,8,0
34,9,0,0,40,0
34,10,0,0,55,1
35,9,0,0,50,1
33,9,0,0,40,0
22,10,0,0,32,0
25,9,0,0,95,0
54,14,0,1887,44,1
45,9,0,0,50,0
31,13,0,0,50,0
22,13,0,0,40,0
32,9,0,0,40,0
66,16,20051,0,35,1
36,11,0,0,48,0
57,9,0,0,40,1
29,13,3103,0,45,1
28,10,0,1669,60,0
24,9,0,0,40,0
49,13,0,0,40,1
50,9,0,0,55,0
32,12,0,0,42,0
43,9,0,0,24,0
20,9,0,0,40,0
27,9,0,0,38,0
58,13,0,0,40,0
45,9,0,0,40,1
35,10,0,0,40,0
44,13,0,0,45,1
22,10,0,0,10,0
62,10,0,0,40,1
25,12,0,0,40,0
51,9,0,0,40,0
58,10,0,0,30,0
40,10,7298,0,40,1
56,6,0,0,40,0
44,9,0,1564,55,1
61,10,0,0,40,1
40,10,0,0,30,0
24,9,0,0,40,0
65,7,0,0,15,0
64,5,0,0,38,0
32,13,0,0,2,0
56,14,0,1876,60,0
63,4,0,0,41,0
36,9,0,0,40,0
45,13,0,0,40,1
20,10,0,0,40,0
58,9,0,0,40,1
32,9,0,0,40,0
31,13,0,0,40,0
49,14,0,0,65,1
47,10,0,0,36,0
45,10,15024,0,99,1
44,13,0,0,38,1
17,7,0,0,18,0
50,6,0,0,60,0
46,12,0,2258,38,1
49,9,0,0,15,0
39,13,0,1902,50,1
19,8,0,0,25,0
28,13,0,0,40,1
35,6,0,0,99,0
21,11,0,0,50,0
62,9,0,0,40,0
36,10,0,0,40,0
60,9,0,0,42,0
29,10,0,0,24,0
61,10,15024,0,18,1
30,13,0,0,40,0
50,13,0,0,50,1
42,13,0,0,40,1
51,15,27828,0,60,1
44,14,0,0,40,1
48,11,0,0,25,1
20,10,0,0,35,0
31,9,5013,0,40,0
53,13,0,0,45,1
37,13,0,0,45,1
45,10,0,0,40,0
38,9,0,0,40,0
28,15,0,2339,40,0
35,9,0,0,50,0
27,10,0,0,40,0
20,9,0,0,35,0
59,9,0,0,40,1
32,9,0,0,40,0
34,9,0,0,40,0
43,10,0,0,30,0
45,14,15024,0,50,1
36,10,0,0,35,0
54,9,0,0,40,0
22,10,0,0,45,0
40,4,0,1887,40,1
57,10,0,0,40,0
18,9,0,0,60,0
24,13,0,0,40,0
50,10,0,0,38,0
34,12,0,0,40,1
34,9,0,0,40,0
17,7,0,0,10,0
53,10,0,0,60,0
27,10,0,0,55,0
22,10,0,0,32,0
37,10,0,0,60,1
31,9,0,0,40,0
43,9,0,0,40,0
61,8,0,0,52,0
20,9,0,0,40,0
41,9,7443,0,40,0
42,9,0,0,40,0
23,13,0,0,24,0
36,4,0,0,75,0
46,12,0,0,44,1
67,10,0,1844,70,0
31,10,0,1740,20,0
38,13,7298,0,50,1
47,12,0,0,40,1
59,9,0,0,40,0
56,11,0,0,54,1
23,7,0,0,55,0
50,2,0,0,40,0
39,12,0,0,40,0
17,6,0,0,20,0
39,9,0,0,60,0
33,9,0,0,87,0
25,9,0,1579,40,0
81,9,0,0,18,0
43,9,0,0,40,0
19,10,0,0,25,0
20,12,0,2205,18,0
22,9,0,0,40,0
28,11,0,0,60,0
24,3,0,0,40,0
42,14,0,0,20,1
49,9,0,0,40,1
46,9,0,0,40,0
49,10,7298,0,40,1
60,9,0,0,40,0
18,9,0,0,15,0
49,14,0,0,70,1
24,13,0,0,40,0
36,4,7298,0,45,1
26,9,0,0,40,0
29,13,3411,0,45,0
55,10,0,0,50,0
36,14,0,0,70,0
54,9,0,0,40,1
38,13,7298,0,60,1
28,6,0,0,40,0
55,16,0,0,40,1
34,10,0,0,40,0
52,9,0,0,45,0
37,14,0,0,40,1
35,13,0,0,45,0
29,13,0,0,46,1
23,10,0,0,20,0
25,9,0,0,36,0
23,13,0,0,40,0
30,9,0,0,35,0
21,10,0,0,40,0
18,10,0,0,20,0
42,9,0,0,40,0
55,13,0,0,15,0
28,11,0,0,40,0
24,10,0,0,40,0
45,9,0,0,40,0
26,10,0,0,20,0
42,15,7430,0,44,1
28,9,0,0,40,0
26,12,0,0,36,0
30,9,0,0,40,0
31,11,0,0,40,0
72,13,1455,0,6,0
29,9,0,0,40,0
38,10,0,0,40,0
24,10,0,0,50,0
37,10,0,0,32,0
22,13,0,0,40,0
25,9,0,0,45,0
19,10,0,0,20,0
55,15,0,0,60,1
55,13,0,0,40,1
38,9,0,0,40,0
61,14,0,0,40,1
39,13,0,0,45,1
42,4,0,0,40,0
40,12,0,0,40,1
43,9,0,0,40,0
30,9,0,0,40,1
32,11,0,0,60,0
32,9,0,0,50,0
61,7,0,0,40,0
41,9,0,0,40,0
52,9,0,0,40,0
44,13,0,0,40,0
33,10,0,0,80,0
61,13,0,0,30,0
36,9,0,0,40,0
32,9,0,0,40,0
42,10,0,0,45,0
24,10,0,0,45,0
49,10,0,0,40,0
27,13,0,0,40,0
37,13,7688,0,50,1
29,10,0,0,40,0
27,10,0,1651,40,0
24,13,0,0,10,0
41,10,0,0,48,0
43,10,0,0,55,1
29,15,0,0,50,1
47,9,0,0,37,0
39,13,0,0,45,1
20,7,0,0,40,0
42,9,0,0,65,0
28,13,0,0,45,0
55,10,0,0,40,0
40,10,4787,0,50,1
23,10,0,0,30,0
63,9,0,0,45,0
30,10,0,0,40,0
30,9,0,0,40,0
34,9,0,0,40,0
50,10,0,0,40,0
46,14,0,0,35,1
23,10,0,0,10,0
28,10,0,0,40,0
19,10,0,0,60,0
41,9,1506,0,50,0
18,9,0,0,12,0
37,9,0,0,40,1
32,10,0,0,50,0
59,10,0,0,56,0
18,6,0,0,56,0
44,13,0,0,40,0
20,9,0,0,40,0
35,14,7298,0,40,1
29,9,0,0,40,0
19,10,0,0,30,0
21,6,0,0,40,0
27,10,0,0,40,0
38,9,0,0,35,0
58,6,0,0,40,1
36,15,0,0,60,1
37,13,0,0,45,1
40,9,2174,0,60,0
27,10,0,0,40,0
36,9,0,0,40,0
26,13,0,0,60,0
26,9,0,0,36,0
26,7,6497,0,48,0
50,9,5013,0,45,0
26,9,0,0,40,0
22,9,0,0,40,0
30,12,0,0,40,0
28,10,0,0,40,0
20,10,0,0,20,0
24,9,0,0,40,0
23,7,4508,0,25,0
43,11,0,0,45,1
42,9,0,0,60,1
42,15,0,1977,50,1
62,11,0,0,50,0
34,5,0,0,40,0
33,9,0,0,40,0
17,7,0,0,20,0
77,10,0,0,8,0
22,7,0,0,20,0
54,14,0,0,60,0
18,8,0,0,30,0
34,9,0,0,40,0
32,9,0,0,48,0
51,11,7298,0,40,1
22,9,0,0,40,0
61,9,0,0,40,0
38,13,0,0,40,1
21,9,0,0,40,0
60,9,15024,0,40,1
24,9,0,0,60,0
48,10,0,0,40,1
41,9,0,0,40,0
57,11,0,0,38,0
35,14,0,0,40,1
21,9,0,0,40,0
54,9,0,0,60,1
20,9,0,0,25,0
21,9,0,0,35,0
60,4,3137,0,40,0
35,9,0,0,40,0
53,9,0,0,40,0
26,10,0,0,40,0
44,15,0,0,45,0
54,10,0,0,40,0
38,9,0,0,40,0
43,4,0,0,25,0
46,9,0,0,40,0
21,10,0,0,40,0
40,10,0,0,25,0
37,13,0,0,30,1
64,9,0,0,8,0
42,10,0,0,40,0
61,9,15024,0,38,1
62,9,0,0,35,0
36,9,0,0,32,0
30,10,0,0,40,1
19,9,0,0,40,0
39,13,0,0,6,1
30,13,0,0,40,0
43,9,0,0,21,0
33,11,0,0,40,0
40,9,0,0,35,0
27,3,2176,0,40,0
48,13,0,0,40,0
61,10,0,0,43,0
55,10,0,0,40,0
20,10,0,0,16,0
27,10,0,0,30,0
31,10,0,0,40,0
30,9,0,0,40,0
61,6,0,0,40,0
25,9,0,0,40,0
30,13,4787,0,45,1
51,7,0,0,40,0
52,4,0,0,40,0
37,9,0,0,38,0
25,13,0,0,21,0
28,13,0,0,40,1
49,10,0,0,55,0
31,11,0,0,40,0
67,9,0,0,65,0
41,13,0,0,40,1
35,9,0,0,48,0
48,9,0,0,44,0
56,14,0,0,40,1
46,13,0,0,40,1
27,6,0,0,35,0
57,9,0,0,50,0
28,10,0,0,40,0
71,9,0,0,17,0
37,11,0,0,40,1
37,10,0,0,40,0
51,5,0,0,20,0
25,13,0,0,35,0
20,10,0,0,35,0
30,13,0,0,40,1
33,10,0,0,40,0
34,13,0,0,40,1
27,11,0,0,40,0
24,13,0,0,44,1
32,13,0,0,46,0
36,11,0,0,40,0
39,9,0,0,45,0
48,10,0,0,30,1
24,10,0,0,35,0
28,13,0,0,45,0
62,9,0,0,43,0
21,13,0,0,40,0
40,9,0,0,45,0
67,9,0,0,35,0
46,10,0,1740,40,0
45,9,0,0,38,0
28,10,0,0,40,0
40,9,3411,0,40,0
52,9,0,0,60,1
46,10,0,1902,50,1
47,9,5178,0,40,1
26,10,0,0,40,0
28,10,0,0,40,0
32,13,0,0,40,0
26,9,0,0,72,0
38,13,0,0,40,0
32,9,0,0,40,0
48,16,0,1902,46,1
45,13,0,2002,55,0
22,9,0,0,40,0
63,10,0,0,35,0
58,11,0,0,40,1
31,9,15024,0,40,1
46,10,0,0,40,0
62,14,0,0,35,0
44,9,0,0,40,1
47,13,0,0,40,1
26,13,0,0,40,0
28,4,0,0,40,0
23,12,0,0,25,0
49,9,0,0,40,0
28,9,0,0,35,0
40,9,0,0,35,0
19,9,0,0,40,0
40,13,0,0,45,1
41,9,0,0,40,0
56,10,0,0,40,1
52,9,0,0,40,1
23,9,0,0,30,0
31,9,14344,0,40,1
30,13,0,0,44,0
51,10,0,0,10,1
25,11,0,0,40,0
45,15,0,1726,40,0
23,9,0,0,40,0
21,10,0,0,25,0
50,6,0,0,99,0
26,6,0,0,20,0
19,9,0,0,40,0
18,9,0,0,11,0
45,9,0,0,48,1
19,9,0,0,40,0
36,10,0,0,40,0
38,11,0,0,36,0
43,14,7688,0,53,1
24,9,0,0,40,0
33,11,7688,0,50,1
24,9,0,0,40,0
46,10,0,0,50,0
40,9,0,0,30,0
52,10,0,0,37,1
64,10,0,0,4,0
59,13,0,1902,43,1
31,10,0,0,40,0
70,10,0,0,20,1
26,10,0,0,44,0
33,9,0,0,50,0
19,9,0,0,52,0
35,9,0,0,40,0
37,10,0,0,38,0
45,11,0,1977,50,1
39,13,0,0,60,0
27,9,0,0,40,0
22,9,0,0,40,0
21,9,0,1719,25,0
36,14,15024,0,50,1
46,10,0,0,24,0
49,9,0,0,40,1
20,10,0,0,40,0
71,15,0,0,12,1
47,15,7688,0,60,1
58,9,0,0,30,0
62,11,0,0,40,0
46,13,15024,0,60,1
34,9,1151,0,48,0
27,13,0,0,45,0
45,6,0,0,38,0
19,10,0,0,25,0
23,10,0,0,25,0
36,10,0,0,40,0
64,10,0,0,20,0
29,13,0,0,60,0
26,10,0,0,40,0
29,9,0,0,10,1
34,9,0,0,40,0
22,9,0,0,40,0
44,10,0,0,40,1
36,9,0,0,65,0
33,12,0,1887,60,1
49,9,0,0,40,0
31,12,2202,0,38,0
19,9,0,0,20,0
30,10,0,0,40,0
27,12,0,0,40,0
50,10,0,0,48,0
55,10,0,0,35,0
49,10,0,0,40,0
42,9,0,0,40,0
38,4,0,0,40,0
59,6,0,0,40,1
38,13,0,0,44,0
59,9,0,1887,40,1
29,10,0,0,40,0
44,9,0,0,40,0
24,9,0,0,40,0
39,13,0,0,40,1
27,9,0,0,50,0
22,10,0,0,25,0
54,13,0,0,50,0
46,12,0,1485,55,0
21,12,0,0,9,0
63,10,20051,0,10,1
74,16,0,0,25,1
58,9,0,0,45,1
45,13,0,0,40,0
28,8,0,0,40,0
25,13,0,0,50,0
19,9,0,0,32,0
51,13,0,0,45,1
44,14,15024,0,45,1
43,11,0,0,40,1
52,8,0,0,40,0
20,9,0,0,40,0
38,13,0,0,30,1
28,8,0,0,40,0
38,10,7688,0,40,1
58,9,0,0,35,1
43,13,0,0,48,0
32,13,0,0,50,1
54,9,0,0,45,0
23,10,0,0,20,0
57,9,0,0,45,0
41,11,0,1848,48,1
34,10,0,0,40,0
71,9,0,2377,45,1
19,10,0,0,14,0
44,16,0,0,40,1
41,13,0,0,70,0
43,9,0,0,40,0
27,10,0,0,40,1
34,9,0,0,40,0
55,9,0,0,35,0
41,9,0,0,40,0
29,9,0,0,40,1
35,9,0,0,40,0
25,13,0,0,40,0
31,12,0,0,40,0
45,15,7688,0,40,1
37,14,0,0,50,1
54,9,0,1672,50,0
38,14,0,1485,40,0
52,9,0,0,45,0
33,11,0,0,40,0
77,9,0,0,15,0
22,13,0,0,40,0
22,13,0,0,35,0
51,9,0,0,40,0
42,10,0,0,40,0
36,9,0,0,33,0
49,14,99999,0,80,1
26,10,0,0,20,0
28,13,0,0,16,0
38,13,0,213,40,0
31,12,0,0,40,0
49,10,0,0,40,1
44,13,0,0,40,1
45,11,0,0,20,0
52,9,0,0,40,0
51,11,0,0,40,0
25,9,0,0,30,0
19,7,0,0,20,0
25,5,0,0,40,0
26,10,0,0,40,0
22,9,0,0,40,0
34,9,0,0,48,0
34,9,0,0,20,0
51,13,0,0,40,1
56,13,2907,0,52,0
21,10,0,0,12,0
49,14,0,0,47,1
22,9,0,0,45,0
19,7,0,0,40,0
43,14,0,0,45,0
25,8,0,1741,40,0
46,9,0,0,40,0
20,10,0,0,25,0
37,14,0,0,70,0
64,9,0,0,5,0
18,7,0,0,40,0
26,13,0,0,50,0
49,9,0,0,40,0
44,4,0,0,50,0
38,9,0,0,45,1
33,14,0,0,60,0
19,10,0,0,40,0
58,13,0,0,40,1
25,10,0,0,40,0
25,9,0,0,28,0
32,9,0,0,40,0
60,10,0,0,50,0
44,15,10520,0,40,1
46,10,0,0,60,1
62,9,0,0,48,0
43,10,0,0,30,0
53,9,0,0,40,1
31,6,0,0,40,0
42,9,0,0,40,0
41,3,0,0,40,0
49,11,0,0,60,1
38,13,0,0,60,0
36,14,15024,0,45,1
37,10,0,0,60,0
21,7,0,0,35,0
45,13,99999,0,25,1
52,5,0,0,30,0
42,9,0,0,60,0
23,9,0,0,40,0
24,9,0,0,35,0
41,10,0,0,40,0
81,10,0,0,15,0
50,6,0,0,40,1
73,9,0,0,40,0
49,13,7688,0,66,1
48,10,0,0,40,0
24,9,0,0,50,1
47,10,0,0,40,0
50,3,0,0,55,0
17,7,2176,0,18,0
41,10,3103,0,40,1
34,9,0,0,50,0
36,9,0,0,60,1
48,4,0,0,50,0
42,14,0,1876,40,0
39,9,0,0,40,1
35,9,0,0,40,0
54,10,0,0,40,1
47,9,0,0,40,0
24,10,0,0,50,0
44,10,0,0,40,0
44,9,0,0,40,0
46,10,0,0,40,0
64,16,0,1902,60,1
23,10,0,0,60,0
35,9,0,0,45,0
33,13,0,0,24,0
28,13,0,0,40,0
52,9,0,0,45,1
43,13,0,0,40,0
34,9,0,0,60,0
34,10,0,0,40,0
59,9,0,0,40,0
44,10,0,0,40,0
24,10,0,0,40,0
21,10,0,2377,48,0
40,10,0,0,40,0
20,9,0,0,40,0
47,9,0,1974,40,0
47,6,0,0,45,0
30,4,0,0,38,0
28,7,0,0,40,0
35,12,0,0,35,0
18,7,0,0,20,0
27,10,0,0,60,0
38,10,0,0,40,0
35,14,13550,0,55,1
25,11,3418,0,40,0
55,9,0,0,25,0
62,4,0,0,40,0
38,9,0,0,40,0
20,10,0,0,24,0
43,13,0,0,40,1
81,11,0,0,1,0
17,7,0,0,24,0
42,10,0,0,50,0
40,13,0,0,46,1
50,9,0,0,40,0
43,14,0,0,40,0
36,9,0,0,40,0
31,14,0,0,60,1
42,13,0,0,40,0
29,9,0,0,40,0
45,10,0,0,40,1
60,2,0,0,38,0
21,10,0,0,20,0
25,9,0,0,50,0
29,9,0,0,40,0
28,13,0,0,45,0
25,9,0,0,40,0
41,9,0,0,40,0
34,12,0,1902,50,1
29,9,0,0,65,1
73,2,0,0,40,0
60,12,0,0,24,0
34,9,0,0,45,0
30,10,0,0,40,0
28,9,0,0,43,0
28,13,0,0,43,0
43,10,0,0,40,0
38,11,0,0,40,0
41,12,0,0,50,1
35,9,0,0,40,0
26,14,0,0,40,0
39,10,0,0,55,0
42,14,0,0,40,1
56,4,0,0,40,0
49,9,0,0,60,0
26,13,0,0,40,0
46,13,0,0,45,0
24,7,0,0,40,0
53,10,0,0,40,0
60,14,0,0,50,0
41,11,0,1628,5,0
59,1,0,0,40,0
50,9,0,0,48,1
18,10,0,0,26,0
35,13,0,0,40,0
45,9,0,0,50,0
78,9,0,0,45,1
35,9,0,0,40,0
32,7,0,0,40,0
37,10,0,0,62,0
59,10,0,0,40,1
54,13,0,1977,35,1
39,11,0,0,20,1
67,14,15831,0,72,1
23,9,0,0,40,0
30,9,0,0,40,0
55,9,0,0,45,0
53,13,7298,0,40,1
25,13,0,0,40,0
35,9,0,0,40,1
40,11,0,0,40,0
33,10,0,0,40,0
23,12,0,0,40,0
23,10,0,0,48,0
59,10,0,0,40,0
44,9,3137,0,50,0
45,13,0,0,40,0
35,9,0,0,50,0
19,10,0,0,40,0
27,6,0,0,40,0
50,6,0,0,25,0
24,10,0,0,40,0
30,10,0,0,40,0
40,10,0,0,40,0
75,15,0,2174,50,1
75,2,0,0,16,0
56,10,0,0,40,1
54,2,0,0,50,0
45,11,0,0,38,0
26,10,0,0,35,0
65,10,0,0,40,0
19,9,0,0,52,0
50,14,2407,0,98,0
47,7,6849,0,40,0
17,9,0,0,40,0
22,9,0,0,43,0
25,13,0,0,60,0
49,13,0,0,48,0
44,9,0,0,60,0
36,9,0,0,45,1
22,9,0,0,35,0
47,4,0,0,30,0
54,12,0,0,55,1
59,13,15024,0,40,1
70,9,0,0,37,0
29,11,0,0,50,0
42,9,0,0,43,1
42,7,0,0,40,0
34,10,0,0,40,0
45,13,0,0,70,0
47,11,0,1669,40,0
48,9,1471,0,40,0
36,13,0,0,40,1
35,10,0,0,40,0
29,13,0,0,50,1
59,7,3908,0,28,0
24,10,0,0,40,0
47,13,0,0,50,1
32,10,0,0,40,0
29,6,0,0,48,0
34,11,3908,0,45,0
40,10,0,0,45,0
39,10,0,0,20,0
29,13,0,0,40,0
49,13,0,0,45,0
39,14,0,0,50,1
20,9,0,0,40,0
26,9,0,0,40,0
29,14,0,0,35,0
23,10,0,0,28,0
34,14,0,0,55,1
23,9,0,0,40,0
57,16,0,1902,40,1
25,9,0,0,37,0
28,9,0,0,40,0
30,5,0,0,40,0
17,7,0,0,12,0
20,10,0,0,10,0
44,14,0,0,35,1
21,10,0,0,60,0
35,10,0,2051,45,0
56,6,0,0,40,0
54,10,0,0,40,1
18,7,0,0,15,0
31,10,15024,0,56,1
26,13,0,2258,45,1
36,9,0,0,70,1
35,13,0,0,50,1
19,5,0,0,25,0
39,9,0,0,40,1
35,9,0,0,40,0
18,10,0,0,30,0
35,15,0,0,45,1
20,9,0,0,40,0
60,9,0,0,50,1
42,9,0,0,35,0
71,9,0,0,40,1
74,3,0,0,40,0
51,9,0,0,40,0
35,9,0,0,50,0
35,10,0,0,10,0
56,9,0,0,40,1
39,10,0,0,38,0
51,7,0,0,40,0
29,13,0,0,35,0
43,13,0,0,45,1
59,13,0,0,50,1
42,13,0,0,35,0
75,3,0,0,25,0
72,10,0,0,74,0
24,9,0,0,40,0
21,9,0,0,40,0
39,7,0,0,35,0
19,10,0,2001,40,0
37,9,0,0,40,1
67,15,6418,0,10,1
45,9,0,0,40,0
23,9,0,0,42,0
44,16,15024,0,40,1
45,10,6497,0,35,0
21,9,0,0,40,0
27,9,0,0,40,0
67,9,20051,0,30,1
59,6,0,0,40,1
36,10,0,0,48,0
49,14,0,0,60,0
42,14,0,1887,48,1
36,1,0,0,72,0
41,10,0,2415,55,1
24,10,0,0,30,0
51,9,0,0,46,1
33,10,0,0,40,0
69,9,0,0,30,0
31,10,5178,0,40,1
23,11,0,0,36,0
30,11,0,0,36,0
36,10,0,0,44,0
31,10,0,0,60,0
20,9,0,0,40,0
40,13,0,0,50,1
50,12,0,0,50,1
39,9,0,0,4,0
47,15,0,1977,50,1
41,10,0,1848,65,1
66,9,0,0,3,0
21,10,0,0,40,0
24,13,0,0,40,0
23,9,0,0,40,0
36,13,4386,0,50,1
25,13,0,0,40,0
51,9,0,0,38,0
21,10,0,0,20,0
66,15,0,0,50,0
64,16,7688,0,60,1
33,13,0,0,40,0
42,11,7298,0,35,1
33,9,0,0,45,1
27,10,0,0,40,0
51,15,99999,0,70,1
19,7,0,0,35,0
53,9,0,0,40,1
63,9,2580,0,20,0
19,6,0,0,40,0
40,13,15024,0,50,1
51,12,0,0,40,1
39,13,0,0,40,1
22,9,0,0,40,0
37,15,0,0,6,0
19,10,0,1719,16,0
42,2,0,0,60,0
18,7,0,0,8,0
55,9,0,0,40,0
21,10,2176,0,40,0
26,10,0,0,30,0
65,9,0,0,35,0
44,5,0,0,40,0
48,10,7688,0,40,1
45,9,0,0,45,1
24,13,0,0,35,0
29,9,0,0,48,0
41,9,0,0,40,0
26,9,0,0,40,0
18,6,0,0,20,0
36,9,0,0,50,0
50,10,0,0,40,0
53,9,0,0,40,0
67,12,0,0,35,0
38,13,0,0,50,1
27,10,0,0,40,0
27,13,0,0,40,0
18,9,0,0,20,0
34,13,0,0,45,0
58,7,0,0,40,0
36,9,0,0,50,0
24,10,0,0,30,0
69,13,0,0,40,0
40,7,0,0,36,0
37,9,0,0,70,0
34,7,0,0,40,0
37,10,0,0,37,0
33,9,0,0,40,0
45,9,0,0,40,0
17,6,0,0,15,0
22,10,0,0,40,0
36,9,0,0,40,1
39,9,8614,0,50,1
63,6,0,0,40,0
39,15,15024,0,48,1
38,9,0,0,24,0
39,14,0,0,50,1
26,13,0,0,30,0
24,7,0,0,40,0
17,6,0,0,21,0
36,9,0,0,45,0
36,13,0,0,32,1
58,13,0,0,40,0
20,9,0,0,20,0
22,10,0,0,20,0
57,9,0,0,40,1
34,10,0,0,52,0
57,13,4386,0,13,1
20,10,0,0,40,0
35,13,0,0,40,0
45,10,0,1876,50,0
40,9,0,0,40,0
36,13,0,0,40,0
33,10,0,0,40,0
54,11,0,0,40,0
38,12,0,0,40,1
44,9,0,0,40,1
24,9,0,0,40,0
47,3,0,0,40,0
40,10,0,0,43,0
38,15,0,0,50,1
53,9,0,0,40,0
24,14,0,0,40,0
33,11,0,0,26,0
45,10,0,0,40,1
56,10,0,0,40,0
29,12,0,0,36,0
57,10,0,0,40,1
23,7,0,0,35,0
52,10,0,0,40,0
26,13,0,0,40,0
20,10,0,0,40,0
22,13,0,0,40,0
69,14,6514,0,40,1
57,15,0,0,35,1
36,12,0,0,52,1
32,9,0,0,40,0
28,10,0,0,55,0
28,9,0,0,55,0
33,13,0,0,40,0
32,13,0,0,40,1
26,13,10520,0,64,1
40,13,0,0,40,0
18,7,0,0,12,0
46,10,0,0,40,0
29,9,3325,0,40,0
60,11,0,0,60,1
28,10,0,0,30,0
27,9,0,0,99,0
26,9,0,0,50,0
35,13,0,0,40,1
23,12,0,0,20,0
41,9,0,0,40,0
28,10,0,0,40,0
29,13,0,0,50,0
53,11,0,1485,40,0
41,15,0,0,50,1
63,13,0,1740,35,0
31,9,0,0,40,0
77,13,0,0,50,1
36,11,0,0,38,0
21,10,0,0,40,0
63,9,0,0,40,0
27,9,0,0,40,0
20,9,0,0,35,0
28,9,0,0,40,0
40,13,0,0,40,0
33,10,0,0,40,0
27,13,0,1504,45,0
25,10,0,0,44,1
33,10,0,0,4,0
57,13,0,0,50,1
57,13,0,0,40,0
30,9,0,0,65,1
40,6,0,0,40,1
35,12,0,0,35,1
36,9,0,0,50,0
44,14,0,0,40,1
31,9,2829,0,40,0
50,9,0,0,40,0
21,9,0,0,35,0
24,6,0,0,40,0
24,10,0,0,40,0
56,4,0,0,20,0
42,4,0,0,40,0
36,13,0,0,40,0
32,11,0,0,40,0
24,7,0,0,24,0
39,9,0,0,40,0
31,16,0,1977,99,1
34,13,0,0,50,1
23,9,0,0,48,0
51,9,0,0,80,0
37,9,0,0,60,0
25,11,0,0,40,0
30,9,0,0,25,0
37,9,0,0,15,0
42,14,0,0,50,0
39,14,3464,0,40,0
57,9,0,0,40,0
29,9,0,0,50,0
48,13,0,0,45,0
68,9,0,0,45,1
42,13,0,0,45,0
39,13,0,0,50,1
25,10,0,0,40,0
28,10,0,0,16,0
38,10,0,0,40,0
62,14,0,0,45,0
20,7,0,0,40,0
44,2,0,0,40,0
33,9,3781,0,40,0
25,9,0,0,8,0
36,9,0,0,40,0
34,10,0,0,65,0
48,14,0,1380,40,0
23,13,0,0,35,0
34,10,0,1887,40,1
54,9,0,0,65,0
74,9,0,0,40,1
75,9,0,0,20,0
31,16,0,0,40,0
29,14,0,0,50,1
24,9,0,2001,37,0
43,13,0,0,55,0
38,10,0,0,40,0
17,8,0,0,6,0
42,10,0,0,40,0
39,9,6849,0,40,0
41,9,0,2339,40,0
32,9,0,0,43,0
33,9,0,0,50,1
39,9,0,0,40,0
21,9,0,0,32,0
31,14,0,1977,48,1
23,9,0,0,8,0
46,10,0,0,40,1
37,10,0,0,55,0
28,10,0,0,24,0
55,10,0,0,35,0
31,9,0,0,40,0
40,10,0,0,35,0
44,11,0,0,40,0
23,13,0,0,28,0
26,9,5013,0,40,0
50,9,0,0,48,0
71,9,0,0,40,0
32,4,0,0,15,0
38,10,0,1741,40,0
32,10,0,0,40,0
63,9,0,0,40,1
56,9,0,0,40,0
46,10,0,0,40,1
22,10,0,0,40,0
17,7,0,0,15,0
28,9,0,0,40,0
17,7,0,0,15,0
75,10,0,0,30,0
51,9,0,0,40,0
34,11,0,0,53,0
44,9,0,0,40,0
28,13,0,0,42,1
50,10,0,0,45,0
45,13,0,0,40,1
24,10,0,0,20,0
33,10,0,0,40,0
28,10,0,0,40,0
34,9,0,0,40,0
41,10,7688,0,50,1
47,13,0,0,40,1
28,10,0,0,40,0
51,9,0,0,43,0
45,10,0,0,40,0
25,5,0,0,40,0
22,12,0,0,15,0
44,9,7298,0,50,1
47,12,0,0,40,1
29,13,0,1902,50,1
44,13,0,0,45,0
37,9,0,0,40,0
35,10,0,0,40,0
31,13,0,0,40,1
33,9,0,0,30,0
50,8,0,0,40,0
28,13,0,0,40,0
21,10,0,0,40,0
21,10,0,0,25,0
17,6,0,0,20,0
59,9,0,0,40,0
46,9,0,0,40,1
31,11,0,0,40,0
65,7,0,0,40,0
42,9,0,0,40,1
29,9,0,0,48,0
25,10,0,0,38,0
30,9,0,0,40,0
42,13,5178,0,40,1
19,10,0,0,10,0
24,10,0,0,45,0
40,14,0,0,40,1
33,12,2174,0,55,0
20,9,0,0,40,0
34,13,0,0,60,1
22,9,0,0,40,0
38,10,0,0,40,0
52,8,0,0,40,0
35,13,0,0,40,1
34,12,0,0,40,0
19,6,0,0,35,0
48,9,0,0,40,0
44,9,0,0,40,1
45,10,0,0,40,0
38,10,0,0,44,1
59,12,0,0,8,0
29,10,0,0,40,0
61,10,0,1887,40,1
18,9,0,0,25,0
45,13,0,0,38,0
30,10,0,0,52,0
32,9,0,0,10,0
24,10,0,0,65,0
31,16,0,0,50,1
60,5,0,1672,84,0
54,2,0,0,40,1
55,9,0,0,40,0
48,9,0,0,40,0
20,9,0,0,40,0
30,13,0,0,40,1
47,14,0,0,25,0
42,10,0,0,43,0
50,13,0,0,36,0
37,10,0,0,40,0
39,13,7688,0,32,1
42,9,0,0,32,0
30,10,0,0,40,0
61,4,0,0,54,0
48,9,0,0,60,1
21,10,0,0,40,0
25,10,0,0,16,0
38,10,0,1902,50,1
25,10,0,0,40,0
38,16,0,0,40,1
18,10,0,0,30,0
41,10,0,1485,40,1
27,10,0,0,40,0
31,12,0,0,35,0
42,9,0,0,15,0
51,9,0,0,40,0
28,13,0,0,20,0
31,16,0,0,40,1
22,10,2407,0,40,0
27,9,0,0,40,0
33,10,0,0,50,0
43,6,0,0,25,0
45,9,0,0,50,0
61,12,15024,0,40,1
43,13,0,0,55,1
45,10,0,0,40,0
60,11,7298,0,40,1
26,13,0,0,45,1
61,9,0,0,40,1
54,12,0,0,40,1
36,9,0,0,40,0
51,14,0,0,40,0
28,13,0,0,50,0
35,9,0,0,40,0
30,10,0,0,40,0
23,10,0,0,40,0
42,10,0,0,40,1
37,2,0,0,85,0
47,9,0,0,40,0
22,9,0,0,40,0
29,13,0,0,40,1
33,8,0,0,40,0
26,12,0,0,40,0
27,9,5178,0,40,1
21,9,0,0,35,0
51,14,7688,0,45,1
38,13,0,0,45,1
27,9,0,0,40,0
28,9,0,0,35,0
40,11,0,0,40,0
45,10,0,1902,40,1
52,3,0,0,40,0
17,6,0,0,20,0
19,9,0,0,50,0
38,13,7688,0,50,1
62,6,0,0,40,0
42,9,0,0,40,1
45,14,0,0,50,1
32,13,0,0,40,0
23,10,0,0,32,0
61,13,0,0,40,0
55,13,0,0,73,0
63,10,0,0,60,0
75,10,0,0,35,1
50,13,0,0,40,0
32,11,4650,0,40,0
20,10,0,0,25,0
38,13,0,0,40,1
46,9,7298,0,40,1
23,3,0,0,40,0
29,12,0,0,50,0
62,9,0,0,38,0
64,9,0,0,15,0
62,4,0,0,40,0
52,10,0,0,40,1
43,11,0,0,55,0
20,10,0,0,50,0
59,10,0,0,38,0
47,12,0,0,40,0
34,9,0,0,45,0
28,10,0,0,40,0
50,10,0,0,40,0
46,12,0,0,44,1
39,14,0,0,40,1
29,11,0,0,40,0
57,9,0,2258,40,0
36,13,3103,0,45,1
53,14,7298,0,40,1
42,9,0,0,40,0
22,11,0,0,35,0
43,9,0,0,35,0
32,9,0,0,45,0
36,13,0,2415,45,1
22,13,0,0,60,0
51,9,3908,0,40,0
69,3,0,2267,40,0
62,9,0,0,40,0
49,9,0,0,40,1
53,9,0,0,40,1
46,13,0,0,40,1
21,9,0,0,35,0
36,10,0,0,40,0
24,11,0,0,20,0
50,9,0,0,40,1
25,13,0,0,40,0
32,10,0,0,55,1
48,7,0,0,50,0
22,10,0,0,45,0
64,9,0,0,20,0
65,14,0,0,99,0
36,14,0,0,50,1
26,13,0,0,55,1
19,8,0,0,20,0
57,9,0,1902,30,1
43,9,0,0,50,0
57,14,0,0,60,1
47,10,0,1876,40,0
25,9,0,0,40,0
29,9,0,0,30,0
21,10,0,0,20,0
64,13,0,0,40,1
29,9,0,0,40,0
30,9,0,0,40,0
46,14,15024,0,50,1
44,10,0,0,40,0
45,13,10520,0,50,1
43,10,0,0,48,1
31,10,0,0,40,0
27,3,0,0,20,0
18,10,0,0,21,0
30,11,0,0,40,0
40,11,0,0,40,1
43,2,0,0,40,0
28,7,0,0,40,0
33,9,0,0,40,0
36,12,0,0,48,0
51,9,0,0,40,0
37,13,0,0,50,1
41,9,0,0,40,0
60,12,0,0,40,0
29,10,0,0,30,0
30,7,0,0,40,0
30,10,15024,0,60,1
42,14,0,0,55,0
41,15,0,0,50,1
36,10,0,0,50,0
44,14,0,0,45,1
38,9,0,2051,40,0
47,9,0,0,48,0
40,13,0,0,45,1
49,10,0,0,50,1
30,5,0,0,40,0
21,10,0,0,20,0
31,9,3137,0,45,0
28,9,0,0,30,0
32,13,15024,0,50,1
64,11,0,0,48,0
20,6,0,0,40,0
45,9,0,1887,40,1
60,7,0,0,40,0
32,12,0,0,30,0
37,9,0,0,45,0
49,15,99999,0,35,1
31,10,0,0,40,0
42,9,0,0,25,0
35,9,0,0,40,0
35,9,0,0,40,0
50,16,0,1902,65,1
26,9,0,0,56,0
35,9,0,0,40,0
30,10,0,0,40,0
43,10,0,1902,40,1
35,10,0,0,45,1
54,6,0,0,70,0
65,11,0,0,40,0
39,10,0,0,40,0
24,13,0,0,50,0
38,9,0,0,40,0
60,9,0,0,40,0
60,9,0,0,40,0
33,12,0,0,40,0
22,9,0,0,36,0
45,9,3137,0,35,0
26,12,0,0,40,0
25,13,0,0,20,0
23,9,0,0,35,0
30,7,0,0,40,0
24,13,0,0,40,0
56,2,0,0,40,0
24,9,0,0,40,0
34,9,0,0,54,1
29,9,0,0,40,1
35,5,0,0,40,0
33,13,3103,0,47,1
28,9,0,0,40,0
22,10,0,0,20,0
40,5,0,0,45,0
50,15,0,0,36,1
68,9,0,0,40,0
45,13,0,0,40,1
20,10,0,0,35,0
38,13,0,0,40,1
47,16,0,0,50,1
26,9,0,0,50,0
21,2,0,0,40,0
70,4,0,0,25,0
38,16,99999,0,36,1
34,10,0,0,38,0
44,14,0,0,24,0
30,10,0,0,45,0
30,9,0,0,40,0
42,13,7688,0,40,1
55,11,0,0,20,0
67,10,0,0,40,0
40,10,0,0,43,0
24,9,0,0,30,0
59,10,15024,0,50,1
20,9,0,0,40,0
49,16,0,0,35,1
35,10,0,0,40,1
27,10,0,0,40,1
29,13,8614,0,45,1
27,9,0,0,35,0
64,9,0,0,40,0
31,13,0,0,40,0
42,10,0,0,38,0
27,11,0,0,60,0
39,9,0,2258,42,1
42,15,0,0,40,0
53,10,0,0,40,0
41,13,0,0,60,1
46,4,0,0,75,0
36,9,0,0,45,0
18,7,0,0,15,0
38,10,0,0,40,0
42,10,0,0,40,0
66,12,0,0,40,0
22,9,0,0,50,0
30,9,0,0,30,0
32,10,0,0,40,0
36,13,0,0,55,1
29,11,0,0,43,0
36,13,0,0,45,0
37,9,0,0,40,0
54,2,0,0,35,0
40,14,0,0,40,0
63,14,0,0,46,0
19,9,0,0,20,0
26,9,0,0,40,0
49,10,0,0,40,0
64,13,15024,0,40,1
65,6,0,0,70,0
31,9,0,0,25,0
34,11,0,0,40,0
30,13,0,0,40,1
24,11,0,0,40,0
20,9,0,2001,40,0
26,10,0,1974,40,0
45,14,0,0,10,1
29,9,0,0,40,0
54,7,0,0,40,0
28,9,0,0,40,0
18,5,0,0,15,0
57,13,0,0,80,0
39,9,0,0,40,0
41,10,0,0,45,0
35,9,0,0,40,0
36,9,0,0,40,0
29,9,0,0,40,0
55,11,6849,0,40,0
31,13,14084,0,60,1
58,11,0,0,40,0
64,13,0,0,45,0
43,15,0,2415,55,1
35,4,0,0,80,0
33,9,0,0,40,1
51,12,0,0,30,0
50,10,0,0,40,0
32,11,0,0,45,0
49,10,0,0,38,0
44,10,0,0,50,1
23,10,0,0,40,0
44,9,0,0,40,0
25,12,0,0,45,0
59,9,0,0,40,0
44,9,0,0,50,0
24,9,0,0,40,0
22,10,0,0,15,0
18,7,0,0,15,0
38,9,0,0,40,0
40,10,0,213,40,0
17,6,0,0,6,0
20,10,0,0,40,0
28,9,0,0,40,0
47,9,0,0,40,1
38,15,0,0,99,1
25,11,0,0,40,0
37,10,0,0,40,0
36,10,0,0,20,0
90,15,20051,0,72,1
26,9,0,0,40,0
62,9,10566,0,40,0
21,13,0,0,30,0
55,13,15024,0,55,1
23,9,0,0,60,0
41,11,0,0,40,0
21,9,0,0,40,0
48,9,0,0,70,1
35,13,0,0,50,1
28,9,0,0,40,0
48,10,0,0,40,0
47,13,0,0,40,0
33,13,0,0,42,1
19,10,0,0,20,0
42,10,0,0,60,0
38,10,0,0,40,0
56,10,7688,0,50,1
37,9,0,0,40,0
46,4,0,0,40,0
22,10,0,0,36,0
47,9,0,0,40,0
44,9,0,0,30,0
30,9,0,0,40,0
30,10,0,0,65,0
48,9,0,0,60,0
26,13,0,0,40,0
42,13,0,0,40,0
58,10,0,0,40,0
18,7,0,0,20,0
20,6,0,0,40,0
50,9,0,0,45,0
25,9,0,0,35,0
18,9,0,0,60,0
33,9,0,0,66,0
54,9,15024,0,52,1
46,13,99999,0,40,1
23,11,0,0,33,0
44,9,0,0,96,0
18,8,0,0,20,0
33,11,0,1669,55,0
51,9,0,0,40,0
28,10,0,0,48,0
35,10,4650,0,20,0
31,9,0,0,40,0
79,12,0,0,2,1
23,10,0,0,20,0
34,14,0,0,50,1
38,14,0,0,40,0
54,15,0,0,30,1
28,12,0,0,3,0
41,8,0,0,84,1
24,9,0,0,45,0
51,9,0,0,38,0
38,15,0,0,50,0
39,16,0,0,40,0
45,13,2829,0,60,0
27,7,0,0,45,0
42,13,0,0,55,1
42,14,0,0,60,0
23,13,0,0,40,0
37,12,0,1740,45,0
45,9,0,0,40,0
37,14,0,0,65,0
42,9,1151,0,50,0
90,9,6767,0,40,0
42,9,0,0,48,1
35,9,0,0,45,0
25,10,0,0,40,0
24,13,0,0,40,0
56,4,0,0,40,0
38,9,0,0,64,0
21,9,0,0,43,0
36,13,0,0,55,1
25,2,0,0,24,0
47,9,0,625,40,0
30,9,0,0,60,1
24,9,0,0,55,0
36,14,0,0,40,0
23,9,0,0,30,0
19,10,0,0,25,0
59,10,0,1579,60,0
45,9,0,0,35,0
58,13,0,0,35,0
44,13,0,0,40,1
28,14,0,0,50,0
20,10,0,0,20,0
30,4,0,0,48,0
36,9,0,0,37,0
22,10,0,0,12,0
25,10,0,0,45,0
18,10,0,0,20,0
36,9,0,0,50,0
24,9,0,0,40,0
49,13,0,0,35,0
27,10,0,0,40,0
71,9,0,0,33,0
50,10,0,0,40,0
55,10,0,0,40,0
32,8,0,0,40,0
55,9,0,0,40,0
20,9,0,0,40,0
43,10,0,1902,40,1
40,9,0,0,40,0
37,9,0,0,40,0
33,9,0,0,35,0
61,16,4064,0,40,0
46,9,0,0,40,0
20,9,0,0,47,0
25,9,0,0,40,0
51,7,0,0,40,0
31,13,0,0,97,1
47,4,0,0,40,0
33,10,0,0,50,0
27,9,7298,0,40,1
47,9,0,0,40,0
27,13,0,0,35,0
41,9,0,0,40,1
47,14,0,0,45,0
33,9,0,0,55,0
21,9,0,0,24,0
31,13,0,0,50,1
34,9,0,0,28,0
53,13,0,0,40,1
28,13,0,0,15,0
29,13,0,0,40,1
51,14,99999,0,50,1
32,14,0,0,50,0
65,5,0,0,40,0
62,9,0,0,40,1
32,9,99999,0,40,1
50,14,0,0,50,1
51,10,0,0,99,1
51,14,0,0,40,1
23,9,0,0,40,0
21,10,0,0,35,0
67,16,20051,0,5,1
55,12,0,0,40,0
17,8,0,0,16,0
71,4,0,0,10,0
25,9,0,0,40,0
38,9,0,0,40,0
52,13,0,0,40,1
48,10,0,0,60,0
49,13,0,0,40,1
35,14,0,0,40,1
19,9,0,0,20,0
46,12,0,0,33,0
36,14,0,1977,44,1
32,14,0,0,40,0
19,9,0,0,40,0
35,11,0,0,35,0
31,9,0,0,25,0
24,11,0,0,40,0
65,13,0,0,34,0
33,12,0,0,40,1
19,10,0,0,16,0
57,12,0,0,40,0
53,13,0,0,40,1
39,14,6849,0,40,0
52,13,0,1902,40,1
47,7,0,0,40,0
26,13,0,1876,38,0
27,11,0,0,38,0
31,13,0,0,50,1
34,15,7688,0,60,1
21,10,0,0,10,0
28,9,0,0,40,0
61,9,0,0,40,0
35,10,0,0,38,0
57,14,0,0,40,0
32,9,0,0,38,0
52,2,0,0,50,1
41,13,0,0,45,0
20,9,0,0,15,0
46,9,0,0,40,0
46,13,0,0,35,1
36,10,0,0,40,0
38,5,0,0,40,0
24,10,0,0,40,0
47,13,0,0,50,1
67,9,1797,0,20,0
30,9,0,0,40,0
40,14,0,0,40,1
48,10,0,0,30,0
27,9,0,0,40,0
39,9,4650,0,44,0
25,13,0,0,32,0
50,12,0,0,60,0
33,13,0,0,40,0
42,10,0,0,36,0
73,9,0,0,22,1
17,7,0,0,30,0
44,10,0,0,25,0
32,6,0,0,40,0
23,10,0,0,25,0
26,12,0,0,40,0
30,9,0,0,40,0
56,11,0,0,40,1
47,13,0,0,40,0
24,11,0,0,40,0
52,9,0,0,48,0
34,10,0,0,40,1
20,10,0,0,20,0
39,9,0,0,45,0
60,13,0,0,40,1
17,7,0,0,15,0
26,13,0,0,38,0
32,9,0,0,30,0
59,7,0,0,40,0
30,9,0,0,40,0
39,12,0,1380,40,0
23,9,0,0,75,0
40,13,0,0,50,1
47,9,0,0,45,1
30,10,0,0,50,0
60,6,0,0,40,0
58,10,0,0,60,0
41,14,0,0,45,1
18,10,0,0,15,0
34,13,0,0,40,0
41,13,0,0,40,0
38,10,0,0,40,0
38,10,0,0,38,0
27,11,0,0,30,0
26,10,0,0,40,0
46,9,0,0,36,0
50,9,0,0,40,1
19,10,0,1721,25,0
24,13,0,0,40,0
20,9,0,0,40,0
43,9,0,0,50,0
31,12,4386,0,45,1
24,12,0,0,20,0
66,4,0,0,20,0
45,7,0,0,42,0
33,9,0,0,40,1
26,3,0,0,40,0
41,9,0,0,50,0
47,13,0,0,60,0
24,10,0,0,65,0
54,15,99999,0,50,1
44,13,0,0,40,1
48,9,0,0,65,0
38,13,0,0,40,0
24,10,0,0,40,1
41,9,0,2051,60,0
33,4,0,0,45,0
24,9,0,0,40,0
38,13,0,0,45,1
28,9,0,0,40,0
30,9,0,0,40,0
45,10,0,0,38,0
60,9,0,0,40,0
29,10,2174,0,40,0
23,10,0,0,20,0
28,13,0,1980,35,0
19,9,0,0,8,0
22,9,0,0,40,0
22,10,0,0,15,0
38,8,0,0,48,0
31,10,0,0,40,0
35,9,0,0,50,0
33,9,0,0,80,0
18,6,0,0,11,0
63,10,0,0,40,0
20,10,0,0,32,0
64,12,0,0,40,1
26,11,0,0,48,0
60,11,0,0,46,1
34,10,0,1485,40,0
27,9,0,0,30,0
48,7,0,2002,40,0
60,11,0,0,37,0
54,14,0,0,45,1
36,14,0,0,40,0
30,9,0,0,40,0
28,9,0,0,45,0
45,10,0,0,45,0
39,9,0,0,40,0
23,13,0,0,30,0
34,9,0,0,40,0
23,10,0,0,25,0
47,9,5013,0,40,0
27,12,0,0,40,0
35,9,3325,0,50,0
45,10,0,0,60,1
67,13,0,2206,5,0
52,7,0,0,20,0
23,10,0,0,40,0
24,9,0,0,40,0
32,9,0,0,40,0
46,9,0,0,40,0
51,9,0,0,40,0
55,9,0,0,40,0
50,9,0,0,40,0
32,13,0,0,40,0
42,9,0,0,40,0
18,9,0,1602,38,0
36,13,0,0,40,0
24,12,0,0,20,0
24,9,2174,0,40,0
27,10,0,0,40,0
33,2,0,0,35,0
19,9,0,0,20,0
18,5,0,0,40,0
52,10,0,0,40,1
70,14,0,2246,8,1
27,9,0,0,40,0
32,12,2174,0,40,0
78,10,0,0,3,1
18,7,0,0,72,0
39,13,0,0,70,0
36,9,0,0,40,1
29,9,0,0,38,0
32,10,0,0,40,0
26,9,0,0,40,0
47,13,0,0,40,0
38,14,0,0,65,1
36,13,0,0,60,0
50,11,0,0,45,0
46,10,0,0,45,0
55,14,14084,0,40,1
46,5,0,0,35,0
51,9,0,1902,40,1
17,6,0,0,20,0
39,14,0,0,50,1
32,13,0,0,45,0
33,9,0,0,40,0
34,9,0,0,40,0
56,5,0,0,40,0
39,7,2407,0,70,0
33,9,0,0,40,1
42,13,0,0,40,1
44,13,0,0,40,1
34,12,0,0,40,0
45,9,0,0,40,0
32,12,0,0,35,0
45,14,0,0,65,1
38,9,0,0,40,0
52,10,0,0,40,1
32,5,0,0,40,0
38,10,0,0,40,0
34,13,0,1887,48,1
20,10,0,0,18,0
26,9,0,0,40,0
41,13,0,0,40,0
46,9,0,0,40,0
38,9,0,0,44,0
22,10,0,0,25,0
29,13,0,0,35,1
31,9,0,0,40,0
25,3,0,0,25,0
22,9,0,0,40,0
25,9,0,0,20,0
18,8,0,0,8,0
64,4,0,0,40,0
51,9,0,0,40,1
44,9,0,0,40,0
50,4,0,0,35,0
52,9,0,0,25,0
41,14,0,1974,40,0
27,13,0,0,40,0
32,3,0,0,40,0
28,7,0,0,40,0
32,9,0,0,40,0
20,10,0,0,20,0
41,11,0,0,60,0
26,14,2174,0,40,0
25,13,0,0,28,0
24,9,0,0,40,0
37,13,0,0,40,1
30,9,0,0,40,0
25,13,0,0,20,0
44,5,0,0,40,0
38,13,7298,0,50,1
59,11,0,1740,50,0
28,3,0,0,40,0
53,14,0,0,65,1
50,10,0,0,50,0
45,13,0,0,55,0
28,9,0,0,52,0
38,9,0,0,40,1
36,9,0,0,30,0
39,14,7688,0,45,1
53,14,15024,0,40,1
28,2,0,0,40,0
41,9,0,0,40,0
29,11,7688,0,40,1
42,13,0,0,40,0
28,9,0,0,40,0
19,10,0,0,3,0
63,13,0,0,40,0
57,11,0,0,40,0
39,13,7298,0,55,1
48,10,0,0,40,0
29,4,0,0,40,0
47,10,0,0,40,1
35,13,0,0,40,0
49,9,1506,0,40,0
23,9,0,0,40,0
27,11,0,0,56,0
39,10,0,0,25,0
50,9,0,0,40,0
24,10,0,0,30,0
38,9,0,0,30,0
38,9,0,0,35,1
60,14,0,0,38,1
43,13,0,0,40,0
27,13,0,0,45,0
48,2,3781,0,50,0
60,11,0,0,60,0
59,9,0,0,40,1
71,3,0,0,40,0
44,4,0,0,40,0
53,9,0,0,52,1
44,9,0,0,40,0
41,9,0,0,40,0
23,13,0,0,40,0
43,15,0,0,60,1
20,9,0,0,40,0
23,8,0,0,30,0
34,10,0,0,40,1
30,9,0,0,55,0
21,10,0,0,16,0
36,10,0,0,40,0
59,7,0,0,20,0
41,10,0,1887,50,1
29,12,0,0,40,0
57,12,0,0,40,0
52,10,0,0,40,0
29,12,0,0,40,0
51,14,15024,0,60,1
49,13,0,0,60,0
38,9,0,0,48,0
49,10,0,0,44,0
22,10,0,1602,10,0
45,10,0,0,55,0
43,9,0,0,40,0
24,9,0,0,40,0
53,9,0,0,40,0
22,9,0,0,35,0
44,10,0,0,38,0
40,10,0,0,40,0
24,9,0,0,40,0
17,7,0,0,7,0
68,4,0,0,16,0
53,7,0,0,48,1
30,4,0,0,35,0
23,9,0,0,40,0
67,13,0,0,40,1
44,13,0,0,40,0
50,9,0,0,40,1
32,13,0,0,55,1
48,6,0,0,40,0
28,9,0,0,55,0
66,10,0,0,40,0
49,16,0,1902,60,1
36,13,0,0,50,1
39,9,7688,0,52,1
29,10,0,1408,40,0
51,9,0,0,40,1
36,10,0,0,65,0
28,9,0,0,40,0
37,9,0,0,40,1
22,9,0,0,35,0
17,6,0,0,30,0
21,9,0,0,36,0
51,9,10520,0,40,1
30,7,0,0,40,0
24,9,0,0,35,0
60,9,0,0,40,0
36,13,0,0,50,1
48,5,0,0,44,0
62,13,0,0,40,1
38,4,0,0,30,0
33,11,0,0,55,1
39,10,0,0,47,0
19,10,0,0,35,0
29,9,0,0,40,0
52,9,0,0,55,0
71,13,0,2392,60,1
53,13,0,0,55,1
20,9,0,0,35,0
41,10,0,0,38,0
25,10,0,0,40,0
39,13,0,0,50,1
63,9,0,0,40,0
21,9,0,0,40,0
33,11,0,0,40,1
20,10,0,0,27,0
63,10,0,0,16,0
26,13,0,0,40,0
36,10,0,0,45,0
27,13,0,0,40,0
25,13,0,0,60,0
69,11,0,0,1,0
29,9,0,0,40,0
24,10,0,0,24,0
33,13,0,0,38,0
55,9,0,0,60,0
23,9,0,0,30,0
36,9,2907,0,40,0
27,6,0,0,30,0
42,10,99999,0,55,1
35,10,0,0,60,0
21,9,0,0,40,0
53,9,0,0,40,0
44,9,0,0,40,0
23,11,0,0,36,0
35,9,0,1741,60,0
58,10,0,0,40,0
42,10,0,0,38,0
17,7,0,0,35,0
25,13,0,0,30,0
32,13,0,0,40,1
17,6,0,0,40,0
40,10,0,0,30,0
26,14,0,0,40,0
51,9,0,0,40,0
17,7,0,0,20,0
48,14,0,0,72,0
60,10,0,0,40,0
74,10,20051,0,25,1
50,9,0,0,58,0
23,13,0,0,50,0
26,10,0,0,20,0
37,14,0,0,45,1
47,11,0,0,40,0
26,13,0,0,48,0
61,5,0,0,40,0
22,9,0,0,35,0
42,11,0,0,60,0
58,4,0,0,24,0
31,9,0,0,40,0
48,13,0,0,45,1
59,4,0,0,38,0
34,12,0,0,40,0
32,9,0,0,41,0
27,10,0,0,20,0
49,13,0,0,45,1
33,9,0,0,65,1
41,10,0,0,20,0
43,6,0,0,40,0
24,9,0,0,60,0
38,7,0,0,32,0
67,4,10566,0,40,0
19,10,0,0,25,0
27,4,0,0,24,0
37,9,0,0,35,1
43,13,0,0,40,0
47,16,0,0,60,1
42,14,0,0,45,0
62,14,0,0,40,0
44,13,0,0,40,0
27,9,0,0,30,0
67,9,0,0,40,1
26,10,0,0,20,0
28,9,0,0,40,0
48,14,0,0,40,0
24,9,0,0,40,0
66,4,0,0,20,0
52,10,0,0,40,0
25,10,0,0,40,0
68,6,0,0,16,0
28,14,0,0,80,1
48,9,0,0,40,0
44,13,0,0,40,1
23,8,0,0,40,0
18,10,0,0,25,0
22,9,0,0,40,0
46,11,0,0,35,1
29,10,0,0,40,0
39,9,0,0,40,0
41,10,0,0,80,1
47,10,0,0,50,0
45,16,15024,0,40,1
28,7,7688,0,40,1
45,14,0,0,50,1
43,10,0,0,72,1
27,8,0,0,45,0
23,10,0,0,40,0
59,9,0,0,30,1
25,9,0,0,23,0
31,9,0,0,40,1
17,7,0,0,25,0
38,9,0,0,40,1
43,13,0,0,40,1
41,6,0,0,40,0
36,10,0,0,40,0
25,5,0,0,45,0
46,2,0,0,40,0
20,10,0,0,20,0
17,6,0,0,8,0
47,10,0,0,60,0
42,13,0,0,40,0
28,11,0,0,40,0
22,13,0,0,10,0
21,14,0,0,15,0
31,13,0,0,65,1
48,14,0,0,50,1
59,10,0,0,36,0
43,9,0,0,30,0
20,10,0,0,20,0
37,13,7430,0,45,1
56,9,0,0,40,1
36,9,2885,0,40,0
53,9,0,0,40,1
54,9,0,0,40,1
46,15,99999,0,50,1
49,9,0,0,40,0
31,9,0,0,60,0
49,11,0,0,44,0
28,13,0,0,60,0
40,9,0,0,60,1
62,9,0,0,40,0
55,13,0,1887,40,1
38,9,0,0,40,0
32,9,0,0,40,0
21,6,0,0,38,0
58,5,0,0,40,0
21,10,0,0,20,0
33,13,2202,0,50,0
36,10,0,0,40,0
40,9,0,0,20,1
38,10,0,0,50,0
58,9,0,0,40,0
73,9,0,0,36,0
56,8,0,0,40,1
43,13,0,0,50,1
37,11,0,0,40,0
23,12,0,0,60,0
59,13,0,0,40,1
40,9,0,0,40,0
44,9,0,0,45,1
37,12,0,0,40,0
90,10,0,0,37,0
26,9,0,0,40,1
55,7,0,0,40,0
26,9,0,0,48,0
31,9,0,0,40,0
29,10,0,0,30,0
17,7,0,0,15,0
19,7,0,0,19,0
38,12,0,0,40,0
52,14,0,1902,50,1
43,10,4386,0,99,1
38,13,7688,0,40,1
37,10,0,0,44,1
26,10,0,1602,40,0
30,9,0,1848,50,1
53,13,0,1902,40,1
29,15,0,0,55,0
41,11,4386,0,60,1
25,10,0,0,40,0
36,10,0,0,4,0
42,10,2885,0,30,0
46,14,0,1902,40,1
35,14,0,0,41,0
21,9,0,0,35,0
31,14,0,0,40,1
69,2,0,0,34,0
38,9,0,0,40,0
45,13,4687,0,35,1
28,9,0,0,40,0
43,10,99999,0,55,1
23,11,0,0,40,0
26,9,0,0,30,0
48,11,0,0,40,0
59,10,0,0,50,0
25,12,0,0,50,0
49,13,4064,0,44,0
41,10,0,0,46,1
37,9,0,0,40,1
24,9,0,0,30,0
47,9,0,0,50,1
40,10,0,0,40,0
34,9,0,0,40,0
45,10,0,0,45,0
18,7,0,0,20,0
61,14,0,0,50,0
18,9,0,0,30,0
23,10,2202,0,80,0
30,10,0,0,40,0
42,10,0,1340,40,0
33,16,0,1848,40,1
65,14,0,0,28,0
22,10,0,0,40,0
28,13,0,0,40,0
33,13,0,0,40,1
31,12,0,0,40,0
29,9,0,0,35,0
32,9,0,0,50,1
82,9,0,0,3,0
46,13,0,1902,40,1
40,10,0,0,40,0
21,9,1055,0,30,0
19,9,0,0,40,0
26,4,0,0,48,0
39,14,0,0,40,0
25,10,0,0,40,1
43,13,0,0,50,1
42,10,0,0,65,0
43,9,0,0,40,0
62,5,0,0,40,0
58,3,0,0,40,0
22,10,0,0,20,0
36,9,0,0,50,0
57,9,0,0,48,0
18,6,0,0,20,0
35,9,0,0,40,0
41,10,0,0,40,0
38,9,0,0,50,0
61,16,0,0,25,1
39,9,0,0,36,0
57,13,0,0,40,0
43,14,0,0,45,1
67,16,20051,0,40,1
34,9,0,0,30,0
59,9,0,0,40,1
26,13,0,0,38,0
33,9,0,0,40,0
20,10,0,0,13,0
47,9,0,0,40,0
46,9,0,0,36,0
35,12,0,0,50,0
19,9,0,0,35,0
22,10,0,0,25,0
54,10,0,0,52,0
41,9,0,0,38,0
50,10,0,0,45,0
34,10,0,0,50,0
48,11,0,0,50,1
51,10,0,0,40,0
24,9,13550,0,50,1
35,13,0,0,50,1
18,8,0,0,40,0
47,9,0,0,40,0
50,13,0,0,55,1
18,7,0,0,8,0
38,14,0,0,40,0
19,10,0,0,25,0
48,13,0,0,50,1
64,7,0,0,40,0
56,9,0,0,40,0
22,10,0,0,25,0
45,10,0,1740,50,0
31,14,0,0,43,0
45,9,0,0,40,0
38,13,15024,0,60,1
45,14,0,0,45,0
19,10,0,0,40,0
35,9,6497,0,65,0
33,10,0,0,40,1
62,6,0,0,40,0
63,9,0,0,40,0
32,12,0,0,62,0
34,9,0,0,45,0
45,9,0,0,40,0
35,9,0,0,35,0
18,10,0,0,4,0
29,9,0,0,40,0
24,9,0,0,40,0
29,9,0,0,38,0
53,9,0,0,50,1
21,10,0,0,40,0
31,11,0,0,40,1
34,8,0,0,40,0
26,6,0,0,32,0
39,9,0,0,40,0
28,5,0,0,52,0
52,13,0,0,40,0
63,14,41310,0,50,0
25,10,0,0,43,0
50,13,0,0,55,1
32,10,0,0,40,0
27,10,0,0,40,0
45,10,0,0,84,1
40,13,0,0,50,0
26,9,0,0,40,0
45,9,0,0,52,1
20,12,0,0,40,0
33,11,0,0,40,0
34,14,0,0,55,0
48,13,0,0,36,1
41,13,0,0,38,1
28,9,0,0,40,0
38,9,0,0,40,0
65,13,3818,0,10,0
49,9,0,0,40,0
29,9,0,0,40,0
48,10,0,0,40,0
54,14,0,0,50,1
44,10,0,0,40,0
17,7,0,0,20,0
84,9,0,0,33,0
25,13,0,0,50,0
22,13,0,0,50,0
27,10,0,0,44,0
42,13,0,0,55,1
60,7,0,0,35,0
25,9,0,0,50,1
40,9,0,0,40,0
22,10,0,0,2,0
28,9,15024,0,40,1
18,7,0,0,40,0
43,14,10520,0,50,1
37,10,0,0,70,0
55,11,0,0,50,1
34,13,0,0,40,1
76,9,0,0,25,0
38,9,0,0,41,0
33,12,0,0,50,0
90,13,0,0,55,0
22,8,0,0,40,0
58,9,0,0,60,0
37,10,0,0,60,1
24,9,0,0,40,0
30,13,0,0,80,0
47,9,0,0,40,1
49,14,0,0,45,1
39,13,0,0,50,0
41,14,0,0,40,0
32,6,0,0,40,0
41,13,0,1902,60,1
20,10,0,0,35,0
66,13,99999,0,55,1
26,10,0,0,60,0
51,6,0,0,40,0
55,13,0,0,40,0
60,9,0,0,50,0
44,5,0,0,50,0
28,10,0,0,40,0
42,9,0,0,40,0
43,6,0,0,40,0
40,2,0,0,40,0
41,13,0,0,40,1
40,14,0,0,60,1
60,9,0,0,40,0
24,9,0,1762,40,0
28,6,0,0,15,0
37,16,0,0,40,0
26,13,0,0,55,0
44,9,0,0,45,0
35,10,0,0,40,0
30,7,0,0,40,0
26,9,0,0,40,0
19,10,0,0,50,0
31,10,0,0,30,0
39,13,0,0,60,0
44,10,0,2258,60,0
26,10,0,0,40,0
32,13,0,0,42,1
38,11,0,0,50,0
25,6,0,0,40,0
19,9,0,0,40,0
29,14,0,0,35,0
54,7,0,0,10,0
49,9,0,0,40,0
50,9,0,0,40,1
36,10,0,0,40,0
37,9,0,0,40,1
25,11,0,0,40,0
40,10,4386,0,50,1
42,9,0,0,40,0
32,13,0,0,40,1
29,13,0,0,45,0
28,6,0,0,40,0
33,9,0,0,40,0
44,9,0,0,40,0
50,9,0,1590,40,0
43,9,0,0,50,0
28,11,0,0,45,0
40,10,0,0,45,0
53,10,0,0,60,1
37,9,0,0,45,0
53,10,0,0,40,0
71,9,0,0,35,0
31,9,0,0,40,0
31,13,0,0,40,0
33,9,1055,0,40,0
44,10,0,0,37,0
41,13,0,0,40,0
34,10,0,0,40,0
46,13,0,0,40,1
41,11,0,0,60,0
24,9,0,0,25,0
39,9,0,0,45,0
46,9,3325,0,45,0
38,10,0,0,45,0
30,13,0,0,40,0
59,15,0,0,30,0
43,9,0,0,35,0
62,10,0,0,40,0
48,13,0,0,20,1
20,6,0,0,40,0
21,10,0,0,15,0
35,9,0,0,40,0
45,16,7688,0,45,1
35,10,0,0,40,0
38,14,0,0,70,1
33,14,15024,0,40,1
23,10,0,0,45,0
50,13,0,0,45,0
45,2,0,0,40,0
59,9,0,0,60,1
75,16,4931,0,3,0
23,9,0,0,45,0
34,13,0,0,40,0
27,3,0,0,45,0
19,10,0,0,35,0
29,12,0,0,60,0
36,13,0,0,45,0
40,13,0,0,40,1
51,11,0,0,40,1
36,2,0,0,40,0
56,14,0,1977,44,1
31,11,3464,0,38,0
57,9,0,0,35,0
18,10,0,0,9,0
46,13,0,0,40,0
31,10,0,0,50,1
31,14,0,0,50,0
25,7,0,0,45,0
39,1,0,0,12,0
52,10,0,0,40,0
17,6,0,1602,10,0
52,14,0,1848,40,1
20,10,0,0,20,0
25,4,0,0,40,0
25,13,0,0,40,0
36,12,0,0,40,0
56,9,0,0,40,0
55,13,0,0,45,1
41,9,0,0,60,0
44,10,0,0,40,0
63,14,0,0,3,0
19,5,0,1719,35,0
39,5,0,0,40,0
27,13,0,0,40,0
34,14,0,0,40,1
61,4,2885,0,40,0
67,13,0,0,60,0
31,10,0,0,40,0
46,6,0,0,25,0
29,9,0,0,35,0
57,13,0,1902,40,1
28,13,10520,0,60,1
23,9,0,0,30,0
59,10,0,0,60,1
29,11,14344,0,40,1
18,7,0,0,15,0
63,8,0,0,40,0
44,13,7688,0,50,1
47,13,0,0,60,1
40,10,0,0,40,1
54,4,0,0,60,0
21,9,0,0,40,0
27,13,0,0,30,0
25,9,0,0,40,0
55,9,7688,0,40,1
67,10,0,0,41,1
44,9,0,0,40,0
41,9,0,0,60,0
20,9,0,0,32,0
56,6,0,0,40,0
37,10,0,0,35,0
48,9,0,0,45,0
27,9,0,0,40,0
31,9,0,0,40,0
42,4,0,0,40,0
39,10,0,0,35,0
63,7,0,0,40,0
46,12,0,0,40,0
26,9,0,0,45,0
49,9,0,0,40,1
25,10,0,0,35,0
40,10,0,0,20,0
61,16,0,0,40,1
46,13,0,0,25,0
47,14,0,0,42,0
25,11,0,0,38,0
28,9,0,0,55,0
43,9,0,0,60,0
69,4,0,0,55,0
64,10,0,0,40,0
21,10,0,0,15,0
69,5,0,0,20,0
18,7,0,0,30,0
45,9,0,0,14,0
45,9,0,0,80,1
45,14,7688,0,55,1
44,9,0,0,60,0
56,9,0,0,40,0
26,13,0,0,45,0
35,9,0,0,40,0
37,10,0,0,30,0
30,8,0,0,40,0
25,13,2829,0,60,0
22,9,0,0,40,0
53,14,0,0,48,1
24,12,0,0,40,0
29,6,0,0,38,0
21,10,0,0,40,0
20,9,0,0,40,0
73,9,0,0,16,0
62,10,0,0,40,0
53,10,0,1887,40,1
62,10,0,0,45,0
24,13,0,0,65,0
23,3,0,0,40,0
34,13,0,0,62,0
31,9,0,0,40,0
37,10,0,0,40,1
41,15,0,0,45,1
41,12,0,0,20,0
37,10,0,0,40,0
59,9,0,0,60,0
61,13,4787,0,48,1
68,10,0,0,20,0
34,7,0,0,84,0
34,11,0,0,40,0
43,11,0,1902,32,1
29,10,0,0,65,0
54,9,0,0,60,0
51,9,0,0,40,0
28,9,2202,0,48,0
19,6,0,0,30,0
28,9,0,0,40,0
37,9,0,0,70,0
20,10,0,1719,36,0
20,10,0,0,40,0
21,9,0,0,40,0
31,16,7298,0,55,1
59,9,0,0,40,1
35,9,0,0,38,0
26,9,0,0,50,0
46,10,0,0,40,0
21,10,594,0,4,0
20,9,0,0,30,0
23,11,0,0,36,0
45,9,0,0,40,1
18,10,0,0,60,0
30,10,0,0,40,0
22,9,0,0,40,0
35,10,0,0,40,0
50,13,0,0,50,0
34,13,0,0,45,1
53,4,0,0,40,0
41,9,0,0,40,1
30,9,7298,0,40,1
51,16,0,0,40,1
37,9,0,0,35,0
65,14,0,1648,4,0
49,9,0,0,40,1
65,9,0,0,24,0
76,4,0,0,10,0
38,11,0,0,25,0
22,9,0,0,50,0
52,8,0,0,45,1
34,9,0,0,40,0
34,10,0,2057,40,0
25,10,0,0,60,0
28,13,0,0,55,0
28,6,0,0,30,0
30,14,0,0,50,1
30,9,0,0,40,0
70,9,0,0,3,0
38,7,0,0,40,0
48,15,0,0,60,0
56,11,0,0,45,1
41,10,0,0,35,0
22,9,0,0,40,0
41,13,0,0,50,1
35,12,0,0,40,0
51,3,0,0,52,0
67,13,0,0,2,0
34,14,0,0,40,0
47,12,5178,0,50,1
54,10,0,0,40,0
55,6,0,0,40,0
34,5,0,0,40,0
20,10,0,0,40,0
38,14,0,0,25,0
29,13,0,0,40,0
50,9,0,0,38,0
30,11,0,0,40,1
31,9,0,0,45,0
43,14,0,0,35,1
43,10,0,0,15,0
41,10,0,0,40,0
35,9,0,1672,50,0
40,14,0,0,43,0
29,10,0,0,38,0
40,9,0,0,40,0
52,9,0,0,40,1
66,13,0,0,5,1
31,10,0,0,40,0
20,10,0,0,16,0
36,12,0,0,21,0
51,16,0,0,99,0
17,6,0,0,24,0
39,9,0,0,20,0
26,10,0,0,40,0
69,10,0,0,40,0
70,16,0,0,40,1
55,9,0,0,40,0
30,9,0,0,45,1
20,3,0,0,40,0
22,11,0,0,36,0
72,7,0,0,40,0
44,10,0,0,40,0
65,9,2329,0,75,0
31,13,0,0,25,0
44,9,0,0,30,0
21,10,0,0,3,0
44,11,0,0,40,1
39,9,0,0,40,0
24,10,0,0,40,0
42,10,0,0,40,0
24,9,0,0,40,0
39,12,0,0,52,0
37,9,0,0,40,0
32,13,0,0,40,0
18,8,0,0,20,0
37,10,0,0,20,0
39,13,0,0,40,1
40,10,0,0,40,1
61,5,0,0,40,0
20,10,0,0,12,0
22,9,0,0,36,0
49,13,0,0,56,1
42,11,0,0,40,1
61,4,0,0,40,0
31,10,0,0,50,0
55,15,0,2415,35,1
34,10,0,0,40,0
54,9,0,0,56,0
60,10,0,0,30,0
46,12,0,0,40,1
22,12,0,0,35,0
53,9,0,0,35,0
19,10,0,0,40,0
56,10,0,0,40,0
36,9,0,0,40,0
29,9,0,0,40,0
18,8,0,0,40,0
36,13,15024,0,50,1
31,10,0,0,20,1
53,10,15024,0,40,1
32,9,0,0,40,0
70,13,0,0,32,0
37,7,0,0,40,0
51,13,0,0,47,1
35,13,0,0,45,0
41,13,0,1590,40,0
47,10,0,0,40,0
42,9,0,0,45,0
32,9,0,0,40,0
46,9,0,0,40,0
25,12,0,0,50,1
25,12,0,0,40,0
50,13,0,0,45,1
27,13,0,0,40,0
25,9,0,0,40,1
17,8,0,0,10,0
47,9,0,0,45,0
21,10,0,0,40,0
62,3,0,0,30,0
22,9,0,0,40,0
31,9,0,0,40,0
22,7,0,0,35,0
27,10,0,0,40,0
42,11,0,0,40,0
40,16,0,1977,20,1
35,13,0,0,60,0
39,9,0,0,40,0
37,11,0,0,40,0
23,9,0,0,40,0
39,9,0,1887,40,1
45,10,0,0,48,0
66,10,0,0,50,1
27,10,0,0,45,0
42,10,0,0,40,0
50,14,7298,0,50,1
32,14,0,0,40,0
43,10,0,0,30,0
44,13,0,0,48,0
21,9,0,0,40,0
32,10,0,0,40,0
35,13,0,1740,80,0
44,10,0,0,60,0
64,10,0,0,40,0
38,10,0,0,45,0
41,10,0,0,40,0
24,9,0,0,30,0
32,14,0,0,40,0
31,14,0,2415,70,1
35,13,0,0,40,0
22,11,0,0,36,0
23,11,0,0,40,0
23,11,0,0,60,0
38,13,0,0,35,0
23,6,0,0,60,0
32,13,0,0,55,0
33,9,0,0,40,0
47,13,0,0,38,1
25,13,0,1340,40,0
38,12,0,0,45,0
50,9,0,0,15,0
48,9,0,0,40,0
47,7,0,0,45,0
56,9,0,0,40,1
21,9,0,0,40,0
19,9,0,0,40,0
30,9,0,0,40,0
40,10,0,0,30,1
49,10,0,0,20,1
42,13,0,0,60,1
42,9,0,0,40,0
18,7,0,0,12,0
44,6,0,0,50,0
20,10,0,0,40,0
47,9,0,0,40,0
67,13,0,0,40,0
34,9,0,0,50,0
47,13,0,0,50,1
49,10,0,0,30,0
80,7,0,0,25,0
24,8,0,0,40,0
62,15,0,0,45,1
19,9,0,0,40,0
23,13,0,0,30,0
47,11,0,0,25,0
37,12,2105,0,50,0
44,13,5178,0,40,1
39,9,0,0,35,0
26,10,0,0,40,0
47,9,0,0,34,0
61,9,0,0,40,0
56,14,0,2339,60,0
44,13,0,0,80,0
26,13,0,0,40,1
20,9,0,0,40,0
49,11,15024,0,60,1
27,13,0,0,40,0
55,10,0,0,38,0
26,9,0,0,40,0
27,9,0,0,80,1
38,10,0,0,40,0
63,10,0,0,50,0
38,13,0,0,50,0
55,12,0,0,30,0
33,3,0,0,40,0
21,10,2176,0,20,0
38,10,0,0,15,0
42,12,0,0,40,0
33,9,0,0,35,0
46,7,0,0,40,0
20,10,0,0,20,0
21,9,0,0,35,0
38,12,0,0,40,1
45,13,0,0,45,0
41,12,0,0,50,1
24,9,0,0,42,0
35,12,0,0,80,1
48,9,4386,0,45,1
43,9,0,0,70,0
56,9,0,0,40,0
33,10,0,0,60,0
41,9,0,0,40,0
47,11,0,0,40,0
33,9,0,0,60,0
25,10,0,0,40,0
43,14,0,0,40,1
31,13,0,0,40,0
51,10,0,0,40,0
55,13,0,2415,50,1
53,9,0,0,40,0
79,9,0,0,40,1
53,13,0,0,45,0
46,9,0,0,43,0
72,6,0,0,20,0
43,9,0,0,40,0
33,9,0,0,40,0
56,9,0,1887,50,1
29,13,4386,0,80,1
46,6,0,0,45,0
30,9,0,0,40,0
47,9,0,2415,50,1
28,10,4865,0,40,0
54,9,0,0,40,0
33,12,0,880,40,0
19,7,0,0,24,0
31,11,0,0,40,1
37,9,0,0,40,0
68,5,0,0,2,0
35,9,0,0,40,1
33,14,0,0,50,0
18,7,0,0,40,0
63,9,0,0,35,0
34,10,4386,0,40,1
26,10,0,0,24,0
34,11,1639,0,20,0
41,9,0,0,40,0
61,9,2829,0,45,0
20,10,0,0,20,0
73,11,0,0,32,0
42,3,0,0,44,0
37,10,0,0,43,0
28,9,2829,0,40,0
31,9,0,0,50,0
19,8,0,0,30,0
48,14,0,0,40,1
24,9,0,0,40,0
25,9,0,0,40,0
37,9,0,0,40,1
42,13,0,0,40,1
25,13,0,0,40,0
31,9,0,0,40,0
58,10,0,0,39,0
39,13,15024,0,50,1
19,9,0,0,40,0
22,10,0,0,40,0
42,10,0,0,25,1
22,13,0,0,40,0
42,10,0,0,55,1
57,10,0,0,40,0
33,9,0,0,40,0
48,4,0,0,30,0
20,10,0,0,12,0
45,4,0,0,65,1
47,9,0,0,40,1
26,9,0,0,40,0
32,9,0,1887,60,1
41,16,15024,0,55,1
34,11,0,0,40,0
53,8,0,0,40,0
29,11,0,0,40,0
26,10,0,0,40,0
37,10,0,0,57,0
50,14,0,0,50,1
27,5,0,0,40,0
24,13,0,0,40,0
46,10,0,0,48,0
28,10,0,0,50,1
26,14,0,0,50,0
32,13,0,0,60,0
24,13,0,0,60,0
32,10,0,0,30,0
41,13,0,0,40,0
30,9,0,0,41,0
40,10,0,0,39,0
21,10,0,0,20,0
34,9,7688,0,40,1
22,10,0,0,40,0
56,6,0,0,60,0
36,9,0,0,28,0
42,11,0,0,44,0
21,10,0,0,70,0
43,13,0,0,40,0
59,13,15024,0,40,1
24,8,0,0,40,0
28,13,0,0,40,1
40,14,0,0,50,1
27,11,0,0,40,0
31,10,0,0,35,0
46,13,0,0,40,0
29,12,0,0,50,1
22,6,0,0,40,0
18,7,0,0,15,0
40,14,0,0,70,1
51,10,0,0,40,0
22,9,0,0,40,0
52,13,0,0,40,0
32,10,3887,0,40,0
55,9,0,0,37,0
29,9,0,0,48,0
19,10,0,0,15,0
57,11,0,1902,45,0
62,13,0,0,60,1
23,10,0,0,40,0
47,9,0,0,40,0
39,12,0,0,42,0
40,9,6849,0,38,0
52,13,0,1755,40,1
44,10,0,0,40,0
67,4,0,0,35,0
31,16,0,0,90,0
41,10,0,0,40,0
50,12,0,0,60,0
42,13,0,0,30,0
19,9,0,0,40,0
48,6,0,0,65,1
61,9,0,0,82,0
34,12,0,0,25,1
55,9,0,0,40,0
18,7,0,0,25,0
33,12,0,0,45,0
40,10,0,0,40,0
47,14,0,0,40,0
20,7,0,0,40,0
25,13,3674,0,30,0
23,9,0,0,40,0
33,13,0,0,40,0
53,13,99999,0,50,1
19,10,0,0,25,0
54,3,0,0,40,1
57,10,0,0,60,1
35,13,0,0,60,0
59,9,0,0,40,1
45,9,0,0,40,0
24,10,0,0,40,0
52,9,0,0,40,1
50,6,0,0,8,0
35,10,0,0,45,0
40,15,0,0,40,0
20,9,0,0,24,0
46,13,15024,0,45,1
46,13,0,0,38,1
24,10,0,0,40,0
34,9,0,0,40,0
54,14,0,0,40,0
72,15,0,2246,28,1
53,9,0,0,35,0
21,10,0,0,30,0
17,8,0,0,25,0
35,13,0,0,40,0
58,9,0,0,40,0
29,11,0,0,40,0
42,13,0,0,60,1
35,10,0,0,38,0
24,9,0,0,25,0
41,11,0,0,50,0
63,10,0,0,32,0
32,16,0,0,65,1
34,14,0,0,50,0
24,9,0,0,40,0
26,10,0,0,40,0
34,7,0,0,43,0
20,5,0,0,11,0
48,9,0,0,40,0
45,12,0,0,40,0
55,14,0,0,45,0
43,9,0,0,40,0
18,6,0,0,30,0
52,9,0,0,40,0
25,10,0,0,55,0
23,11,0,0,40,0
71,9,0,0,9,0
43,15,15024,0,55,1
43,16,0,0,70,1
32,9,0,0,40,0
49,10,0,0,60,1
25,5,0,0,40,0
43,9,0,0,35,1
51,14,0,0,50,1
36,9,0,0,40,0
71,9,0,2489,15,0
32,11,0,0,40,0
43,9,0,0,26,0
60,9,0,0,40,0
38,13,5178,0,50,1
25,10,0,0,40,0
23,6,0,0,40,0
23,10,0,0,40,0
50,4,0,1977,63,1
24,7,0,0,40,0
39,8,0,0,40,0
31,10,0,0,50,1
39,13,0,0,50,1
23,13,0,0,45,0
38,13,7298,0,40,1
20,10,0,0,35,0
32,10,0,0,60,0
26,14,0,0,20,0
41,10,0,0,40,1
44,12,0,0,40,0
23,10,0,0,25,0
46,13,0,0,40,1
19,7,0,0,40,0
26,13,0,0,40,0
48,12,0,0,40,1
38,10,0,0,40,1
55,9,0,1887,40,1
21,10,0,0,40,0
33,9,0,0,30,0
49,4,0,0,45,0
59,13,0,0,60,0
20,9,0,0,45,0
20,10,0,0,40,0
40,12,0,0,52,0
46,9,0,0,40,0
21,10,0,0,20,0
50,14,0,0,55,1
30,9,0,0,40,0
40,13,0,0,40,0
42,13,0,1590,40,0
20,10,0,0,40,0
21,10,0,0,40,0
20,10,0,0,35,0
61,6,0,0,38,0
40,9,0,0,50,0
39,16,4787,0,40,1
33,12,0,0,32,0
22,10,0,0,25,0
33,9,0,0,40,0
30,9,0,0,40,1
71,14,0,0,15,0
38,13,0,0,50,1
38,14,0,1669,55,0
28,9,0,0,35,0
41,9,0,0,40,0
27,9,0,0,30,0
46,10,0,0,40,0
33,13,0,0,40,0
62,10,0,0,40,0
38,11,0,0,40,1
50,10,0,0,28,0
54,9,0,0,40,0
20,9,0,0,35,0
21,9,0,0,25,0
18,9,0,0,20,0
31,9,0,0,40,0
18,10,0,0,40,0
36,9,0,0,57,0
41,9,0,0,38,0
39,11,0,0,40,0
39,10,0,0,55,1
37,9,0,1902,55,1
47,9,0,0,60,1
25,9,0,0,30,0
37,9,0,0,42,0
42,13,0,0,40,0
38,9,0,0,32,0
51,11,3103,0,50,1
24,13,0,0,75,0
42,9,0,0,40,0
46,14,0,0,43,0
39,2,0,0,45,0
18,6,0,0,30,0
39,13,0,0,60,0
36,9,0,0,40,0
64,15,0,0,40,1
38,13,15024,0,40,1
29,9,0,0,60,0
29,9,0,0,40,0
37,9,0,0,45,1
51,12,0,0,30,0
37,9,0,1628,40,0
37,9,0,0,40,0
34,9,0,0,33,0
21,10,0,0,64,0
37,9,0,0,40,1
59,14,8614,0,60,1
41,13,0,0,20,0
29,9,0,0,18,0
18,9,0,0,60,0
44,9,0,0,55,0
22,10,0,0,40,0
33,10,0,0,45,0
30,9,0,0,50,0
23,5,0,0,40,0
25,13,0,0,40,0
48,4,0,0,40,0
33,10,0,0,40,1
35,11,0,0,30,0
23,10,0,0,47,0
33,13,0,0,65,0
41,9,0,0,40,0
38,9,0,0,25,0
24,7,0,0,40,0
35,9,4787,0,40,1
60,10,0,0,45,0
34,12,0,0,40,0
53,10,0,0,40,0
33,9,0,0,60,1
57,3,0,0,50,0
29,9,0,0,40,1
42,9,0,0,45,0
20,10,0,0,50,0
28,9,0,0,35,0
51,12,0,0,60,0
55,14,0,0,50,0
22,9,0,0,40,0
35,9,0,0,35,0
18,7,0,0,55,0
47,14,0,1977,50,1
51,10,0,0,40,0
39,9,0,1564,50,1
27,12,0,0,40,0
51,9,0,0,57,1
54,13,0,0,40,0
19,10,0,0,15,0
18,10,0,0,40,0
44,14,0,1902,60,1
24,9,0,1408,50,0
30,9,0,0,30,0
28,7,0,0,40,0
60,14,0,0,10,0
59,12,0,0,50,0
47,13,15024,0,40,1
43,10,0,1887,40,1
23,13,0,0,35,0
45,14,0,0,35,0
72,12,0,0,40,0
60,9,0,0,40,0
47,13,0,1564,51,1
32,2,0,0,50,0
43,9,0,0,35,0
47,13,0,0,45,1
51,9,0,0,40,0
40,9,0,1672,40,0
37,14,0,213,45,0
36,11,0,0,40,0
19,7,0,0,25,0
39,9,0,0,40,0
24,13,0,0,42,0
31,14,0,0,50,0
44,13,0,0,44,1
43,13,3325,0,40,0
28,11,0,0,40,0
26,10,0,0,40,0
35,9,0,0,40,0
40,10,0,0,38,0
21,10,0,0,25,0
25,13,0,0,70,0
33,10,0,0,45,0
52,9,0,0,40,0
45,10,0,0,27,0
29,10,0,0,40,0
31,10,0,0,13,0
21,10,0,0,57,0
61,6,0,0,40,0
46,14,0,0,40,1
46,9,0,0,50,0
43,13,0,0,40,0
36,10,7298,0,39,1
35,10,0,0,45,0
38,13,0,0,40,0
57,9,0,0,40,0
30,11,7298,0,16,1
45,13,0,0,40,0
26,9,0,0,45,0
46,10,0,0,17,0
56,7,0,0,40,0
17,6,0,0,6,0
24,13,0,0,20,0
19,9,0,0,20,0
33,9,0,0,35,0
46,11,0,0,40,0
53,9,0,0,38,0
36,11,0,0,40,0
35,13,0,0,40,1
20,10,0,0,25,0
47,10,0,0,40,0
24,9,0,0,40,0
33,9,0,0,40,0
28,14,0,0,60,0
29,10,0,0,40,0
40,9,0,0,40,0
25,13,0,0,30,0
37,9,0,0,38,0
31,10,7298,0,50,1
25,6,0,0,50,0
35,12,0,0,60,0
37,5,0,0,40,0
37,14,0,0,40,0
36,10,0,0,40,0
19,10,0,0,30,0
52,9,0,0,98,1
40,9,0,0,70,0
42,9,0,0,40,0
55,13,0,0,40,1
53,11,0,0,40,0
29,9,0,0,40,0
20,7,0,0,40,0
26,9,0,0,50,0
18,8,0,0,35,0
18,7,0,0,12,0
45,9,0,0,40,0
35,13,0,0,55,1
23,9,0,0,40,0
25,5,0,0,45,0
45,9,0,0,40,0
23,10,0,0,45,0
31,9,0,0,40,0
30,10,0,0,40,0
63,10,0,0,43,0
46,13,0,1902,50,1
49,9,0,0,43,0
30,15,0,0,24,0
21,11,0,0,40,0
39,13,0,625,40,0
26,6,0,0,40,0
36,9,0,0,40,0
62,16,15020,0,50,1
22,13,0,0,40,0
42,13,0,0,45,1
25,7,0,0,40,0
43,14,0,0,50,1
23,13,0,0,38,0
46,9,0,0,40,0
43,10,0,0,40,0
33,14,0,0,40,1
54,14,0,0,40,1
25,10,0,0,40,0
29,10,0,0,60,0
41,14,0,0,60,0
37,13,0,0,60,1
51,9,0,0,40,0
37,9,0,0,50,1
37,13,0,0,30,1
19,9,0,0,50,0
32,9,0,0,40,0
56,9,3103,0,40,1
28,10,0,0,40,0
25,13,0,0,40,0
56,10,0,0,40,0
42,13,0,1485,40,0
44,13,0,0,32,0
19,10,0,0,20,0
23,13,0,1092,40,0
27,13,0,0,33,0
45,9,0,0,78,1
56,13,0,0,40,1
29,13,0,0,35,0
35,9,0,0,50,0
32,13,0,0,40,0
26,9,0,0,40,0
45,7,0,0,40,0
32,8,0,0,40,0
54,9,0,0,40,1
62,4,0,0,20,0
34,9,0,2001,40,0
28,10,0,0,40,1
21,10,0,0,10,0
42,9,0,0,48,0
22,9,0,0,45,0
26,11,0,0,54,0
47,10,0,0,40,0
58,10,0,1902,40,1
25,13,0,0,50,0
38,14,0,0,50,1
24,13,0,0,40,0
45,11,0,0,44,0
43,9,0,0,40,0
34,13,0,0,40,1
50,11,0,0,40,0
39,5,0,1651,40,0
49,9,0,0,40,1
68,13,0,0,40,1
27,9,0,0,40,0
31,9,0,0,12,0
28,13,0,0,30,0
58,16,0,0,24,1
50,13,0,0,40,1
74,6,0,0,20,0
36,6,0,0,35,0
55,15,0,0,39,0
42,10,3908,0,40,0
20,10,0,0,10,0
46,10,0,1628,40,0
41,15,0,0,38,0
65,15,1086,0,60,0
56,8,0,1651,40,0
39,13,0,0,10,0
50,9,7688,0,40,1
30,10,0,0,40,0
39,4,0,1602,35,0
43,9,0,0,60,0
24,9,0,0,25,0
46,10,0,0,40,0
28,9,0,0,40,0
34,13,0,0,45,1
47,9,0,0,44,0
33,10,0,0,55,0
26,14,0,1887,40,1
66,13,0,0,15,1
23,13,0,0,40,0
44,9,0,0,40,0
17,7,0,0,16,0
29,15,0,0,80,0
58,9,8614,0,52,1
37,10,0,0,65,0
67,9,0,0,40,0
29,10,0,0,35,0
40,10,0,0,40,0
59,13,0,0,45,1
20,10,0,0,25,0
36,10,0,0,48,0
52,9,0,0,22,0
54,10,15024,0,60,1
22,5,0,0,36,0
34,9,0,0,40,0
26,9,5721,0,40,0
39,13,0,1669,60,0
43,10,0,0,38,0
35,9,0,0,40,0
32,9,0,0,40,0
39,10,0,0,40,0
41,9,0,0,40,0
47,11,0,0,40,1
49,4,0,0,40,0
46,9,0,1741,40,0
22,9,4508,0,40,0
50,14,15024,0,65,1
55,12,0,0,25,0
64,15,0,0,9,1
54,10,0,0,41,0
40,10,1831,0,30,0
49,12,0,0,50,0
30,9,0,0,55,0
21,9,0,0,35,0
81,2,0,0,20,0
57,14,15024,0,65,1
41,9,0,0,40,0
40,9,0,0,40,1
28,12,0,0,65,1
69,9,0,0,40,0
23,13,0,0,50,0
34,10,0,0,35,0
42,12,0,0,40,0
49,9,0,0,40,0
31,9,0,0,50,0
43,11,13550,0,40,1
48,9,0,0,40,1
52,12,0,0,50,0
47,13,0,0,40,1
49,9,0,0,40,0
34,9,0,0,40,0
20,10,0,0,20,0
19,9,0,0,20,0
30,9,0,0,44,0
30,7,0,0,45,0
45,6,0,0,40,0
71,9,0,0,16,0
38,11,0,0,40,1
64,9,0,0,40,0
69,13,0,0,40,0
38,9,0,0,40,0
59,9,0,0,40,0
37,14,0,0,70,1
50,7,0,0,40,0
41,11,7298,0,60,1
35,11,0,0,42,0
20,10,0,0,24,0
45,13,0,0,15,0
28,13,0,0,48,1
37,13,0,1977,60,1
48,10,0,0,40,1
41,11,0,0,40,0
46,10,0,0,50,0
25,13,0,0,40,0
50,9,0,0,60,0
67,9,0,0,24,0
29,13,0,0,40,0
32,10,0,0,46,0
28,9,0,0,40,0
38,10,0,0,60,1
27,9,0,0,50,0
27,9,0,0,30,0
48,7,0,0,40,1
36,11,0,0,60,0
21,10,0,0,12,0
35,12,14344,0,40,1
42,9,0,0,55,0
55,14,0,0,55,1
57,13,2174,0,37,0
41,9,0,0,62,0
32,7,0,0,15,0
20,9,0,0,25,0
24,12,0,0,20,0
36,9,0,1977,65,1
54,13,0,0,50,1
67,9,0,0,24,0
47,12,0,0,40,0
35,10,0,2042,40,0
17,6,0,0,20,0
31,10,0,0,45,0
20,10,0,0,20,0
32,9,0,0,40,0
17,5,0,0,9,0
27,8,0,0,40,0
65,14,20051,0,40,1
34,9,0,0,40,0
30,10,0,0,40,0
32,13,13550,0,48,1
21,10,0,0,20,0
26,10,0,0,30,0
28,9,0,0,45,1
38,10,0,0,40,0
35,15,0,0,50,1
29,14,0,0,60,0
50,10,0,0,40,1
25,2,0,0,40,0
38,5,0,0,40,0
23,14,0,0,40,0
32,9,3908,0,40,0
78,14,0,0,15,0
17,6,0,0,4,0
19,10,0,0,10,0
41,10,0,0,51,0
54,10,0,0,40,1
24,10,0,0,50,0
63,9,0,0,35,1
20,10,0,0,25,0
52,10,0,0,40,0
59,10,0,0,42,0
28,15,0,0,55,1
26,13,0,0,40,0
54,6,0,0,40,0
29,13,5013,0,40,0
28,10,0,0,50,0
21,9,0,0,40,0
60,9,0,0,40,0
32,12,0,0,46,0
29,13,0,0,25,0
37,12,0,0,40,0
39,9,0,0,40,0
42,9,0,0,40,0
30,9,0,0,40,0
41,13,0,0,35,1
54,9,0,0,40,0
59,14,0,0,50,1
23,8,0,0,50,0
31,7,0,0,40,0
30,5,0,0,37,0
22,9,0,0,40,0
36,12,14344,0,40,1
27,5,0,0,37,0
25,10,0,0,45,0
27,10,0,0,40,0
57,13,0,0,35,0
43,9,0,0,40,1
28,9,0,0,40,0
23,9,0,0,40,0
39,9,0,0,40,0
22,13,0,0,43,0
25,13,0,0,45,1
34,10,0,0,40,0
39,13,0,0,40,0
39,13,7688,0,20,1
24,10,0,0,40,0
25,13,5178,0,40,1
24,9,0,0,45,0
39,9,0,0,40,0
36,12,0,0,50,0
31,10,0,0,40,0
39,7,0,0,40,0
34,14,0,0,40,0
28,9,0,0,40,0
43,9,0,0,40,0
38,14,0,0,35,1
52,14,0,0,50,1
44,3,0,0,40,0
50,9,0,0,45,1
46,10,7298,0,45,1
55,4,0,0,60,0
46,9,4064,0,40,0
47,10,0,0,65,1
35,13,0,0,40,1
34,10,0,0,40,1
41,10,0,0,40,0
32,9,0,0,44,0
41,10,0,0,40,1
29,10,0,0,60,0
18,10,0,0,40,0
38,10,0,0,44,0
37,11,0,0,40,0
22,9,0,0,40,0
61,9,2414,0,5,0
41,14,27828,0,35,1
55,11,0,0,40,0
58,14,15024,0,40,1
78,9,0,0,1,0
43,11,0,0,40,0
50,9,0,0,40,0
51,9,0,0,40,0
48,10,0,0,40,0
61,9,0,0,40,0
23,13,0,0,40,0
19,9,0,0,25,0
32,6,0,0,40,0
37,10,0,0,40,0
43,9,0,0,40,0
34,6,0,0,45,1
17,7,0,0,18,0
64,9,0,0,5,0
42,13,0,0,50,0
36,9,0,0,43,0
66,9,0,0,40,0
23,13,0,0,40,0
58,7,0,0,40,0
60,10,0,0,65,0
40,9,0,0,60,1
43,11,0,0,45,0
18,6,0,0,30,0
25,9,0,0,40,0
46,9,0,0,40,0
58,9,0,0,40,0
51,14,0,1977,40,1
31,10,0,0,30,0
38,9,0,0,48,0
51,9,0,0,40,0
49,9,0,0,40,0
61,14,0,0,2,1
23,13,0,0,30,0
54,13,0,0,40,1
34,9,594,0,60,0
17,6,0,0,12,0
51,10,0,0,40,1
46,13,0,0,40,0
37,9,0,0,40,0
38,10,0,0,40,1
59,10,0,0,34,0
23,10,0,0,40,0
22,10,0,0,40,0
69,10,0,810,38,0
44,4,0,0,40,0
29,13,0,0,40,1
67,16,0,0,12,0
40,16,0,0,60,1
48,10,0,1669,38,0
29,7,0,0,20,0
46,15,0,0,40,1
25,10,0,0,60,0
73,13,0,0,30,0
70,10,0,0,25,0
68,9,0,0,24,0
50,9,0,0,40,1
52,15,15024,0,60,1
37,10,0,0,55,1
37,9,0,0,20,0
33,12,0,0,40,0
36,10,0,0,40,0
32,12,25236,0,50,1
35,9,0,0,40,0
22,10,0,1721,20,0
74,13,0,1825,12,1
51,10,15024,0,40,1
21,10,0,0,20,0
55,14,0,0,45,0
29,13,0,0,45,0
35,10,0,0,80,0
70,4,0,0,35,0
35,10,0,0,50,0
30,9,0,1741,42,0
45,13,0,0,35,0
25,13,0,0,40,0
53,13,0,0,50,0
53,14,0,1669,35,0
22,12,0,0,40,0
48,16,0,0,45,1
46,16,0,1902,52,1
38,9,0,0,22,0
23,13,0,0,50,0
23,9,0,0,35,0
21,10,0,0,50,0
19,10,0,0,35,0
19,10,0,0,40,0
47,9,0,0,40,1
62,13,0,2415,60,1
18,9,0,0,20,0
36,10,13550,0,40,1
19,10,0,0,16,0
45,14,0,0,18,1
36,9,0,0,40,0
49,13,0,0,45,1
30,10,0,0,30,0
53,10,0,1887,40,1
21,12,0,0,35,0
63,10,0,0,35,0
49,11,0,0,40,1
40,9,0,0,40,0
40,9,0,0,40,1
48,11,0,0,15,0
44,10,0,0,60,1
23,13,0,0,60,0
42,10,0,0,40,1
44,15,0,0,40,1
59,9,0,0,40,0
36,10,0,0,40,0
42,10,7298,0,52,1
50,9,0,0,40,0
33,12,0,0,42,0
30,9,0,0,45,0
33,9,0,0,50,0
35,11,0,0,40,0
33,14,0,0,40,1
43,9,0,0,45,0
29,3,0,0,40,0
68,4,0,0,10,0
29,10,0,0,40,0
50,12,3103,0,40,1
22,9,0,0,35,0
43,13,0,0,42,0
28,13,0,0,50,1
35,9,0,0,40,1
61,6,0,0,40,0
31,13,0,0,40,1
42,9,0,0,45,0
46,9,0,1902,70,1
28,4,0,0,99,0
33,6,0,0,40,0
44,10,7298,0,40,1
27,13,0,0,40,0
39,5,0,0,40,1
26,6,0,0,99,0
72,9,0,0,1,0
18,8,0,0,15,0
53,13,0,0,35,0
49,13,6497,0,45,0
47,10,0,0,50,0
59,10,0,0,40,1
40,7,0,0,40,0
30,9,0,0,40,0
35,9,0,0,60,1
53,9,0,0,40,0
22,10,0,0,20,0
23,9,2597,0,40,0
37,13,0,0,40,1
36,9,0,2002,40,0
43,10,0,0,55,0
33,10,0,0,38,0
25,10,0,0,40,0
36,9,0,0,48,0
51,10,0,0,45,1
50,9,0,1887,55,1
56,5,0,0,40,0
67,9,0,0,40,0
35,10,0,0,40,0
17,7,0,0,35,0
62,13,0,0,35,0
19,10,0,0,30,0
20,10,0,0,40,0
44,14,0,0,40,1
69,9,0,0,10,0
25,9,0,0,40,0
46,12,0,0,40,0
40,14,0,0,20,0
25,9,0,0,30,0
37,12,0,0,13,1
22,9,0,0,55,0
24,6,0,0,40,0
30,9,0,0,40,0
51,5,0,0,40,0
19,9,0,0,40,0
45,9,0,0,45,0
35,9,0,0,40,0
22,10,0,0,50,0
67,9,0,0,8,0
51,10,0,0,60,1
49,16,0,0,50,1
21,9,0,0,40,0
46,12,0,0,40,0
18,7,0,0,12,0
76,6,1173,0,40,0
23,9,0,0,40,0
61,12,0,0,90,0
45,12,0,0,66,0
43,9,0,1977,52,1
37,9,0,1902,50,0
33,14,0,0,45,1
33,15,0,0,50,1
20,9,0,0,30,0
40,10,0,0,50,0
49,13,0,0,40,1
39,9,0,0,40,0
18,10,0,0,35,0
34,12,0,0,50,0
25,13,0,0,60,1
28,10,0,0,40,0
32,13,0,0,40,1
40,10,0,0,40,1
27,9,0,0,70,0
19,7,0,0,35,0
60,15,0,1902,40,1
31,9,0,0,20,0
32,9,0,0,38,0
40,10,0,0,40,1
38,13,0,0,42,1
23,9,0,0,40,0
32,10,3464,0,40,0
35,9,6849,0,40,0
25,13,0,0,40,0
60,12,0,0,20,0
42,15,0,0,50,1
18,7,0,1602,48,0
51,13,7688,0,20,1
30,13,0,0,40,0
24,13,0,0,45,0
44,9,0,0,40,1
57,4,0,0,10,0
19,10,0,0,20,0
28,7,0,0,30,0
49,10,0,0,40,0
48,9,0,0,40,0
52,9,0,0,40,0
45,9,0,0,40,0
36,11,0,0,40,0
48,9,0,0,45,1
23,10,4101,0,40,0
26,10,0,0,45,0
26,3,0,0,40,0
41,9,0,0,40,0
26,13,0,0,10,0
21,9,0,0,13,0
35,14,7688,0,55,1
28,10,0,0,54,0
60,9,5013,0,40,0
36,9,0,0,35,0
27,10,0,0,40,1
27,13,0,0,40,0
30,10,0,0,48,0
60,15,0,0,45,1
24,10,0,0,40,0
37,13,0,0,45,0
32,11,0,0,45,1
29,9,0,0,40,0
46,10,0,0,40,1
23,6,0,0,30,0
60,6,0,0,40,0
36,9,0,0,40,0
34,9,0,0,50,1
58,9,0,0,50,0
20,12,0,0,40,0
52,13,15024,0,60,1
29,11,0,0,40,0
30,9,0,0,36,0
27,13,0,0,40,1
42,9,0,0,35,0
20,10,0,0,20,0
35,9,0,0,55,0
41,13,0,0,40,0
35,9,0,0,40,0
47,9,0,0,25,0
26,12,0,0,40,0
57,13,0,0,20,0
44,7,0,0,40,0
24,13,0,0,20,0
44,15,0,0,60,1
34,7,0,0,40,0
72,9,0,0,16,0
47,14,99999,0,50,1
51,14,0,0,40,1
43,13,0,0,40,0
23,9,0,0,40,0
39,9,0,0,40,0
40,11,0,0,40,1
28,4,0,0,48,0
37,13,15024,0,40,1
36,7,0,0,23,0
41,9,0,0,40,0
44,13,0,0,50,1
41,13,7688,0,40,1
52,10,0,0,40,1
45,7,0,0,36,0
23,13,0,0,40,0
26,9,0,0,40,0
38,13,0,0,40,0
32,9,0,0,25,0
24,11,0,0,40,0
44,9,0,0,40,0
60,9,99999,0,40,1
17,6,0,0,30,0
73,4,0,0,25,0
30,10,0,0,40,0
42,10,0,0,38,0
19,8,0,0,38,0
38,13,0,0,45,0
53,13,0,1902,40,1
25,10,0,0,40,0
56,5,0,0,40,0
52,10,0,1740,60,0
26,13,0,0,20,0
59,6,0,0,30,0
64,2,0,0,20,0
55,14,0,0,60,1
62,9,2961,0,30,0
41,9,0,0,45,0
32,10,0,0,40,0
43,9,0,0,42,1
57,10,0,0,40,0
24,13,0,0,40,0
59,16,25236,0,45,1
38,11,0,0,40,0
22,4,0,0,40,0
33,11,0,0,40,0
26,9,0,0,65,0
38,13,3908,0,70,0
48,10,0,0,24,0
36,8,0,0,40,0
42,9,0,0,60,0
42,11,4386,0,80,1
48,9,0,0,38,0
51,13,0,0,40,0
24,9,0,0,40,0
31,9,0,0,40,0
30,10,0,0,40,0
23,3,0,0,40,0
49,9,0,0,40,0
39,9,7298,0,40,1
29,13,0,0,40,0
30,13,0,0,50,0
30,11,0,0,40,0
51,13,5178,0,40,1
46,9,0,0,37,0
34,9,0,0,40,0
39,6,0,0,40,0
56,9,0,0,40,0
48,10,0,0,40,0
33,2,0,0,40,0
48,10,0,0,40,0
19,10,0,0,30,0
36,9,0,0,50,0
21,10,0,0,40,0
41,9,0,1980,40,0
39,9,0,0,40,0
27,12,0,0,40,0
59,13,0,2002,50,0
25,11,0,0,90,0
21,9,0,0,40,0
42,9,7688,0,50,1
23,10,0,0,20,0
30,13,0,0,40,0
22,10,0,0,50,0
49,9,0,0,40,0
38,10,0,0,35,0
34,10,0,0,40,0
22,9,0,0,37,0
68,13,20051,0,40,1
35,13,0,0,40,1
61,10,0,0,30,0
41,13,0,1741,40,0
21,9,0,1504,30,0
33,2,0,0,40,0
48,12,0,0,56,1
57,10,0,0,40,0
42,13,0,0,50,1
25,13,0,0,40,0
21,7,0,0,40,0
23,13,0,0,40,0
26,14,0,0,40,0
45,10,0,0,50,1
17,7,0,0,18,0
20,10,0,0,45,0
60,5,0,0,40,0
50,9,0,1902,60,1
39,13,0,0,40,0
29,12,3418,0,40,0
17,6,0,0,20,0
38,14,0,0,70,0
48,13,0,0,44,1
25,11,0,0,45,0
19,10,0,0,10,0
53,9,0,0,40,1
33,11,0,0,40,0
35,9,0,0,40,0
30,10,0,0,45,0
19,10,0,0,45,0
25,9,0,0,40,0
28,9,0,0,40,0
45,12,5455,0,38,0
35,8,0,0,30,0
37,9,0,0,40,0
17,5,0,0,40,0
25,13,0,0,16,0
46,13,0,0,40,0
49,9,0,0,50,0
37,7,7688,0,40,1
24,13,0,0,20,0
43,9,0,1762,35,0
46,9,0,0,48,0
43,13,0,0,50,1
32,13,0,2002,40,0
21,12,0,0,46,1
43,10,0,0,84,0
45,15,0,0,55,1
56,14,0,0,50,1
59,14,27828,0,45,1
69,9,0,0,60,1
29,14,0,0,80,0
38,13,0,0,50,1
32,9,0,0,40,0
21,10,0,0,10,0
32,10,0,0,50,1
20,7,2961,0,35,0
31,13,0,0,40,1
44,14,0,0,60,0
31,9,0,0,40,1
34,9,0,0,45,0
33,7,0,0,40,0
57,6,0,0,40,0
47,9,0,0,40,0
80,4,0,0,24,0
35,4,0,0,30,0
61,13,0,0,30,0
29,9,0,0,40,0
45,9,0,1740,40,0
55,14,0,0,45,1
56,9,0,0,40,1
55,5,99999,0,37,1
51,9,0,0,40,0
41,13,0,0,35,1
50,9,0,0,40,0
50,10,0,0,50,1
29,10,0,0,45,0
56,13,0,0,40,0
18,10,0,0,40,0
28,13,0,0,55,0
39,12,0,0,40,1
24,9,0,0,50,0
23,13,0,0,40,0
38,13,0,0,40,0
43,9,0,0,99,0
44,13,0,1848,40,1
39,10,0,0,40,0
23,12,0,0,30,0
21,9,594,0,40,0
39,13,0,0,20,1
33,10,0,0,50,0
24,10,0,0,39,0
51,13,7688,0,40,1
34,9,0,0,40,0
41,9,0,0,50,0
51,13,0,0,45,0
33,9,0,0,70,0
37,9,0,0,99,1
33,9,0,0,40,0
49,9,0,0,40,1
22,10,0,0,40,0
41,6,0,0,60,0
66,10,0,0,7,0
22,9,0,0,40,0
28,13,0,0,40,0
33,9,0,0,50,0
33,12,0,0,40,0
19,10,0,0,20,0
50,9,0,0,40,1
63,10,0,0,40,1
31,9,0,0,80,0
37,13,15024,0,55,1
58,9,0,0,45,1
18,7,594,0,4,0
30,10,0,0,56,1
62,14,0,0,70,0
49,14,0,0,40,1
42,10,0,0,60,1
51,13,0,0,26,0
34,9,0,0,40,0
20,9,0,0,40,0
38,13,0,0,32,1
37,12,0,0,50,1
38,10,0,0,60,0
50,15,0,0,50,1
42,10,15024,0,50,1
50,9,7688,0,50,1
56,13,0,0,50,0
33,13,0,0,45,0
51,13,0,0,55,1
57,9,0,0,20,0
66,7,0,0,40,0
26,13,0,0,40,0
49,9,0,0,40,0
32,11,0,0,40,0
19,10,0,0,25,0
31,10,0,0,45,0
44,16,0,0,60,1
59,9,0,0,38,0
18,9,0,0,40,0
23,9,0,0,30,0
20,9,0,0,40,0
44,12,0,0,40,0
32,13,0,0,40,0
55,9,0,0,40,1
59,13,2885,0,30,0
26,13,0,0,35,0
55,10,0,0,40,0
37,13,15024,0,50,1
22,9,0,0,48,0
24,9,0,0,40,0
23,13,0,0,55,0
34,9,2885,0,80,0
33,10,0,0,40,0
30,10,0,0,40,0
46,10,0,0,40,0
34,9,0,0,40,0
29,7,2829,0,14,0
38,10,0,0,40,0
22,12,0,0,45,0
53,6,0,0,40,0
22,9,0,0,40,0
34,10,0,0,40,0
35,9,0,0,42,0
22,13,0,0,40,0
56,13,0,0,40,1
29,9,0,0,40,0
47,13,0,0,40,1
37,10,0,0,40,0
75,9,0,0,20,0
27,4,0,0,35,0
30,6,0,0,40,0
47,13,0,0,40,0
31,9,0,0,40,0
37,7,0,0,40,0
59,15,15024,0,50,1
47,10,0,0,40,1
39,14,0,0,40,1
41,13,0,0,72,0
25,12,0,0,48,0
38,10,0,0,40,1
47,4,0,0,40,0
76,6,0,0,1,0
53,11,0,0,40,0
38,9,0,0,40,0
21,11,0,1579,40,0
30,13,0,0,55,1
47,13,0,0,40,1
56,16,2885,0,40,0
24,5,0,0,45,0
21,10,0,0,40,0
19,7,0,0,32,0
46,12,6497,0,40,0
38,13,0,0,45,0
33,9,0,0,20,0
45,5,0,0,40,1
27,13,0,0,35,0
28,14,0,0,40,0
58,9,0,0,20,1
66,14,0,0,6,0
68,14,0,0,40,1
27,13,0,0,50,0
28,14,0,0,40,0
50,11,0,0,50,0
64,13,0,0,40,0
26,10,0,0,37,0
18,10,0,0,25,0
36,9,0,0,40,1
47,9,0,0,40,0
24,4,2635,0,38,0
47,10,0,0,45,0
63,9,0,0,40,1
67,15,20051,0,25,1
27,14,0,0,40,0
38,9,0,0,50,0
22,10,0,0,40,0
37,3,0,0,32,0
33,10,0,0,40,0
33,9,0,0,44,1
60,9,0,0,70,0
48,9,0,0,40,0
37,13,0,0,15,0
25,14,0,0,35,0
62,10,0,0,20,0
19,9,0,1721,40,0
60,9,0,0,35,0
30,13,0,0,45,1
36,10,0,0,60,1
26,13,0,0,40,0
30,9,0,0,40,0
50,9,0,0,40,0
29,16,0,0,35,1
40,13,0,0,20,0
25,8,0,0,30,0
23,10,0,2559,40,1
33,10,0,0,40,0
44,9,0,0,66,0
36,9,7298,0,40,1
29,13,0,0,50,1
28,6,0,0,40,0
19,10,0,0,40,0
37,3,0,0,40,0
45,13,0,0,40,0
29,9,0,0,40,0
38,10,0,0,40,1
36,13,27828,0,40,1
50,14,0,0,62,1
55,13,99999,0,60,1
36,10,0,0,50,0
53,13,0,0,70,0
36,9,0,0,60,1
34,13,0,2051,40,0
36,9,15024,0,40,1
43,10,0,0,40,0
72,9,6360,0,40,0
62,9,0,0,40,0
17,7,0,0,12,0
56,10,0,0,60,1
30,7,0,0,40,0
45,9,0,0,40,1
34,14,0,0,50,0
43,13,0,0,50,1
47,9,2829,0,65,0
45,16,0,0,45,1
68,9,0,0,35,0
41,9,0,0,40,0
24,13,0,0,40,0
65,4,0,0,40,0
48,13,0,0,60,1
53,9,0,0,40,0
55,10,0,0,40,1
24,13,0,0,40,0
21,10,3781,0,40,0
60,13,0,0,60,1
65,9,0,0,45,0
18,10,0,0,20,0
62,10,0,0,40,0
31,9,0,0,70,0
23,9,0,0,40,0
48,4,0,0,40,1
31,5,0,0,43,0
29,11,0,2051,40,0
49,13,0,0,40,1
45,11,0,0,50,1
46,13,0,1902,40,1
42,9,0,0,96,0
31,9,0,0,40,0
39,9,0,0,55,1
47,13,0,0,50,1
39,14,0,1977,45,1
52,10,5013,0,40,0
43,11,0,0,40,0
24,13,0,0,30,0
51,9,0,0,40,0
30,13,0,0,10,0
48,9,7688,0,40,1
62,4,2829,0,40,0
23,9,0,0,40,0
25,7,0,0,40,0
29,9,0,0,40,0
44,10,0,0,32,0
62,13,0,0,4,0
35,9,0,0,40,0
50,9,0,0,40,0
45,13,7688,0,50,1
25,6,0,0,40,0
36,10,0,0,40,0
27,9,0,0,40,0
58,9,0,0,10,0
51,9,0,0,48,0
31,9,0,0,35,0
36,9,7688,0,40,1
26,13,0,0,45,0
58,5,0,0,40,0
39,3,0,0,40,0
42,10,0,0,45,0
21,9,0,0,30,0
45,9,5178,0,40,1
27,11,0,0,60,0
27,9,0,0,50,1
34,13,0,0,60,1
19,10,0,0,40,0
32,10,0,0,40,0
32,13,0,0,35,1
36,15,15024,0,45,1
68,13,0,0,30,0
30,10,0,0,30,0
23,10,0,0,40,0
26,13,0,0,55,1
42,13,0,0,21,0
58,9,0,0,40,0
33,10,7298,0,21,1
46,13,0,0,30,1
59,5,0,0,40,0
19,4,0,1602,32,0
39,7,0,0,30,0
27,13,0,0,50,0
46,13,0,0,60,1
43,9,0,0,40,1
30,13,0,0,45,1
26,15,0,0,60,0
27,10,0,0,40,0
37,11,8614,0,45,1
56,4,0,0,36,0
31,12,0,880,45,0
66,13,0,0,40,1
38,10,0,0,60,0
43,15,0,0,40,0
43,13,0,1741,40,0
39,13,0,0,45,0
47,14,15024,0,50,1
21,10,0,0,48,0
24,13,0,0,40,0
26,9,0,0,40,0
17,6,0,0,25,0
75,7,0,0,50,0
40,10,0,0,40,0
55,3,0,0,48,0
20,9,0,0,40,0
41,3,0,0,40,0
59,16,0,2415,45,1
36,11,0,0,37,0
40,13,0,0,60,0
41,10,0,0,48,0
60,4,0,0,40,0
43,12,0,0,50,0
37,9,0,0,50,0
21,10,0,0,24,0
46,9,0,0,40,0
44,13,0,0,40,0
29,9,0,0,40,0
67,9,0,0,20,0
47,16,0,0,45,0
30,10,0,0,40,1
37,9,0,0,40,1
45,9,0,0,28,0
26,13,0,0,40,0
36,13,0,0,48,1
35,9,0,0,40,0
46,14,7688,0,46,1
23,3,0,0,35,0
57,9,0,0,30,0
36,10,0,0,40,0
30,9,0,0,40,0
34,13,0,0,50,1
46,9,0,0,40,1
37,9,0,0,68,0
26,13,0,0,50,0
36,14,0,0,40,1
48,9,0,0,46,0
27,9,0,1848,45,1
49,10,0,0,60,0
48,11,0,0,40,0
38,9,0,0,28,0
46,9,0,0,40,0
20,9,0,0,50,0
47,12,0,1672,65,0
62,9,0,0,40,0
34,9,0,0,40,0
30,10,0,0,44,0
67,9,0,0,50,0
36,4,0,0,40,0
27,10,0,0,40,0
30,10,0,0,40,0
74,9,15831,0,40,1
22,9,0,0,40,0
33,9,0,0,40,0
23,3,0,0,30,0
49,7,0,0,50,0
46,13,0,1590,40,0
29,9,0,1977,25,1
56,9,0,0,40,0
20,9,0,0,35,0
21,10,0,0,40,0
38,9,2036,0,20,0
45,10,0,0,52,0
30,9,0,0,40,0
40,9,0,0,15,0
25,13,2597,0,50,0
37,9,0,0,40,0
41,13,7688,0,45,1
52,10,0,0,45,0
51,10,0,0,21,0
30,9,0,0,40,0
39,9,4064,0,38,0
36,11,0,0,40,1
25,9,0,0,37,0
51,12,0,0,40,1
18,7,0,0,40,0
27,10,0,0,50,0
35,13,0,0,40,0
33,9,0,0,40,0
45,14,0,0,50,1
56,16,99999,0,70,1
48,14,0,0,50,0
43,9,0,0,24,0
55,12,0,0,55,1
22,13,0,0,15,0
23,10,0,0,40,0
49,10,0,0,50,0
22,10,0,0,20,0
50,16,0,0,40,1
35,13,0,0,40,0
62,9,0,0,42,0
52,7,0,0,40,0
42,9,0,0,44,0
55,10,0,2339,45,0
60,6,0,0,10,0
37,10,0,0,40,1
59,13,0,1977,50,1
60,9,0,0,40,1
41,10,2829,0,40,0
50,9,0,0,40,1
18,6,0,0,25,0
39,9,0,0,60,0
54,9,0,0,20,0
28,10,0,0,40,0
33,9,0,0,65,0
45,9,0,0,40,0
51,12,0,0,40,0
41,12,0,0,50,0
47,15,0,0,45,1
37,9,0,0,12,0
42,10,0,0,60,0
38,10,0,0,40,0
30,13,3103,0,55,1
30,13,0,0,40,0
24,9,0,0,40,0
31,14,5178,0,40,1
38,13,0,0,55,1
24,13,0,0,30,0
61,9,0,0,40,1
21,9,0,0,60,0
35,9,0,0,40,0
21,10,0,0,30,0
23,10,0,0,30,0
31,14,0,0,45,0
52,9,0,0,40,0
33,10,0,0,40,0
48,9,0,0,50,0
23,10,0,0,40,0
26,11,0,0,40,0
51,9,4787,0,24,1
21,4,0,0,40,0
20,10,0,0,35,0
58,4,0,0,40,0
46,10,7688,0,40,1
21,9,0,0,40,0
21,10,0,0,3,0
24,9,0,0,50,0
18,9,0,0,40,0
28,9,0,0,35,0
64,3,0,0,70,0
47,9,0,1977,45,1
38,12,0,0,50,1
23,9,0,0,35,0
23,9,0,0,40,0
25,9,0,0,45,0
36,9,0,0,36,0
34,12,0,0,45,0
45,11,0,0,45,0
52,14,15024,0,60,1
51,10,0,0,36,0
41,11,0,0,40,1
17,6,0,0,25,0
60,3,0,0,40,0
45,9,0,0,40,0
56,4,0,0,48,0
39,10,0,0,52,1
48,10,0,0,30,0
47,13,0,2258,40,1
61,10,0,0,40,0
23,13,0,0,45,0
43,9,7298,0,40,1
28,10,0,0,40,0
34,13,0,0,45,1
26,10,0,0,20,0
25,13,0,0,40,0
28,6,0,0,45,0
22,10,3781,0,35,0
28,7,0,0,40,0
30,9,0,0,25,0
46,13,0,0,40,0
40,9,0,0,60,0
51,9,0,0,40,1
25,9,0,0,40,0
29,9,0,0,50,1
49,9,0,0,60,0
41,9,0,0,40,0
32,9,0,0,72,0
35,13,0,0,60,0
42,9,0,0,40,0
26,6,0,0,30,0
64,10,0,0,40,0
23,10,0,0,20,0
56,10,0,0,48,0
37,14,0,0,60,0
25,9,0,2001,50,0
21,12,0,0,40,0
37,9,0,0,30,0
46,9,0,0,40,0
32,9,0,0,25,0
21,10,0,0,15,0
21,10,0,0,35,0
43,13,0,0,40,0
20,8,0,0,40,0
27,9,0,0,40,0
50,14,0,0,45,1
41,7,0,0,40,0
65,7,0,0,40,0
52,7,0,0,40,1
66,13,0,0,40,1
35,13,0,0,60,1
35,11,0,0,40,0
62,10,0,0,60,1
43,14,15024,0,40,1
28,11,0,1669,42,0
20,10,0,0,15,0
21,10,0,0,40,0
30,9,0,1980,40,0
30,10,0,0,55,1
51,14,25236,0,50,1
58,12,0,0,40,0
32,10,0,0,40,0
46,6,0,0,40,0
36,13,0,0,50,0
35,9,0,0,40,0
36,9,0,0,40,0
27,11,0,0,40,0
22,10,0,0,10,0
21,10,0,0,50,0
31,7,0,0,40,0
28,9,0,0,40,0
29,9,0,0,45,0
17,7,0,0,20,0
48,9,2885,0,15,0
45,9,0,0,8,0
44,13,0,0,40,0
21,10,0,0,20,0
42,1,0,0,40,0
49,13,0,0,40,0
30,9,0,0,40,0
29,10,0,0,40,0
37,13,0,0,90,1
26,8,0,0,40,0
23,10,0,0,20,0
37,10,0,0,48,1
28,15,0,0,50,0
51,6,0,1977,40,1
27,13,0,0,60,0
27,13,0,0,65,0
37,15,0,0,45,1
55,9,13550,0,40,1
49,11,0,0,38,0
44,9,0,0,42,0
26,13,0,0,40,0
45,13,0,0,38,1
23,12,0,0,20,0
57,13,0,0,50,1
27,3,0,0,35,0
23,13,0,0,60,0
27,9,0,0,40,0
45,10,0,0,40,0
20,10,0,0,10,0
47,15,15024,0,40,1
20,10,0,0,20,0
23,9,0,0,53,0
47,9,4064,0,60,0
28,9,0,0,45,0
17,7,0,0,12,0
52,4,0,0,64,0
46,14,0,0,50,1
35,9,0,0,90,0
42,15,0,1902,50,1
56,13,0,0,40,1
53,10,0,0,40,0
25,9,0,0,40,0
61,5,0,0,40,0
20,10,0,0,40,0
58,14,0,1977,50,1
27,10,0,0,50,0
43,9,0,1902,99,1
30,13,0,0,40,0
50,9,0,0,45,0
40,10,0,0,48,0
67,9,0,0,38,0
31,9,0,0,45,0
18,7,0,0,20,0
69,5,0,0,25,0
60,6,0,0,40,0
24,9,0,0,40,0
25,10,0,0,40,0
40,15,0,0,72,0
43,5,0,625,40,0
71,8,0,0,40,0
44,15,2354,0,99,0
36,9,0,0,40,0
43,10,594,0,20,0
18,4,0,0,40,0
37,9,0,0,50,0
44,14,0,0,38,1
28,9,0,0,45,0
28,13,0,0,60,1
57,3,0,0,40,0
32,7,0,0,40,0
57,9,0,0,40,0
50,7,0,0,40,0
33,13,0,1564,52,1
30,11,0,0,40,0
55,10,0,0,36,0
46,9,0,0,40,0
43,10,0,0,40,0
43,10,2174,0,45,0
42,15,7430,0,40,1
67,14,0,0,40,0
46,4,0,1651,40,0
90,13,0,0,40,1
18,9,0,0,35,0
23,9,0,0,12,0
46,12,15024,0,50,1
30,14,0,0,50,1
47,11,7688,0,40,1
23,5,0,0,35,0
35,4,0,0,40,1
46,9,0,0,65,0
29,9,0,0,40,0
44,10,0,0,50,1
37,9,0,0,35,0
73,14,0,0,10,1
60,13,0,0,50,0
30,13,0,1740,45,0
36,13,0,0,40,0
38,9,0,0,40,0
44,9,0,1504,45,0
72,13,991,0,7,0
38,13,0,0,20,0
40,10,0,0,45,0
33,9,0,0,20,0
44,14,0,0,40,0
26,9,0,0,60,0
21,9,0,0,45,0
38,6,0,0,35,0
28,13,5178,0,40,1
32,9,0,0,40,0
48,5,0,0,45,0
59,9,0,0,40,0
37,13,0,0,48,1
23,9,0,0,80,0
44,7,0,0,40,0
40,14,0,2415,45,1
47,10,0,0,40,1
58,13,0,0,58,0
35,9,0,0,40,0
64,9,0,0,20,0
36,13,0,0,40,1
33,9,0,0,60,0
55,13,0,0,40,0
64,9,0,0,40,0
30,15,0,0,45,1
43,7,0,0,55,0
22,9,0,0,40,0
47,9,15024,0,40,1
38,5,0,0,40,0
25,9,0,0,40,0
52,10,0,0,60,0
42,9,0,0,40,0
31,13,0,0,40,0
52,9,0,0,40,0
24,8,0,0,55,0
58,11,3908,0,40,0
20,10,0,0,40,0
21,10,0,0,29,0
69,9,0,0,20,0
31,13,0,0,40,0
26,13,0,0,16,0
23,9,0,0,40,0
60,9,0,0,50,0
20,10,0,0,60,0
20,7,0,0,40,0
27,9,0,0,40,0
45,9,0,0,40,0
36,12,0,0,50,0
31,13,0,0,55,1
20,10,0,0,40,0
55,10,0,0,38,0
46,10,15024,0,50,1
34,13,0,0,35,0
33,10,0,0,50,0
22,9,0,0,40,0
38,13,0,0,40,0
58,5,0,0,40,0
44,14,15024,0,35,1
34,9,0,0,45,0
42,14,0,0,40,0
26,9,3103,0,40,1
56,9,0,0,46,0
54,9,0,0,38,0
33,10,0,0,50,0
42,13,0,0,50,1
57,13,0,0,8,0
31,9,0,0,50,0
33,11,7298,0,40,1
34,9,0,0,40,0
27,9,0,0,40,0
64,8,0,0,40,0
30,9,0,0,40,0
30,9,0,0,40,0
35,13,0,0,38,0
50,9,0,0,40,0
45,13,0,0,50,1
56,9,0,0,40,0
21,10,0,0,10,0
22,9,0,0,40,0
61,4,0,0,40,0
29,13,0,0,40,1
35,13,0,0,45,1
30,9,0,0,40,1
19,9,0,0,30,0
34,13,0,0,36,0
25,9,0,0,50,0
25,14,0,0,40,0
41,9,0,0,40,1
44,13,0,0,40,0
64,9,0,0,16,0
31,16,0,0,48,0
36,5,0,0,30,0
42,7,0,0,15,0
40,9,0,0,40,0
32,9,0,0,40,0
35,10,0,0,40,1
51,9,4386,0,55,1
49,13,0,0,50,0
19,9,0,0,40,0
58,9,0,0,32,0
34,10,0,0,35,0
35,10,0,0,60,0
65,9,0,0,25,0
34,10,0,0,40,0
37,13,0,0,50,0
29,9,0,0,40,0
34,9,0,0,40,0
34,9,0,0,40,0
29,16,0,0,40,0
63,13,0,0,30,1
57,7,0,0,40,0
51,10,0,1887,40,1
25,13,0,0,40,1
38,13,0,0,40,1
45,16,15020,0,40,1
18,9,0,0,30,0
20,10,0,0,40,0
25,13,0,0,40,0
32,9,0,0,50,0
43,13,14344,0,40,1
46,5,0,0,40,0
26,13,0,0,60,0
30,7,0,0,30,0
28,9,0,0,35,0
28,13,6849,0,40,0
39,10,0,0,52,1
51,9,0,0,40,0
43,13,0,0,40,0
50,13,0,0,50,0
39,8,0,0,40,0
25,13,0,0,45,0
40,9,0,1980,48,0
28,9,0,0,40,0
60,9,0,0,25,0
54,9,0,0,20,0
25,13,0,0,45,1
30,9,0,0,45,0
48,10,0,0,40,0
24,10,0,0,40,0
27,12,0,0,25,0
43,13,0,0,40,0
21,10,0,0,40,0
19,9,0,0,30,0
27,14,0,0,40,0
35,10,0,1740,40,0
43,13,0,1887,40,1
18,7,0,0,3,0
35,12,0,0,40,0
34,13,0,0,40,1
57,9,0,0,60,0
31,9,0,0,40,0
34,12,0,0,10,0
39,11,0,0,40,0
51,9,0,0,40,0
42,10,0,0,44,1
40,9,0,0,50,1
58,9,0,0,40,0
39,10,0,1977,60,1
36,14,0,0,40,1
27,9,4865,0,50,0
54,13,0,0,45,1
23,11,0,0,40,0
43,13,0,0,40,1
31,10,0,0,40,0
42,9,0,0,40,0
52,16,0,0,65,1
21,10,0,0,40,0
55,6,2580,0,40,0
17,6,0,0,30,0
26,10,0,0,25,0
49,9,0,0,40,0
28,9,0,0,40,0
50,12,0,0,45,0
65,10,0,0,40,0
33,12,0,0,60,0
38,9,0,0,40,1
41,13,0,0,60,1
51,10,0,0,40,1
35,10,0,0,40,1
66,9,0,0,25,0
42,13,0,0,12,0
21,12,0,0,10,0
31,9,5013,0,40,0
36,13,0,0,35,0
32,13,0,1977,45,1
66,4,0,0,10,0
23,13,0,0,35,0
47,3,0,0,55,1
29,9,0,0,40,1
53,9,0,0,35,0
40,14,0,0,50,1
39,10,0,0,45,0
19,9,0,0,40,0
25,7,0,0,40,0
19,9,0,0,40,0
35,9,0,0,40,0
36,10,0,0,60,1
69,10,20051,0,50,1
20,10,0,0,40,0
32,10,0,0,40,1
59,12,0,0,40,0
19,2,0,0,55,0
29,12,0,0,50,0
49,13,0,0,55,1
27,13,0,0,40,0
27,13,0,0,40,0
28,10,0,0,40,0
44,13,0,0,38,0
30,11,0,0,36,1
46,4,0,0,40,0
20,11,0,0,20,0
28,13,0,0,45,0
37,9,0,0,40,0
19,10,0,0,25,0
17,7,0,0,12,0
23,13,0,0,60,0
42,14,4650,0,40,0
29,13,0,0,40,0
28,11,0,0,45,0
50,13,0,0,60,1
80,9,0,0,20,0
43,14,0,0,25,0
33,11,0,0,40,0
43,13,0,0,35,0
44,9,0,0,55,0
21,9,0,0,30,0
32,13,0,0,44,1
46,13,0,0,45,1
36,3,0,0,40,0
65,9,0,0,17,0
22,10,0,0,20,0
40,12,0,0,60,0
52,4,0,0,40,0
23,10,0,0,40,0
47,10,7298,0,40,1
27,13,0,0,40,0
54,10,0,0,45,1
27,10,0,0,40,0
44,10,0,0,40,0
60,10,0,0,40,0
43,5,0,0,20,0
54,9,0,0,40,0
34,9,0,0,20,0
32,9,0,0,40,0
48,10,0,0,44,0
49,10,0,0,30,0
28,10,0,0,40,0
49,9,4064,0,50,0
32,13,0,0,48,0
59,10,0,0,32,0
43,9,0,0,40,0
33,9,1831,0,40,0
66,13,0,0,24,0
20,10,0,0,40,0
60,9,0,0,45,0
47,9,0,0,60,0
30,11,0,0,35,0
22,13,0,0,35,0
68,9,0,0,15,0
27,10,0,0,20,0
20,10,0,0,10,0
34,10,0,0,48,0
21,10,0,0,20,0
67,9,0,0,30,0
41,10,0,0,40,0
66,5,0,0,40,0
49,14,0,0,50,1
30,15,0,0,20,1
44,14,0,0,40,1
19,5,0,0,35,0
68,10,0,2457,40,0
31,9,0,0,45,0
50,9,15024,0,50,1
65,3,0,0,40,0
31,9,0,0,20,0
52,9,0,0,40,0
34,9,0,0,40,0
44,13,0,1977,40,1
56,9,0,0,40,1
17,7,0,0,20,0
40,9,0,0,40,0
26,12,0,0,40,0
35,10,0,0,40,0
55,15,99999,0,40,1
22,13,0,0,20,0
25,5,0,0,15,0
54,13,0,0,50,0
59,5,0,0,40,0
43,12,0,0,50,1
34,10,0,1740,40,0
39,10,0,0,38,0
21,10,0,0,50,0
32,10,15024,0,60,1
46,13,0,0,60,1
22,10,0,0,40,0
30,10,0,0,40,0
47,9,0,0,38,0
35,13,0,0,40,1
62,9,0,0,25,0
56,14,0,0,40,0
44,9,0,0,60,0
53,9,0,0,40,1
64,6,0,0,40,1
30,9,0,0,52,1
51,10,0,1902,50,1
34,13,7688,0,40,1
43,10,0,0,40,0
22,13,0,0,20,0
36,13,0,0,40,1
35,9,0,0,40,0
32,9,0,0,35,0
23,1,0,0,40,0
26,13,0,0,45,0
49,10,0,0,40,1
59,6,0,0,37,0
55,6,0,0,45,0
23,11,0,0,40,0
20,11,0,0,40,0
46,13,3103,0,37,1
30,10,0,0,25,0
28,10,0,0,52,0
62,3,0,0,40,0
46,9,0,0,40,0
17,5,0,0,22,0
63,10,10566,0,45,0
30,10,0,0,40,0
50,10,0,0,40,1
37,12,0,0,40,0
35,11,0,0,65,0
38,9,0,1876,40,0
43,9,0,0,44,0
22,9,0,0,40,0
35,9,0,0,40,0
20,12,0,0,20,0
33,9,0,0,40,0
58,7,0,0,40,0
50,10,0,0,40,1
32,9,0,0,13,0
48,10,0,0,45,0
63,13,0,0,40,1
27,9,0,0,40,0
53,12,0,0,40,0
33,9,0,0,40,0
37,15,0,0,40,1
21,9,0,0,45,0
28,13,0,0,40,0
50,9,0,0,48,0
22,13,0,0,30,0
38,9,0,0,50,0
33,9,0,1741,40,0
24,10,0,0,40,0
39,11,0,0,37,0
27,2,0,0,35,0
58,13,0,0,40,0
56,5,0,0,40,1
22,10,0,0,40,0
61,14,0,0,40,1
48,9,0,0,33,0
25,9,0,0,40,0
35,9,0,0,65,0
39,10,0,0,35,0
50,9,0,0,40,1
48,13,0,0,44,0
48,10,0,0,8,0
54,9,0,0,40,0
59,10,6849,0,40,0
27,13,0,0,68,0
42,13,0,0,40,1
40,13,99999,0,75,1
33,16,0,0,50,1
40,7,0,0,40,0
22,10,0,0,20,0
65,16,0,0,40,0
19,10,0,0,15,0
32,13,0,2444,50,1
38,9,0,0,48,1
47,9,0,0,50,0
59,6,0,0,40,0
38,14,0,0,40,0
42,12,0,0,60,1
38,13,7298,0,50,1
31,9,0,0,40,0
43,9,0,0,40,0
41,9,0,2002,60,0
30,15,0,0,50,0
21,1,0,0,50,0
48,14,15024,0,40,1
31,10,0,0,40,0
46,9,0,0,40,0
53,9,0,0,48,0
21,11,0,0,40,0
49,8,0,0,40,0
18,7,0,0,40,0
58,10,0,0,45,1
64,6,0,0,10,1
45,9,15024,0,80,1
27,9,0,0,39,0
57,9,0,0,40,0
48,14,0,0,40,1
33,9,0,0,36,0
28,10,0,0,60,0
35,9,0,0,40,0
50,9,0,0,40,1
56,10,0,0,50,0
60,9,0,0,40,0
21,9,0,0,40,0
31,10,0,0,30,0
44,7,0,0,44,0
46,12,0,0,40,0
51,4,0,0,30,0
25,9,0,0,35,0
67,13,0,0,30,0
42,10,0,0,38,0
34,9,0,0,40,0
43,12,0,0,40,0
36,10,0,0,40,0
19,10,594,0,20,0
44,9,0,0,15,0
19,10,0,0,20,0
40,11,0,0,40,0
20,9,3781,0,35,0
46,9,7298,0,40,1
31,13,7688,0,40,1
29,6,0,0,80,0
39,13,0,0,25,0
37,14,0,0,40,1
54,10,0,0,40,0
39,13,0,0,40,0
40,9,0,0,40,0
37,9,0,0,40,0
56,10,0,0,50,0
53,10,0,0,60,1
34,10,0,0,45,1
36,9,0,0,40,0
54,9,0,0,50,0
34,13,0,0,40,0
25,13,0,0,50,0
17,7,0,0,40,0
36,13,0,0,45,1
28,9,0,0,40,0
17,7,0,0,20,0
41,14,7298,0,60,1
45,11,0,0,70,0
53,10,0,0,20,0
51,9,0,0,50,1
48,9,0,0,30,0
24,9,0,0,50,0
32,10,0,0,40,0
22,10,0,0,40,0
25,9,0,0,40,0
40,12,0,2377,50,0
59,9,0,0,38,1
40,12,0,0,40,1
38,4,3942,0,84,0
36,9,0,0,40,0
24,13,0,0,40,0
50,15,0,0,40,1
30,11,0,0,40,0
62,6,0,0,40,0
34,9,0,0,40,0
33,14,0,0,32,0
28,14,0,0,50,1
29,13,0,0,50,1
25,13,0,1741,40,0
67,13,0,0,16,0
44,13,0,0,50,1
49,9,0,0,40,0
31,11,0,0,40,0
51,9,0,0,24,0
27,6,0,0,40,0
56,9,0,1902,40,1
31,10,0,0,40,1
44,13,7688,0,50,1
24,10,0,0,60,0
22,10,0,0,30,0
40,9,0,0,37,0
66,4,0,0,40,0
44,11,0,0,40,0
33,12,0,1902,50,1
20,10,0,0,15,0
27,10,0,0,40,0
47,9,0,0,45,0
25,13,0,0,40,0
52,9,0,0,25,0
36,13,0,0,40,0
62,13,0,0,50,1
37,9,0,0,40,0
31,9,0,0,50,0
25,13,0,0,45,0
27,5,0,0,40,0
44,13,15024,0,65,1
39,10,0,0,25,0
34,13,0,0,60,1
54,13,14084,0,40,1
36,11,0,0,40,1
43,9,0,0,30,0
57,5,0,0,55,1
33,9,0,0,50,1
54,11,0,0,20,0
41,9,0,0,48,0
25,13,0,0,60,1
71,13,11678,0,45,1
35,9,0,0,60,0
47,9,0,0,40,0
38,10,0,0,40,0
28,10,0,0,50,0
39,9,0,0,40,0
30,10,0,0,72,0
40,10,0,0,40,0
41,13,0,0,40,1
21,10,0,0,40,0
43,13,0,0,40,0
45,11,0,1977,50,1
30,14,0,0,40,0
68,10,0,0,30,0
29,13,0,0,40,0
28,13,0,0,40,1
31,11,0,0,40,0
32,9,0,0,40,0
35,13,0,0,45,0
29,9,0,0,40,0
29,7,0,0,5,0
49,14,0,0,50,1
52,10,0,0,20,1
24,12,0,0,40,0
59,4,0,0,85,0
24,13,0,0,45,0
23,12,0,0,25,0
30,9,0,0,40,0
38,9,0,0,50,0
30,9,0,0,40,1
48,9,0,0,15,0
42,13,0,0,30,0
21,10,0,0,50,0
43,10,0,0,40,0
31,10,0,0,40,0
45,10,0,0,40,1
41,10,0,0,40,0
40,9,0,0,35,0
22,9,0,1719,40,0
28,7,0,0,40,0
49,14,0,0,50,1
20,10,0,0,25,0
48,10,0,0,40,1
54,9,0,0,40,0
55,11,5178,0,50,1
39,9,0,0,40,0
27,9,0,0,45,0
19,10,0,0,18,0
31,9,0,1902,40,1
20,9,0,0,40,0
42,9,0,0,40,0
32,10,0,0,40,0
36,11,0,0,40,1
26,9,0,0,40,0
21,10,0,0,25,0
28,13,5013,0,55,0
22,9,0,0,20,0
23,10,0,0,42,0
18,9,0,0,25,0
25,10,0,0,8,0
24,10,0,0,50,1
42,9,0,0,40,0
39,14,0,0,40,0
45,9,0,0,40,0
66,9,0,0,50,1
34,9,0,0,40,0
35,9,0,0,27,0
46,14,0,0,55,1
43,9,0,0,40,0
82,10,0,0,20,0
25,13,0,0,50,0
35,10,0,0,58,0
23,10,0,0,25,0
40,9,0,0,70,0
33,9,0,0,55,1
63,5,0,0,16,0
45,14,0,0,40,0
26,7,0,0,15,0
63,7,0,0,30,0
49,10,0,0,60,0
39,9,0,0,40,0
55,9,0,0,40,0
38,9,0,0,40,0
50,15,0,0,52,1
61,4,0,0,40,0
25,9,0,0,40,0
54,14,0,0,52,1
31,12,0,0,25,0
22,9,99999,0,40,1
36,7,0,0,40,0
19,10,0,0,20,0
35,11,0,0,40,0
22,10,0,0,40,0
28,13,0,0,55,0
52,1,0,0,40,0
47,10,0,0,50,0
20,10,0,0,16,0
52,5,0,0,30,0
56,14,0,0,50,1
22,13,0,0,20,0
43,13,0,0,45,0
39,10,0,2205,40,0
20,9,0,0,40,0
19,10,0,0,25,0
49,13,0,0,30,0
72,16,0,0,30,0
56,9,0,0,50,1
42,16,0,0,45,0
33,10,0,0,52,0
32,9,0,0,48,0
35,9,0,0,36,0
19,10,0,0,14,0
41,2,0,0,40,1
21,9,0,0,50,0
39,10,0,0,50,0
62,10,0,0,40,0
37,13,0,2824,40,1
23,11,0,0,40,0
35,9,0,0,40,0
30,9,0,0,40,0
44,11,594,0,25,0
21,12,0,0,40,0
36,13,0,0,48,0
24,13,7688,0,45,1
26,10,0,0,40,0
52,9,0,0,40,1
58,9,0,0,20,0
35,9,0,0,45,0
38,9,0,0,50,0
36,9,0,0,37,0
44,14,0,0,50,1
42,13,15024,0,45,1
57,15,0,0,36,1
82,3,0,0,20,0
35,9,0,0,40,0
64,7,0,2179,40,0
47,9,0,1887,45,1
29,13,0,0,40,0
69,7,0,0,45,0
39,15,0,1887,50,1
26,10,0,0,35,0
26,9,0,0,16,0
39,12,0,0,40,0
34,9,0,0,40,0
34,9,0,0,40,0
45,9,0,0,40,1
33,9,0,0,40,0
40,10,0,0,38,0
19,9,0,0,28,0
18,9,0,0,20,0
43,9,0,0,50,1
58,9,0,0,40,1
33,10,0,0,35,0
47,13,0,0,40,0
56,10,0,0,50,1
60,15,0,0,40,1
28,9,0,0,40,0
28,9,0,0,40,0
53,9,5013,0,35,0
43,10,15024,0,60,1
30,9,0,0,55,0
18,8,0,0,20,0
70,13,0,0,70,1
58,9,0,0,40,1
48,9,0,0,40,0
26,13,0,0,50,0
33,9,0,0,40,0
23,13,0,0,40,0
51,13,0,0,55,0
52,9,0,0,85,1
31,13,0,0,40,0
28,10,0,0,30,0
47,11,0,0,26,0
35,13,0,0,40,1
54,9,4416,0,25,0
58,9,0,0,40,0
51,10,0,0,40,1
73,10,20051,0,36,1
49,10,0,0,40,1
36,10,0,0,50,1
28,9,0,0,40,0
52,10,0,0,24,0
33,14,0,0,30,0
33,15,0,0,65,1
52,10,0,0,45,0
34,13,4865,0,55,0
62,10,0,0,50,0
60,6,0,0,40,0
22,13,0,0,45,0
48,14,0,0,40,1
39,12,0,0,40,1
38,9,0,0,33,0
49,13,0,0,50,1
64,13,15024,0,35,1
49,4,0,0,40,0
34,9,0,0,55,1
25,9,0,0,40,0
44,9,0,0,45,1
56,9,0,0,40,0
23,7,0,0,38,0
25,6,0,1602,40,0
30,13,0,0,99,0
41,9,0,0,40,0
51,7,0,0,40,0
32,9,0,0,45,0
22,3,0,0,40,0
44,14,0,0,40,1
49,11,0,0,25,0
51,9,3411,0,38,0
54,13,0,1340,40,0
35,10,0,0,40,0
46,9,0,0,15,0
54,13,0,0,25,1
42,9,0,0,40,1
36,11,0,0,38,0
40,7,0,0,52,0
35,13,0,0,50,0
18,7,0,0,5,0
40,10,0,0,45,0
37,9,0,0,46,1
46,13,0,0,40,1
67,10,10605,0,10,1
20,11,0,0,40,0
41,9,0,0,50,0
37,14,0,0,40,0
51,13,0,0,60,1
45,9,0,0,40,1
24,9,0,0,40,0
65,9,0,0,20,0
20,10,0,0,20,0
32,9,0,0,50,0
59,10,0,0,50,1
18,10,0,0,20,0
23,13,0,0,40,0
38,9,0,0,40,0
40,12,0,0,40,0
33,9,0,0,40,0
27,11,0,0,38,0
38,13,15020,0,45,1
34,9,0,0,40,0
22,13,0,0,10,0
30,10,0,0,40,0
29,9,0,0,40,1
38,10,0,0,41,0
44,12,0,0,54,1
36,9,0,0,70,0
61,6,0,0,40,0
47,9,0,0,40,1
63,9,0,2205,40,0
35,9,0,0,40,0
47,9,0,0,40,0
26,10,0,0,65,0
24,4,2580,0,40,0
54,9,0,0,30,0
28,10,3887,0,40,0
68,9,0,0,12,0
47,14,0,0,45,0
35,10,0,0,40,0
47,10,0,0,40,0
20,9,0,0,30,0
62,4,0,0,5,0
51,14,0,1902,60,1
48,9,0,0,44,0
24,10,0,0,10,0
22,10,0,0,11,0
47,10,0,0,40,0
50,15,0,0,52,1
37,9,0,0,50,0
23,11,0,0,40,0
55,6,99999,0,40,1
31,9,0,0,40,1
33,9,0,0,50,1
53,9,0,0,40,0
48,9,0,0,35,0
43,13,0,0,40,0
24,9,0,0,40,0
27,13,0,0,45,1
38,9,0,0,40,0
35,16,7298,0,40,1
47,9,0,0,40,0
42,13,0,1902,80,1
33,9,0,0,45,0
35,13,0,0,50,0
41,9,0,0,72,1
23,10,0,0,30,0
53,9,0,0,40,1
33,5,0,0,50,0
42,9,0,0,40,0
32,13,0,0,50,1
36,13,3674,0,40,0
23,13,0,0,36,0
59,9,0,0,40,0
39,7,0,0,40,0
28,9,0,0,40,0
29,10,0,0,60,0
23,10,0,0,30,0
45,9,0,0,40,0
40,14,7298,0,35,1
57,15,0,0,55,1
21,10,0,0,40,0
43,9,0,0,45,1
26,9,0,0,40,0
24,12,0,0,40,0
29,10,0,0,60,0
21,10,0,0,40,0
50,9,0,0,40,1
22,8,0,0,50,0
23,14,0,0,36,0
27,11,10520,0,65,1
46,11,0,0,40,0
39,9,0,0,28,0
28,13,0,0,40,0
65,9,0,0,40,0
55,9,0,0,40,0
58,13,0,0,20,0
48,9,0,0,40,0
27,9,0,0,45,1
44,9,0,0,40,1
24,13,0,0,48,0
28,9,0,1672,50,0
63,9,0,0,72,0
30,7,0,0,45,1
47,13,15024,0,50,1
25,13,0,0,40,0
65,11,0,0,56,1
21,9,0,0,35,0
42,10,0,0,40,0
42,4,0,0,40,0
68,4,0,0,40,0
50,12,0,0,50,1
40,9,0,0,32,0
47,14,0,1977,41,1
40,7,0,0,20,0
22,10,0,0,48,1
42,6,0,0,40,0
65,9,0,0,20,0
27,11,0,0,40,0
50,14,0,0,80,1
65,11,0,0,15,0
46,9,0,0,60,0
20,9,0,0,40,0
47,9,0,0,52,0
19,10,0,0,38,0
48,9,0,0,25,0
28,13,0,0,45,0
40,10,0,0,17,1
36,13,0,0,32,0
29,6,5013,0,40,0
53,5,0,0,40,0
51,9,0,0,30,0
28,9,0,0,40,0
39,10,0,0,40,0
30,7,0,0,40,0
38,9,0,0,45,0
46,9,0,1672,50,0
56,16,0,1669,38,0
17,7,0,0,8,0
30,12,0,0,40,0
38,13,0,0,99,0
57,14,99999,0,40,1
21,9,0,0,30,0
19,10,0,0,40,0
28,9,0,0,40,0
62,12,0,0,50,0
48,9,0,2001,40,0
25,9,0,0,40,0
39,14,0,0,40,0
37,13,0,0,50,1
41,9,0,0,40,0
19,10,0,0,40,0
25,10,0,0,40,0
17,7,0,0,17,0
17,6,0,0,40,0
65,16,0,0,40,1
20,10,0,0,4,0
33,7,0,0,50,0
23,11,0,0,40,0
24,10,0,0,54,0
39,9,0,0,40,0
17,6,0,0,30,0
38,9,0,0,40,0
51,2,0,0,35,0
30,13,0,0,40,1
54,13,0,0,60,0
50,9,0,0,48,1
35,10,0,0,40,0
36,13,0,0,45,1
35,13,0,0,55,0
39,9,0,0,42,0
52,3,0,0,15,0
40,13,0,0,50,0
50,13,0,1902,40,1
37,9,0,0,40,0
44,14,0,0,48,0
69,15,0,0,5,0
45,13,0,0,40,0
29,11,0,0,44,1
65,10,0,0,40,0
37,9,0,0,40,0
27,13,0,1887,45,1
43,11,0,0,40,0
44,9,0,0,40,1
21,10,0,0,75,0
45,11,0,0,40,1
51,9,0,0,32,0
36,9,0,0,40,0
22,7,0,0,50,0
29,9,0,0,40,0
22,6,0,0,30,0
54,14,4386,0,45,1
50,7,0,0,70,1
24,9,0,1974,40,0
29,15,0,0,55,0
60,9,0,0,40,0
55,14,0,0,35,0
50,9,0,0,40,1
47,14,7688,0,40,1
30,9,0,0,40,0
28,10,0,0,20,0
46,15,0,1564,55,1
23,10,0,0,40,0
53,10,0,0,40,0
27,11,0,0,35,0
21,9,0,0,40,0
46,9,0,0,40,0
45,12,0,0,40,1
39,15,0,0,50,0
20,10,0,0,40,0
23,12,0,0,30,0
39,8,0,0,40,0
33,13,1055,0,40,0
19,10,0,0,15,0
35,7,0,0,45,0
32,10,0,0,32,1
27,10,0,0,35,0
45,9,0,0,40,0
47,16,0,0,40,0
45,10,0,0,45,0
50,13,0,2415,20,1
45,13,0,0,40,0
46,9,0,0,40,0
41,13,0,0,75,1
44,13,0,0,45,0
46,9,0,0,40,0
90,6,0,0,40,0
41,9,0,0,40,0
45,13,0,0,50,1
22,10,0,0,25,0
30,9,0,0,40,0
40,12,0,0,50,1
31,12,0,0,45,0
36,7,0,0,40,0
33,12,0,0,20,0
45,10,0,1887,40,1
74,4,0,0,2,0
53,13,0,0,60,1
60,10,0,0,38,0
42,4,0,0,40,0
40,11,0,0,40,0
31,7,0,2001,40,0
41,9,0,0,52,1
52,13,0,0,45,1
55,6,0,0,45,0
36,10,0,0,40,1
30,13,6849,0,60,0
35,9,0,0,40,0
40,15,0,0,50,1
39,13,0,0,40,0
42,14,0,0,45,1
18,6,0,0,30,0
64,9,8614,0,50,1
39,13,0,0,40,0
59,14,0,0,40,0
35,12,0,1887,45,1
23,13,0,0,40,0
20,9,0,0,84,0
20,8,0,0,40,0
51,10,0,0,40,0
32,10,0,0,50,0
27,13,0,0,60,0
40,13,0,0,40,1
39,13,0,1887,60,1
19,9,0,0,40,0
35,13,0,0,32,0
61,9,0,0,40,0
48,10,0,0,45,0
17,6,0,0,40,0
19,7,0,0,25,0
39,10,0,0,60,0
42,9,0,0,50,1
22,9,0,0,40,0
49,15,15024,0,65,1
55,10,0,0,40,0
58,4,0,0,45,0
60,9,0,0,42,0
44,14,0,0,48,0
30,9,0,0,60,0
31,15,0,0,50,0
41,6,0,0,40,1
55,6,0,0,35,0
26,9,0,0,40,0
45,9,0,0,50,1
49,14,0,1755,45,1
57,14,0,0,40,1
30,13,0,0,43,0
30,10,0,0,36,0
25,13,0,0,20,0
39,7,0,0,40,0
22,10,0,0,43,0
49,13,0,0,40,0
38,13,0,1887,50,1
28,10,0,0,63,0
31,11,0,0,50,0
57,13,0,0,40,1
41,9,0,1485,40,0
24,10,0,0,12,0
36,8,0,0,40,0
55,9,0,0,55,0
42,10,0,0,40,1
28,10,0,0,35,1
27,13,0,0,40,0
47,13,0,0,40,1
39,13,0,0,50,1
90,14,20051,0,60,1
42,10,0,0,40,0
42,9,0,0,24,0
66,9,0,0,18,0
44,14,0,0,40,1
34,14,0,2258,50,0
49,15,99999,0,37,1
75,15,0,0,35,0
60,4,0,0,40,1
29,14,0,0,50,0
41,9,0,0,38,0
41,9,0,0,40,0
27,13,0,0,20,0
24,10,0,0,17,0
49,14,0,1902,40,1
23,10,0,0,10,0
48,10,0,0,40,0
61,9,0,0,40,0
42,10,5178,0,40,1
36,9,0,0,40,0
26,10,0,0,25,0
53,13,0,0,40,0
48,13,0,0,40,1
24,13,0,0,40,0
40,12,0,0,40,1
18,7,0,0,10,0
26,9,0,0,40,0
19,9,0,0,15,0
43,10,0,0,40,0
46,15,15024,0,45,1
27,7,0,1902,40,1
50,4,0,0,30,0
33,9,0,0,40,0
23,10,0,0,50,0
21,10,0,0,43,0
64,16,0,0,80,1
29,10,0,1485,60,1
38,9,0,0,40,1
67,9,0,0,20,0
33,9,0,0,40,0
24,13,0,0,20,0
56,10,0,0,40,1
39,9,0,0,45,1
31,13,0,0,50,0
58,9,0,0,45,0
53,2,7688,0,67,1
19,10,0,0,15,0
40,5,0,0,40,0
50,9,0,0,35,0
26,5,0,0,20,0
24,13,0,0,40,0
40,14,0,0,50,1
37,9,0,0,40,0
19,9,0,0,35,0
29,13,0,0,40,0
45,9,0,0,40,0
19,10,0,0,30,0
40,10,0,0,50,0
56,9,0,0,18,0
47,9,0,0,45,0
49,12,0,0,40,0
20,10,0,0,15,0
21,10,0,0,12,0
27,13,0,0,30,0
35,16,0,0,45,1
30,14,0,0,20,0
49,13,0,0,26,1
33,9,0,0,40,0
20,9,0,0,40,0
39,9,0,0,50,1
29,14,0,0,40,0
46,6,0,0,45,0
28,9,0,0,45,1
22,9,0,0,40,0
31,13,0,0,55,0
31,9,0,0,40,0
30,10,0,0,5,1
18,8,0,0,25,0
20,9,0,0,40,0
29,9,0,0,40,0
41,13,0,0,70,0
57,9,0,0,40,0
35,13,0,0,50,1
44,9,0,0,40,0
43,12,0,0,40,0
34,13,0,0,40,0
34,13,0,0,50,1
66,12,5556,0,40,1
25,13,0,0,40,0
51,10,0,2603,40,0
33,9,7298,0,45,1
37,10,0,0,50,0
17,6,0,0,10,0
46,13,7298,0,40,1
32,12,0,0,50,0
33,10,0,0,40,0
29,13,0,0,50,0
50,3,0,0,37,0
47,10,0,0,35,0
26,10,0,0,15,0
44,9,0,0,40,0
45,10,0,0,50,0
22,10,0,0,40,0
44,9,0,0,40,0
34,6,0,0,60,0
36,10,0,0,40,1
28,10,0,0,40,0
51,14,0,0,60,1
57,16,0,0,60,1
73,9,0,0,20,0
38,9,3464,0,40,0
50,14,0,0,40,1
41,9,0,0,40,0
37,10,0,0,40,0
18,7,0,0,25,0
36,13,27828,0,55,1
33,9,0,0,45,0
26,10,0,0,50,0
25,10,0,0,40,0
44,14,0,0,40,0
68,9,0,0,45,0
35,14,0,0,55,1
34,9,0,0,40,1
22,10,0,0,30,0
25,10,0,0,40,0
39,9,0,0,40,1
45,13,15024,0,40,1
44,10,0,0,55,1
31,13,0,0,40,0
41,9,0,0,40,0
46,9,0,1887,40,1
25,10,10520,0,50,1
72,4,0,0,30,0
33,9,0,0,35,0
25,10,0,0,40,0
33,10,0,0,50,0
62,5,0,0,24,0
49,9,0,0,52,1
33,5,0,0,70,0
36,7,0,0,40,0
22,10,0,0,40,0
30,10,0,0,25,1
20,9,0,0,38,0
41,6,0,0,30,0
40,9,0,0,45,1
18,9,0,0,12,0
61,10,0,0,50,1
28,13,0,0,50,1
64,10,0,0,40,0
32,10,0,0,30,0
38,9,0,0,40,0
35,7,0,0,40,0
44,10,0,0,70,1
20,10,0,0,70,0
33,14,0,0,45,0
36,9,0,0,40,1
26,13,0,0,15,0
37,9,0,0,40,0
43,6,0,0,60,0
33,13,0,0,40,1
21,9,0,0,40,0
68,11,25124,0,50,1
38,9,0,0,40,0
32,13,0,1887,55,1
50,14,7298,0,40,1
42,10,0,0,55,1
51,9,0,0,50,0
23,9,0,0,24,0
50,10,7688,0,40,1
39,13,0,0,40,0
27,9,0,0,64,0
63,9,0,0,98,0
38,10,0,0,38,0
27,9,0,0,50,0
35,10,0,0,40,0
35,14,0,0,60,0
28,13,0,0,8,0
20,10,0,0,20,0
43,10,0,0,50,0
58,10,0,0,40,0
28,13,0,0,40,1
42,10,0,0,56,1
25,10,0,0,40,0
40,10,0,0,20,0
22,10,0,0,25,0
44,10,0,0,35,0
40,10,0,0,40,0
48,10,0,0,40,1
50,14,0,0,35,0
38,10,0,0,40,0
18,10,0,0,30,0
21,10,0,0,20,0
57,10,5013,0,50,0
28,13,0,1887,40,1
27,9,0,0,40,0
18,8,0,0,6,0
48,9,0,0,50,0
27,13,0,0,2,0
50,14,0,0,40,0
56,9,0,0,40,0
46,13,7688,0,45,1
57,9,0,0,40,0
27,9,0,0,40,0
90,13,991,0,10,0
28,11,0,0,40,0
34,9,0,0,36,0
33,10,0,1740,40,0
69,15,99999,0,40,1
28,9,0,0,45,0
42,15,0,0,65,1
31,9,0,0,60,0
32,9,0,0,40,0
41,10,0,0,40,0
37,15,15024,0,45,1
28,9,0,0,40,0
35,9,0,0,60,0
17,7,0,0,17,0
23,9,0,0,60,0
26,13,0,0,45,0
60,9,7298,0,40,1
39,16,0,0,40,1
34,11,0,0,40,0
40,10,0,0,40,0
27,13,0,0,50,0
51,16,15024,0,60,1
34,10,0,0,40,1
61,9,0,0,40,1
17,7,0,0,10,0
24,11,0,0,40,0
72,7,0,0,40,0
31,10,0,0,25,0
36,11,0,0,50,1
28,9,0,0,40,0
24,13,0,0,30,0
67,9,0,0,40,1
30,13,0,0,55,1
42,14,0,0,60,1
43,13,0,1887,70,1
63,10,0,0,30,0
44,10,0,0,45,0
72,9,0,0,50,0
24,10,0,0,40,0
39,9,0,0,50,0
74,10,0,0,4,0
32,9,7688,0,40,1
27,13,0,0,9,0
38,13,0,0,42,1
33,7,0,0,7,0
19,10,0,0,35,0
42,12,0,0,40,0
43,16,0,0,50,1
66,13,0,0,99,0
26,13,0,1876,38,0
27,9,0,0,52,0
43,7,0,0,42,0
19,10,0,0,20,0
28,9,0,0,40,0
19,10,0,0,30,0
31,10,0,0,40,0
39,9,0,0,40,0
36,9,0,0,47,0
46,10,0,0,36,0
23,13,0,0,30,0
22,9,0,0,16,0
25,13,0,0,40,0
50,9,0,0,40,0
46,9,4386,0,70,0
59,6,0,0,40,0
41,6,0,0,50,0
26,9,0,0,50,0
40,10,2977,0,35,0
41,11,0,0,80,0
31,13,0,0,30,0
33,9,0,0,40,0
48,12,0,0,45,0
24,12,0,0,15,0
41,16,0,0,40,1
36,13,0,0,35,1
39,3,0,0,40,0
30,10,0,0,32,0
33,9,0,0,40,0
36,10,0,0,40,0
46,9,0,0,30,0
22,10,0,0,30,0
60,9,0,0,40,0
29,13,0,0,40,0
44,11,0,0,20,0
28,10,0,0,40,0
52,11,0,0,40,0
41,11,0,0,40,0
18,9,0,0,20,0
25,10,0,0,40,0
27,13,0,0,40,0
34,13,0,0,30,0
39,9,0,0,35,0
64,10,0,0,40,0
27,13,0,0,35,0
47,9,0,0,32,0
37,13,0,0,60,1
26,7,0,0,40,0
60,9,0,0,50,0
45,10,0,0,40,0
42,10,0,0,20,0
31,10,0,0,35,0
30,13,0,0,20,0
63,4,0,0,40,0
46,9,0,0,50,1
53,2,0,0,50,0
35,10,0,0,40,0
31,9,0,0,35,0
54,13,0,0,50,1
52,16,0,0,40,1
33,12,0,0,50,1
52,13,0,0,50,0
52,11,0,0,40,0
34,13,0,0,40,0
59,10,0,0,40,1
40,9,0,1672,45,0
28,6,0,0,45,0
19,10,0,0,24,0
54,14,0,1977,40,1
36,6,3464,0,40,0
63,4,0,0,40,0
32,13,0,0,40,0
23,10,0,0,12,0
57,15,15024,0,35,1
42,13,0,0,40,1
27,5,0,0,50,0
53,2,0,0,35,0
48,11,0,0,40,0
51,9,0,0,50,0
20,10,0,0,20,0
41,10,0,0,33,0
21,3,0,0,40,0
35,6,0,0,16,0
38,9,0,0,75,0
23,9,0,0,40,0
70,10,0,0,30,0
64,11,0,0,15,0
48,14,99999,0,50,1
51,9,0,0,40,0
21,12,0,0,15,0
67,6,2414,0,80,0
28,5,0,0,40,0
44,9,0,0,40,0
34,9,0,0,40,0
23,9,0,0,40,0
42,13,0,0,60,1
32,13,0,0,45,0
47,9,0,0,40,0
33,13,0,0,40,0
40,9,0,0,35,0
70,13,0,0,40,0
40,9,0,0,40,1
29,10,0,0,40,0
21,9,0,0,40,0
20,10,0,0,30,0
23,10,4101,0,40,0
21,10,0,0,10,0
68,16,0,0,40,0
25,9,0,0,40,0
53,15,0,0,50,0
17,8,0,0,20,0
30,9,0,0,40,0
19,9,0,0,40,0
53,9,0,1876,38,0
60,4,0,0,40,0
34,5,0,0,50,0
43,10,0,0,40,0
62,9,0,0,38,0
43,13,99999,0,60,1
25,13,0,0,40,0
62,14,0,0,2,1
40,13,0,0,40,0
21,9,0,0,50,0
42,13,0,0,45,0
42,9,0,0,24,0
40,13,0,0,45,0
44,9,0,0,40,0
41,15,15024,0,40,1
65,13,0,0,40,0
18,10,0,0,35,0
49,9,14084,0,30,1
52,15,0,0,40,1
58,13,0,0,25,0
46,9,0,0,40,0
48,13,0,0,40,1
21,8,0,0,20,0
22,9,0,0,40,0
42,13,0,0,40,0
21,10,0,0,40,0
44,13,0,0,40,0
49,13,0,0,40,0
39,15,0,2415,50,1
60,13,0,0,35,0
37,9,7688,0,60,1
23,12,0,0,40,0
40,9,0,0,47,0
50,15,99999,0,80,1
21,10,2597,0,45,0
22,10,0,0,17,0
51,9,0,0,35,1
50,14,4650,0,70,0
29,11,0,0,40,0
84,3,0,0,15,0
52,11,0,0,40,0
33,13,0,0,40,0
27,10,0,0,40,0
33,15,0,1977,50,1
29,13,0,0,55,0
21,10,0,0,10,0
29,9,0,0,40,0
32,9,0,0,40,0
47,7,0,1485,58,0
44,10,13550,0,50,1
41,13,0,0,48,1
19,9,0,0,16,0
49,10,15024,0,50,1
38,13,0,0,30,0
41,9,0,0,40,0
54,9,0,0,40,1
17,6,0,0,25,0
56,10,0,0,45,0
54,9,0,0,40,0
55,13,0,0,40,0
23,5,0,0,35,0
34,11,0,0,40,0
59,13,0,0,38,0
31,9,0,0,65,0
33,13,0,0,40,0
30,11,0,0,45,1
33,9,0,0,40,0
29,9,0,0,40,0
80,9,0,0,8,0
46,13,15024,0,40,1
28,10,0,0,70,0
20,10,0,0,48,0
54,11,0,0,50,0
32,9,0,0,40,0
45,9,0,0,38,0
44,9,0,0,60,0
52,15,0,0,70,1
68,9,0,0,40,0
25,9,0,0,25,0
20,10,0,0,15,0
38,9,0,2205,40,0
28,9,0,0,20,0
45,9,0,0,50,0
34,9,0,0,40,0
26,10,0,0,35,0
41,9,0,0,60,0
24,11,0,0,38,0
23,10,0,0,28,0
39,9,0,1590,40,0
51,9,0,0,40,0
58,6,0,0,40,0
28,6,0,0,80,0
26,10,0,0,40,0
58,6,0,1887,40,1
29,9,0,0,40,0
56,8,0,0,40,0
44,13,0,0,40,1
23,13,0,0,40,0
37,9,0,0,40,0
32,9,0,0,50,0
39,9,0,0,40,1
48,6,0,0,40,0
34,9,0,0,60,1
19,10,0,0,40,0
40,9,0,0,12,0
24,9,0,0,40,0
60,10,0,0,40,0
47,16,0,2002,45,0
46,14,0,0,45,1
43,10,0,0,50,0
57,2,0,0,40,0
39,10,0,0,40,0
25,9,0,0,40,0
60,14,0,0,50,1
27,13,0,0,40,0
40,10,0,0,50,1
21,10,0,0,40,0
20,10,0,0,30,0
37,13,0,0,30,0
36,10,0,0,40,0
51,9,0,0,45,0
21,11,0,0,12,0
37,6,0,0,35,0
34,13,0,1977,45,1
37,9,0,0,40,0
38,13,0,0,50,0
25,12,0,0,38,0
39,9,0,0,50,1
39,14,0,1977,20,1
63,9,0,0,30,0
70,13,0,0,7,0
18,8,0,0,20,0
34,14,0,0,40,0
41,9,0,0,30,0
37,10,0,0,40,1
18,7,0,0,20,0
48,12,0,0,44,0
21,11,0,0,36,0
23,6,0,0,40,0
39,9,0,0,54,1
27,9,0,0,40,0
40,9,0,0,40,0
30,10,0,0,40,0
21,10,0,0,20,0
40,10,0,0,40,0
26,9,0,0,30,0
43,13,0,0,45,0
38,13,0,0,40,1
47,9,0,0,30,0
17,7,0,0,40,0
46,13,0,0,50,1
43,10,0,0,40,1
46,10,0,0,40,0
21,9,0,0,35,0
47,12,0,0,40,0
54,3,0,0,40,0
20,10,0,0,25,0
33,9,0,0,40,0
23,10,0,0,32,0
33,6,3418,0,35,0
31,4,0,0,70,0
26,13,0,0,40,0
49,10,0,0,40,0
72,15,0,0,40,1
21,10,0,0,40,0
53,14,0,1564,54,1
37,9,0,0,36,1
63,13,0,0,60,0
40,9,0,0,72,1
54,11,15024,0,38,1
49,10,0,0,60,0
24,12,0,0,40,0
45,9,0,0,40,0
35,9,0,0,35,0
43,9,3908,0,40,0
51,16,0,0,40,1
37,12,0,0,65,1
65,10,0,0,40,0
48,9,0,0,40,0
24,10,0,0,55,0
41,14,0,0,50,1
24,12,0,0,40,0
30,9,5013,0,40,0
40,9,0,0,40,0
49,10,15024,0,50,1
30,10,0,0,8,0
55,9,0,0,50,1
44,9,0,0,70,0
25,9,0,1602,40,0
33,9,0,0,40,0
50,10,0,880,40,0
32,9,0,0,60,0
45,10,0,0,40,0
38,14,10520,0,50,1
33,10,0,0,40,0
37,9,0,0,40,0
52,10,0,0,40,1
38,9,0,0,40,0
27,10,0,0,40,0
34,9,0,0,40,0
44,10,0,0,25,0
62,12,0,0,40,0
49,9,0,0,40,0
53,10,0,0,40,0
50,14,0,0,40,1
22,9,0,0,40,0
22,9,0,0,43,0
36,9,0,0,90,0
42,14,0,0,40,0
52,9,0,0,40,1
25,9,0,0,48,1
32,9,0,0,60,1
49,4,0,0,40,0
44,10,0,0,45,1
18,10,0,0,30,0
28,11,0,0,40,0
35,9,0,0,40,1
55,13,0,0,40,1
56,11,15024,0,40,1
39,13,7298,0,40,1
49,6,0,0,50,0
43,9,0,0,40,0
22,13,0,0,30,0
29,9,0,0,60,0
33,10,0,0,45,0
41,10,0,0,40,1
42,11,0,0,30,0
27,10,0,0,50,0
57,9,0,0,60,1
33,9,0,0,38,0
59,11,0,0,50,1
43,9,0,0,40,1
28,10,0,0,40,0
28,10,7298,0,40,1
53,9,0,0,40,0
49,9,3103,0,45,1
44,9,0,0,40,0
39,13,0,0,40,1
22,10,0,0,40,0
34,9,0,0,65,0
42,13,0,0,40,0
35,13,0,0,40,1
55,10,0,0,40,0
27,9,0,0,40,0
76,9,0,0,20,0
65,9,0,0,25,0
40,11,0,0,60,0
66,14,0,0,40,0
44,9,0,0,45,0
31,13,0,0,40,0
47,9,2885,0,32,0
42,14,0,0,55,1
17,7,0,0,5,0
57,10,0,0,55,0
25,11,0,0,60,0
53,13,13550,0,43,1
63,9,0,0,40,0
36,13,7298,0,50,1
75,10,0,0,8,0
29,13,0,0,50,0
27,9,0,0,40,0
56,7,0,0,49,0
35,9,0,0,40,0
26,9,0,0,50,0
24,10,0,0,20,0
53,9,0,0,10,0
46,5,0,0,25,0
19,10,0,0,10,0
36,13,0,0,55,0
20,9,0,0,40,0
61,10,0,0,35,0
26,9,0,0,40,0
33,12,0,0,40,0
50,14,0,0,40,0
51,16,0,1564,70,1
72,10,0,0,25,0
31,9,0,0,50,0
36,13,0,0,40,0
21,10,0,0,10,0
61,9,0,0,40,0
29,10,0,0,40,0
19,9,0,0,30,0
28,9,0,0,45,1
52,9,4934,0,36,1
32,13,0,0,40,0
27,10,0,0,60,0
40,10,0,0,20,0
45,9,0,0,40,0
29,9,0,0,40,0
32,6,0,0,40,1
53,5,0,0,40,0
43,10,0,0,43,1
71,7,0,0,75,0
34,9,0,0,60,1
31,9,0,0,30,0
20,9,0,0,20,0
47,9,0,0,40,0
19,5,0,0,16,0
33,9,0,0,40,0
34,10,0,0,40,0
22,10,0,0,20,0
41,10,0,0,40,1
38,10,0,0,40,0
23,10,0,0,25,0
30,13,13550,0,45,1
50,13,0,0,50,1
29,10,0,0,40,0
43,14,0,0,30,0
46,9,0,0,40,0
25,12,0,0,40,0
51,11,0,2444,39,1
25,13,0,0,45,1
63,13,0,0,50,1
53,14,0,0,40,1
17,5,1055,0,24,0
60,9,0,0,40,0
26,12,0,0,15,0
67,9,0,0,32,0
46,13,15024,0,55,1
78,9,2329,0,12,0
24,10,0,0,50,0
39,13,0,0,40,0
46,9,0,1672,50,0
19,9,0,0,36,0
58,13,0,0,40,1
40,13,0,0,20,0
46,13,0,0,40,0
35,10,0,0,30,0
52,13,15024,0,55,1
48,9,0,0,32,0
34,7,0,0,30,0
25,9,0,0,8,0
54,9,0,0,42,1
54,9,0,0,40,0
37,9,0,0,60,1
32,9,0,0,45,0
17,7,0,0,16,0
43,10,0,0,40,0
18,9,0,0,22,0
24,9,0,0,37,0
53,10,0,0,40,1
49,13,0,0,50,0
28,9,0,0,40,0
61,4,0,0,56,0
58,4,0,0,40,1
25,9,0,0,40,0
50,13,0,0,60,0
36,9,0,0,40,0
25,7,0,0,40,0
53,10,0,0,22,0
40,15,7688,0,40,1
31,10,0,1579,40,0
18,10,0,0,6,0
28,13,0,0,16,0
28,10,0,0,60,0
40,9,0,0,50,0
25,9,0,0,4,0
34,2,0,0,40,0
62,13,0,0,55,1
55,9,0,0,30,0
22,10,0,0,35,0
55,7,0,0,40,0
20,10,0,0,40,0
32,12,0,0,45,1
38,3,0,0,75,0
26,9,0,0,40,0
25,10,0,0,60,1
64,10,10566,0,35,0
23,10,0,0,30,0
55,3,0,0,40,0
27,13,0,0,20,0
56,10,27828,0,20,1
39,12,0,0,40,0
46,4,0,0,47,0
31,13,0,0,40,0
46,3,0,0,40,0
33,12,0,0,40,0
58,13,0,0,40,0
43,9,0,0,40,0
42,9,0,0,40,0
37,13,0,0,80,1
42,9,0,0,40,1
41,2,0,0,40,0
66,9,0,0,15,0
22,13,0,0,30,0
45,4,0,0,52,0
24,4,2105,0,50,0
54,5,0,0,45,1
33,10,0,0,52,0
28,15,0,0,60,0
53,9,0,0,32,0
25,13,0,0,35,0
38,9,0,0,40,0
29,10,0,0,50,0
75,14,0,0,45,0
24,13,0,0,32,0
30,9,0,0,35,0
57,5,0,0,40,0
37,9,0,0,20,0
36,9,8614,0,45,1
34,13,0,0,40,0
53,9,0,0,30,0
57,5,0,0,40,0
17,6,0,0,15,0
40,7,0,0,37,0
27,9,0,0,60,0
37,10,0,0,40,0
47,10,0,0,40,1
33,2,0,0,24,0
27,9,0,0,40,1
27,9,0,0,50,0
34,9,0,0,45,1
30,10,0,0,40,0
19,9,0,0,45,0
49,13,0,0,40,0
34,10,0,0,45,1
47,14,0,0,6,0
68,9,0,2206,30,0
70,9,0,0,28,0
40,9,0,0,40,0
21,7,0,0,24,0
44,10,0,0,45,0
60,3,0,0,45,0
20,10,0,0,30,0
19,9,0,0,30,0
74,10,0,1648,35,0
19,10,0,0,40,0
57,14,0,0,40,0
31,12,0,0,3,0
26,10,0,0,40,1
32,13,0,0,48,1
43,13,0,0,45,1
63,13,0,0,40,0
43,9,0,0,40,0
29,11,0,0,40,0
25,12,0,0,40,0
32,9,7298,0,40,1
19,7,0,0,30,0
52,9,0,0,40,0
57,9,0,0,50,0
26,13,0,0,42,0
73,9,0,0,40,0
64,6,0,0,40,0
40,10,0,0,50,0
33,13,0,0,50,0
21,10,0,0,40,0
69,13,0,0,40,0
39,15,15024,0,47,1
33,9,0,0,19,0
23,10,0,0,60,1
56,9,0,0,40,0
31,14,0,0,60,0
57,12,0,0,40,0
32,11,0,0,23,0
31,9,0,0,50,0
35,13,0,1977,30,1
63,14,0,0,48,0
40,14,0,0,50,1
30,13,2407,0,40,0
35,14,0,0,45,1
57,10,0,0,40,0
25,12,0,0,20,0
21,7,0,0,40,0
20,10,0,0,40,0
42,9,0,0,53,0
26,13,0,2339,55,0
34,9,0,0,20,0
21,9,0,0,35,0
51,9,0,0,40,0
43,10,0,0,20,0
18,9,0,0,40,0
38,7,0,0,40,0
18,6,0,0,20,0
37,9,0,0,50,0
48,4,0,0,40,0
17,7,0,0,20,0
41,13,0,0,40,0
64,10,0,0,24,0
47,9,0,0,45,1
30,9,0,0,40,0
24,9,0,0,40,0
31,9,0,0,45,0
33,9,0,0,60,1
24,10,0,0,60,0
51,9,7298,0,48,1
33,13,0,0,60,1
18,9,0,0,40,0
19,10,0,0,50,0
19,9,0,0,15,0
48,11,0,0,50,0
24,7,0,0,40,0
30,13,0,0,40,1
27,10,0,0,22,0
23,9,0,0,60,0
54,13,0,0,40,0
52,9,0,0,40,0
32,10,0,0,38,0
61,6,0,0,50,1
53,9,0,0,20,0
38,15,0,0,30,0
60,9,0,0,50,0
32,10,0,0,40,0
45,9,0,0,40,0
29,9,0,0,40,0
51,13,0,0,50,1
29,13,0,0,50,1
58,10,0,1887,40,1
54,10,0,0,40,1
34,9,0,0,35,0
39,10,0,0,40,0
37,9,0,0,30,1
41,13,0,0,40,0
41,10,0,0,36,0
41,14,0,0,35,0
32,9,0,1485,48,0
51,9,0,0,50,0
41,14,0,0,40,0
86,14,0,0,40,0
22,10,0,0,40,0
27,10,0,0,20,0
29,10,0,0,35,0
37,9,0,0,40,1
31,9,0,0,40,0
32,9,0,0,40,1
40,10,0,0,40,0
44,9,0,0,41,0
31,9,0,0,15,0
28,10,0,0,45,0
36,9,0,0,40,0
69,11,0,0,25,0
34,10,0,0,40,0
30,9,0,0,45,0
40,11,0,0,40,0
57,9,0,0,60,1
36,16,0,0,45,1
20,10,0,0,40,0
32,10,0,0,40,0
32,14,0,0,40,0
37,9,0,0,40,0
37,13,0,1977,40,1
17,7,0,1719,18,0
41,10,0,0,43,0
44,13,0,0,50,0
42,13,0,0,40,1
49,10,0,0,50,1
41,13,0,0,56,1
23,9,0,0,38,0
66,10,0,1258,20,0
37,9,0,0,40,0
31,9,0,0,40,0
64,12,0,0,30,0
49,9,0,0,20,0
23,10,0,0,40,0
17,6,0,0,20,0
23,13,0,0,40,0
29,10,0,0,45,0
31,12,0,0,40,0
23,7,14344,0,40,1
23,10,0,0,60,0
36,9,0,0,35,0
56,10,0,0,40,0
46,14,0,1902,45,1
45,9,0,0,40,0
36,14,0,0,40,1
32,10,3464,0,40,0
30,11,0,0,48,0
49,5,0,0,40,0
21,12,0,0,35,0
60,12,0,0,35,1
48,10,0,0,32,0
56,7,0,0,40,0
60,15,0,0,70,1
35,13,0,0,50,0
19,9,0,0,35,0
58,9,0,0,40,0
56,9,0,0,40,0
31,10,0,0,50,1
53,8,0,0,40,0
53,6,0,0,48,0
42,9,0,1887,40,1
41,10,0,0,15,0
49,13,0,0,40,1
31,10,0,0,35,0
56,9,0,0,41,0
45,13,0,0,77,0
54,9,0,1848,40,1
32,13,0,0,60,1
26,13,0,0,80,0
17,6,0,0,30,0
49,4,0,0,35,0
38,13,7688,0,40,1
42,9,0,1579,42,0
34,13,0,0,27,0
38,13,15024,0,70,1
42,9,0,0,40,0
47,10,0,0,40,0
17,7,0,0,20,0
43,10,7298,0,50,1
20,10,0,0,35,0
43,9,0,0,40,0
36,10,0,0,35,0
31,10,0,0,40,1
22,9,0,0,40,0
42,13,0,0,60,0
27,9,0,0,40,0
68,10,2346,0,40,0
20,10,0,0,30,0
32,9,5013,0,55,0
54,13,7688,0,40,1
18,9,1055,0,30,0
32,14,0,0,60,0
43,9,2829,0,60,0
48,11,0,0,70,1
37,9,0,0,35,0
71,4,0,0,16,0
25,12,0,0,40,0
55,13,0,0,40,1
27,13,4101,0,40,0
50,9,0,1980,40,0
50,13,0,0,40,1
37,10,5178,0,75,1
25,13,0,0,35,0
29,13,0,0,40,0
31,10,0,0,70,0
65,6,0,0,40,0
50,13,15024,0,40,1
29,11,0,0,40,0
48,13,0,0,35,1
19,10,0,0,25,0
27,14,0,0,37,0
51,13,0,0,40,0
37,8,0,0,33,0
72,10,0,0,40,0
58,9,0,0,45,0
21,10,0,0,40,0
34,10,0,0,18,0
35,14,0,0,40,0
42,13,0,0,30,0
46,13,0,1902,42,1
43,9,0,0,40,0
46,10,3137,0,40,0
28,10,0,0,55,0
26,10,0,0,40,0
42,9,0,0,50,0
49,9,0,0,40,0
41,14,0,0,60,1
53,9,0,0,40,0
38,9,0,0,60,0
31,12,0,0,41,0
45,13,0,0,42,0
20,10,0,0,15,0
41,9,0,0,40,0
34,13,0,0,40,0
51,11,0,0,57,0
27,13,0,0,45,0
18,8,0,0,18,0
56,9,0,0,40,0
31,14,0,0,40,1
65,9,0,0,24,0
74,16,0,3683,20,1
33,12,0,0,40,0
70,10,0,0,40,0
40,11,7688,0,44,1
23,13,0,0,24,0
43,15,0,0,35,1
30,4,0,0,42,0
65,10,0,2174,10,1
59,11,0,0,35,1
42,9,3325,0,40,0
51,10,3908,0,40,0
53,13,0,0,40,0
26,9,0,0,40,0
42,9,0,0,50,0
58,11,0,0,40,1
35,13,0,0,45,1
40,9,0,0,40,0
50,13,0,0,40,0
44,13,0,0,90,0
22,9,0,0,40,0
52,9,0,0,40,0
26,9,0,0,37,0
21,11,0,0,50,0
66,5,0,0,40,0
22,10,0,0,40,0
43,15,99999,0,40,1
47,10,0,0,40,0
57,4,0,0,40,0
48,16,7688,0,55,1
43,9,0,0,45,0
47,13,15024,0,50,1
32,12,0,0,56,1
29,9,0,0,99,0
62,14,0,0,45,1
47,13,0,0,50,0
24,9,0,0,44,0
47,14,0,0,48,1
18,8,0,0,20,0
64,9,0,0,40,0
17,6,0,0,18,0
24,13,0,0,32,0
55,10,0,0,40,0
21,9,0,0,32,0
30,9,0,0,35,0
42,13,0,0,45,0
47,10,0,0,45,0
51,11,4064,0,55,0
41,11,0,0,10,0
43,14,0,0,43,1
54,13,0,0,40,1
18,7,0,0,40,0
27,12,0,0,40,0
34,14,0,0,40,0
53,10,0,0,30,0
19,10,0,0,10,0
28,6,0,0,48,0
54,13,15024,0,40,1
75,11,0,0,30,0
40,9,0,0,40,0
37,9,0,0,50,1
44,11,7298,0,48,1
31,10,0,0,40,0
26,7,3411,0,40,0
24,7,0,0,40,0
28,9,0,0,40,0
31,13,0,0,40,0
42,13,0,0,55,1
46,10,15024,0,40,1
30,9,0,0,40,0
26,9,0,0,40,0
57,15,99999,0,60,1
28,11,10520,0,50,1
25,14,0,0,20,0
62,16,0,0,40,0
37,10,0,0,40,0
27,13,0,0,40,1
41,12,0,0,50,0
35,13,0,1848,70,1
52,10,0,0,40,1
23,7,0,0,40,0
20,9,0,0,32,0
27,13,0,0,37,0
22,10,0,0,40,0
53,10,0,0,45,0
19,9,0,0,45,0
52,4,0,0,40,0
19,6,0,0,25,0
40,9,0,0,40,0
29,9,0,0,40,0
51,13,0,0,50,1
46,9,0,0,40,0
24,10,0,0,40,0
37,9,0,0,25,0
18,7,0,0,13,0
53,7,0,0,37,0
49,10,0,0,50,0
49,9,0,0,50,1
33,9,0,0,40,0
40,10,0,0,40,0
19,9,0,0,24,0
59,9,0,0,40,1
31,13,0,0,20,0
39,13,0,0,50,0
61,15,0,0,35,1
34,13,0,0,45,1
34,10,0,0,40,0
31,14,0,1564,40,1
50,6,0,0,50,0
46,13,0,0,40,0
54,4,0,0,25,0
33,9,0,0,32,0
26,13,0,0,40,1
59,9,0,0,40,0
31,9,0,0,40,0
45,9,0,0,60,0
26,13,0,0,40,0
46,9,0,0,30,0
33,9,0,0,50,1
35,10,0,0,60,0
45,13,0,0,37,0
33,11,0,0,60,0
26,9,0,0,48,0
29,9,0,0,45,0
28,9,0,0,40,0
30,13,0,0,40,0
34,13,0,0,50,1
27,10,0,0,24,0
20,10,2176,0,20,0
71,9,0,0,20,1
19,10,0,0,25,0
18,7,0,0,35,0
19,10,0,0,30,0
37,13,0,0,40,0
47,5,0,0,50,0
21,10,0,0,15,0
27,9,0,0,40,0
68,13,0,0,30,0
40,15,99999,0,70,1
63,9,0,0,34,0
25,10,0,0,50,0
35,9,0,0,35,0
22,10,0,0,15,0
31,9,0,0,45,0
34,9,0,0,40,0
40,3,4064,0,40,0
61,4,0,0,40,1
24,13,2202,0,30,0
23,10,0,0,20,0
20,10,0,1719,28,0
29,9,0,0,40,0
42,10,0,0,32,0
26,9,0,0,70,0
38,13,0,0,40,0
46,14,0,0,40,1
19,9,0,0,40,0
41,14,0,0,40,1
28,9,0,0,50,0
40,9,0,0,60,0
39,9,0,0,24,0
28,14,0,0,40,0
29,9,0,0,60,0
19,10,0,0,40,0
57,13,0,1887,55,1
36,9,0,0,40,0
47,11,4064,0,40,0
26,11,0,0,55,0
38,10,0,0,40,0
38,10,0,0,55,1
23,12,0,0,40,0
48,10,0,0,20,0
19,10,0,0,40,0
45,13,0,0,40,1
17,6,0,0,20,0
44,9,0,0,39,0
31,13,0,0,50,0
41,9,0,0,55,0
50,3,0,0,34,0
33,10,0,0,35,0
36,10,2463,0,40,0
28,15,0,0,50,0
28,9,0,0,40,0
33,10,0,0,40,0
37,9,0,1669,55,0
38,5,0,0,12,0
23,9,2463,0,40,0
43,9,0,0,40,0
53,6,0,0,99,0
23,4,0,0,25,0
31,4,0,0,40,0
43,9,0,0,40,0
31,11,0,0,30,1
39,13,0,0,20,0
90,10,0,0,40,0
54,6,0,0,40,0
28,9,0,0,30,0
28,9,0,0,40,0
24,10,0,0,40,0
32,9,0,0,40,0
49,9,0,0,40,1
31,10,0,0,80,0
75,16,0,0,20,1
29,12,0,0,40,1
48,10,0,0,45,0
33,9,0,0,38,0
20,9,0,0,20,0
51,9,0,0,50,0
17,6,0,1602,12,0
31,10,0,0,40,0
27,13,0,0,40,0
29,9,0,0,40,0
25,10,0,0,56,1
38,15,0,0,60,1
20,5,0,0,30,0
32,13,0,0,40,1
45,12,0,0,45,1
29,9,0,0,40,0
41,7,0,0,40,0
37,6,0,0,40,0
54,14,7298,0,40,1
29,10,0,0,40,0
34,10,2174,0,40,0
43,9,0,0,55,1
34,9,0,0,40,0
42,3,0,0,38,0
28,3,0,0,40,0
61,9,0,0,6,0
45,14,0,0,40,0
31,10,0,0,60,1
27,10,0,0,40,0
37,9,0,0,40,0
25,10,0,0,80,0
23,9,0,0,30,0
21,8,4508,0,30,0
37,11,0,0,40,0
36,10,0,0,40,0
37,10,0,0,40,0
22,9,0,0,40,0
24,9,0,0,30,0
35,10,0,0,40,0
43,12,0,0,40,0
72,16,0,2392,6,1
65,13,0,0,40,1
24,4,0,0,40,0
25,13,0,0,80,0
52,13,0,0,55,0
42,14,0,2201,60,1
45,12,0,0,40,1
27,10,0,0,40,1
34,9,0,0,40,0
48,8,0,0,40,0
25,10,0,0,30,0
32,13,99999,0,50,1
24,10,0,0,15,0
33,10,7298,0,50,1
37,6,0,0,48,0
24,13,0,0,40,0
26,9,0,0,30,0
40,12,0,0,40,0
24,9,0,1590,40,0
63,13,0,0,40,0
49,16,0,2258,50,1
25,13,0,0,25,0
48,7,0,0,34,0
28,13,0,0,50,0
49,13,0,0,42,1
36,9,0,0,35,0
31,12,0,0,40,0
23,10,0,0,20,0
34,10,0,0,40,0
75,9,2653,0,14,0
27,13,0,0,40,0
21,11,0,0,40,0
25,10,0,0,40,0
67,6,0,0,2,0
42,13,0,0,45,0
44,14,7688,0,55,1
46,9,0,0,40,1
43,10,0,0,55,1
33,10,0,0,40,0
53,10,0,0,40,1
45,9,0,0,40,0
22,9,0,0,25,0
21,10,0,0,20,0
55,13,0,0,40,1
32,15,0,0,60,0
28,9,0,0,40,0
44,10,0,0,40,0
31,9,0,0,91,0
23,13,0,0,50,0
44,10,0,0,40,0
37,9,0,0,80,1
20,10,0,0,20,0
23,9,0,0,40,0
44,10,0,0,40,0
31,9,0,0,43,0
40,9,0,0,40,0
28,9,0,0,40,0
21,13,0,0,20,0
46,10,0,0,50,1
57,9,0,0,40,0
26,6,0,0,35,0
38,13,0,0,40,1
39,9,0,0,30,0
59,9,0,0,40,0
58,9,2174,0,40,0
36,9,0,0,40,0
54,10,0,0,35,0
40,13,0,1977,60,1
43,13,15024,0,45,1
31,9,0,0,40,0
69,5,1424,0,35,0
36,10,0,0,60,1
20,10,0,0,16,0
35,9,0,0,40,0
39,15,0,0,70,1
45,13,0,0,40,1
59,10,0,0,20,1
39,14,0,0,40,0
35,11,0,0,60,0
47,10,0,0,40,0
23,9,0,0,40,0
38,9,0,0,40,0
37,9,0,0,40,0
33,13,0,0,32,1
39,10,0,0,60,0
35,8,0,0,40,0
53,9,0,0,37,0
44,10,0,1902,40,1
71,4,0,0,45,0
44,9,0,0,40,0
33,9,7688,0,48,1
31,9,0,0,40,0
44,9,0,0,40,0
43,9,0,0,40,0
44,9,0,0,68,0
51,9,7688,0,40,1
43,9,0,0,50,0
63,13,7688,0,36,1
43,14,0,0,37,0
28,11,0,0,46,0
19,10,0,0,30,0
31,10,0,0,60,0
17,7,0,0,40,0
18,7,0,0,49,0
67,14,20051,0,60,1
48,13,0,0,40,0
60,9,7298,0,65,1
18,8,0,0,20,0
47,14,0,0,45,1
46,14,0,0,50,1
39,13,0,1977,40,1
40,9,0,0,40,0
23,9,0,0,45,0
46,9,0,0,30,0
51,9,0,0,60,0
53,10,4650,0,40,0
57,9,0,0,78,0
50,9,0,0,40,0
23,10,0,0,60,0
32,9,0,0,48,0
47,10,0,0,40,0
68,6,0,0,90,0
40,9,0,0,50,0
44,8,0,0,40,0
27,10,0,0,40,1
68,10,0,0,20,0
43,9,0,0,40,0
43,11,0,0,50,1
23,9,0,0,40,0
51,10,0,0,40,0
49,11,0,0,40,1
35,13,0,0,40,0
26,6,0,0,40,0
35,9,0,0,25,0
38,13,15024,0,50,1
22,9,0,0,40,0
32,9,0,0,50,0
40,16,0,0,45,0
38,13,0,0,40,0
28,9,2580,0,40,0
19,10,0,0,10,0
76,9,0,0,33,0
37,11,0,0,38,0
21,10,0,0,40,0
50,9,0,0,40,0
44,11,0,0,40,0
25,10,0,0,50,0
51,10,0,0,40,0
32,13,0,0,40,0
28,9,3908,0,40,0
55,13,0,0,40,0
32,10,0,0,60,1
40,16,0,1887,50,1
31,12,0,0,55,1
59,10,0,0,16,1
25,9,0,0,45,0
57,9,0,0,40,0
36,9,0,0,36,0
67,9,0,0,35,0
41,9,0,0,40,0
23,9,0,0,40,0
48,9,7298,0,40,1
38,2,0,0,40,0
40,9,0,0,40,1
31,10,0,0,40,0
26,9,0,0,40,1
42,14,0,1902,40,1
64,13,0,0,40,0
49,4,0,0,40,0
22,3,0,0,30,0
45,9,0,0,40,0
65,9,0,0,40,0
45,14,0,0,50,1
43,10,0,0,40,1
20,9,0,0,45,0
37,10,0,0,40,0
26,9,0,0,40,0
30,11,0,0,40,1
32,9,0,1669,45,0
36,12,0,0,35,0
20,12,0,0,20,0
27,10,0,0,40,0
27,13,0,0,45,0
19,10,0,0,35,0
57,9,0,0,38,0
27,9,0,0,40,0
40,10,7688,0,40,1
25,10,0,0,40,0
35,11,0,0,50,0
30,9,0,0,45,0
41,10,0,0,40,0
51,10,0,0,40,0
37,9,0,0,47,0
35,13,0,0,52,1
35,13,0,0,52,1
32,9,0,0,40,0
23,10,0,0,40,0
28,10,0,0,65,0
19,10,0,0,20,0
32,10,0,0,40,0
59,6,0,1485,40,1
30,9,0,0,40,0
40,9,0,0,32,0
40,12,8614,0,50,1
36,9,0,0,40,0
38,10,0,0,40,0
23,9,0,0,40,0
47,13,0,0,50,0
30,10,0,0,55,0
34,9,0,0,55,0
27,9,0,0,50,1
21,10,0,0,25,0
47,9,0,0,40,1
48,13,0,0,40,1
28,13,0,0,40,0
44,9,0,0,56,0
45,14,1506,0,45,0
35,9,0,0,32,0
37,10,0,0,39,0
27,13,0,0,40,1
40,12,0,0,40,1
22,13,0,0,40,0
32,13,0,0,40,0
51,4,0,0,50,0
38,13,0,0,63,1
28,9,0,0,45,0
60,9,0,0,40,0
31,9,0,0,50,0
34,9,0,0,40,0
20,9,0,0,40,0
48,10,0,0,65,0
71,9,0,0,36,0
45,16,0,0,45,1
18,7,0,0,25,0
40,10,0,0,55,0
36,10,0,0,32,0
53,16,14084,0,50,1
37,9,0,0,60,0
24,9,0,0,45,0
45,15,0,0,60,1
53,9,0,0,50,0
38,13,0,0,50,1
64,5,0,0,40,0
51,12,0,0,25,0
43,10,0,0,40,1
42,15,15024,0,40,1
31,9,0,0,45,1
63,6,0,0,40,0
48,13,0,0,43,0
26,10,0,0,65,0
71,9,0,0,40,0
43,15,15024,0,60,1
61,9,0,0,50,0
64,9,0,0,35,0
18,10,0,0,16,0
40,12,0,0,30,0
35,9,5178,0,40,1
55,14,0,0,50,1
22,13,0,0,40,0
50,16,0,1902,45,1
26,13,0,0,50,0
51,8,0,0,99,0
46,10,0,0,40,0
48,13,0,0,50,1
25,12,0,0,40,0
59,12,0,0,40,1
31,13,0,0,40,0
23,10,0,0,36,0
23,11,0,0,40,0
38,9,0,0,40,1
36,9,0,0,40,0
29,9,0,0,32,0
54,10,7688,0,40,1
65,9,0,0,25,0
37,9,0,0,45,0
17,6,0,0,20,0
54,7,0,0,50,1
21,10,0,0,28,0
30,13,0,0,40,0
61,5,0,0,58,1
64,10,0,0,40,0
29,14,0,0,45,0
45,13,0,0,50,1
53,13,0,1902,55,1
22,10,0,0,35,0
51,7,0,0,40,0
40,10,0,0,40,0
25,12,0,0,40,0
25,9,0,0,24,0
30,13,0,0,20,0
63,16,0,1902,50,1
35,9,0,0,40,0
59,9,0,0,40,1
18,10,0,0,30,0
26,10,0,0,40,0
35,9,2885,0,40,0
27,10,3411,0,40,0
30,13,0,0,40,0
45,9,0,0,40,0
24,10,0,0,20,0
75,13,0,0,6,0
24,11,0,0,50,0
30,11,0,0,49,0
27,13,0,0,45,0
40,9,0,0,40,0
39,9,0,0,38,1
23,13,0,0,27,0
51,9,0,0,50,0
34,5,0,0,40,0
32,9,0,0,35,0
33,11,0,0,40,0
36,10,0,0,55,0
20,7,594,0,20,0
28,9,0,0,50,0
23,9,0,0,40,0
28,10,0,0,30,0
27,9,0,0,42,0
46,14,7688,0,35,1
33,3,0,0,40,0
40,10,0,0,52,0
24,13,0,0,40,0
21,10,0,0,15,0
39,13,0,0,40,0
21,9,0,0,30,0
52,11,0,0,32,0
25,10,3103,0,40,1
52,11,0,0,20,1
60,5,0,0,49,0
29,9,0,0,45,0
30,13,0,0,35,0
69,9,0,0,40,0
46,9,0,0,40,1
29,12,8614,0,40,1
34,13,0,0,40,0
44,14,3908,0,50,0
41,16,0,0,50,1
23,12,0,0,35,0
30,10,0,0,30,0
31,9,0,0,40,0
31,8,0,0,43,0
29,2,0,0,40,0
25,13,0,1092,40,0
40,10,0,0,60,0
34,10,0,0,50,0
40,9,0,0,66,0
30,11,0,0,60,0
44,13,0,0,60,1
38,11,0,0,40,0
37,9,0,0,50,1
32,13,0,1590,40,0
31,10,0,0,45,0
30,8,0,0,40,0
30,13,0,0,65,0
47,8,0,0,40,0
46,14,0,0,40,1
33,10,0,0,40,0
25,13,0,0,38,0
33,9,0,0,42,1
33,13,0,0,45,0
52,10,0,0,40,0
24,9,0,0,25,0
37,6,0,0,35,0
58,9,14344,0,48,1
23,9,0,0,40,0
36,13,0,0,40,0
64,9,0,0,40,0
55,9,0,2246,40,1
25,10,0,0,40,0
30,9,0,0,40,0
37,13,0,0,45,1
21,9,0,0,40,0
27,9,0,0,30,0
40,16,0,0,40,1
23,3,0,0,55,0
17,6,0,0,4,0
18,9,0,0,40,0
43,10,0,0,60,1
41,10,99999,0,50,1
54,10,0,0,50,0
29,11,2174,0,40,0
19,11,0,0,16,0
33,10,0,0,44,0
37,8,0,0,40,0
43,9,0,0,40,0
50,13,0,0,40,1
41,14,0,0,45,1
33,10,0,0,26,0
47,10,0,0,40,0
36,10,0,0,35,1
39,10,0,0,40,0
23,11,0,0,40,0
64,16,0,0,40,1
50,11,0,0,40,0
21,7,0,0,40,0
39,10,0,0,45,0
27,4,0,0,40,0
74,12,0,0,20,0
43,9,0,0,30,0
46,14,0,0,50,1
22,6,0,0,30,0
46,13,0,2415,35,1
53,10,0,2444,45,1
40,6,0,0,35,0
43,10,0,0,17,0
47,16,0,0,50,1
28,9,0,1848,42,1
24,9,0,0,60,1
56,13,0,1902,65,1
43,8,0,1579,40,0
20,9,0,0,36,0
26,4,0,0,40,0
43,13,0,0,21,0
33,10,0,0,20,0
37,9,0,0,55,0
45,8,0,0,40,0
22,9,0,0,25,0
29,10,0,0,25,0
46,10,0,0,45,0
51,4,0,0,40,0
32,9,0,0,40,0
20,10,0,1602,40,0
46,13,0,0,50,1
40,5,0,0,5,0
20,10,0,0,40,0
40,14,0,0,20,0
30,9,0,0,40,0
28,9,0,0,40,0
28,4,0,2179,40,0
36,10,0,0,40,0
45,13,0,0,40,0
45,13,0,0,40,1
33,3,0,0,50,1
26,13,0,0,20,0
35,11,0,0,40,0
65,13,0,0,15,0
43,8,0,0,40,0
44,9,0,0,40,0
40,9,0,0,40,0
58,13,0,0,40,1
23,9,0,0,10,0
46,9,0,0,28,0
51,5,0,0,40,0
43,12,0,0,50,0
37,9,0,0,30,0
19,10,0,0,25,0
49,9,0,0,40,0
20,13,0,0,30,0
30,5,0,0,40,0
41,9,0,0,20,0
21,9,0,0,35,0
39,10,0,0,84,1
48,4,0,0,40,0
18,8,0,0,24,0
50,10,0,0,45,1
41,10,0,3900,40,0
29,7,3418,0,48,0
38,13,0,0,20,0
22,13,0,0,25,0
42,13,5178,0,40,1
23,13,0,0,40,0
36,13,0,0,45,1
42,13,0,0,48,0
48,9,0,0,70,0
39,10,0,0,40,0
43,6,0,0,40,0
38,15,0,2824,45,1
47,16,99999,0,50,1
70,9,0,0,40,0
23,8,0,0,40,0
31,13,0,0,40,0
28,13,15024,0,45,1
55,16,0,0,30,0
27,9,0,0,35,0
40,9,0,0,60,0
29,9,0,0,50,0
26,9,0,0,40,0
41,9,0,0,40,1
54,13,0,0,50,0
28,9,0,0,40,0
60,7,0,0,20,0
39,12,1506,0,40,0
21,10,0,0,50,0
43,9,0,0,68,1
64,10,0,0,40,0
28,6,0,0,40,0
63,7,0,0,12,0
45,10,0,0,45,0
21,10,0,0,12,0
34,9,0,0,40,0
18,5,0,0,15,0
59,10,0,0,52,0
21,10,0,0,40,0
47,14,99999,0,55,1
35,9,0,0,30,0
42,9,0,0,40,0
27,10,0,0,40,0
34,9,0,0,50,0
26,9,2885,0,40,0
42,9,0,0,40,1
19,10,0,0,20,0
59,12,0,0,35,1
65,7,6418,0,35,1
41,9,0,0,40,0
60,9,0,1977,40,1
29,9,0,0,30,0
39,10,0,0,40,0
18,9,0,0,40,0
39,9,0,0,40,0
60,15,0,0,40,1
60,6,0,0,48,0
31,13,0,0,55,0
36,8,0,0,35,0
29,9,0,0,27,0
44,13,0,0,40,1
53,14,0,0,40,1
45,14,0,1977,43,1
18,7,0,0,20,0
29,9,0,0,40,0
34,10,0,0,34,0
35,11,0,0,40,1
63,10,0,0,48,0
21,10,0,0,9,0
35,9,0,0,50,0
25,9,0,0,40,0
45,9,0,0,4,0
35,9,0,0,40,0
22,10,0,0,40,0
23,6,0,0,40,0
45,11,0,0,40,1
28,13,0,1564,50,1
68,9,0,1668,20,0
28,9,0,0,43,0
34,12,0,0,40,0
24,10,0,0,40,0
25,9,0,0,50,0
41,9,0,0,48,0
23,5,0,0,36,0
31,12,0,0,40,0
26,10,0,0,45,1
22,10,0,0,3,0
31,6,0,0,38,0
17,8,0,0,40,0
31,9,0,0,24,0
25,9,0,0,40,0
17,8,0,0,15,0
24,10,0,0,40,0
30,9,0,0,40,0
37,9,0,0,40,0
19,9,0,0,35,0
40,6,0,0,40,1
20,10,0,0,16,0
25,13,0,0,40,0
19,6,0,1602,45,0
50,13,0,0,40,0
28,12,0,0,40,1
40,9,0,0,40,1
29,9,0,0,50,0
58,10,0,0,40,1
34,9,0,0,35,0
35,12,0,0,40,0
48,14,0,0,40,1
20,5,0,0,40,0
30,9,0,0,60,0
21,9,0,0,40,0
53,13,0,0,50,1
41,13,0,1740,20,0
48,12,0,0,30,1
47,13,0,0,35,0
51,12,0,0,55,0
32,9,0,0,40,0
29,9,0,0,30,0
51,15,0,0,40,0
22,9,0,0,30,0
41,10,0,0,50,0
90,4,2653,0,40,0
33,9,0,0,40,0
24,9,0,0,45,0
27,7,0,0,40,0
57,13,0,0,40,1
29,7,0,0,48,0
25,10,0,1504,45,0
57,9,0,0,60,0
77,5,0,0,10,0
29,3,0,0,40,0
27,9,0,0,50,0
25,9,0,0,60,0
73,4,0,0,40,0
39,9,0,0,40,1
35,15,0,0,80,1
31,10,0,0,40,1
46,9,0,0,40,0
29,10,0,0,40,0
48,9,0,0,40,1
26,10,0,0,40,0
36,9,0,0,40,0
35,13,0,0,28,0
17,7,0,0,15,0
44,9,0,0,45,0
17,6,0,0,12,0
39,6,2635,0,40,0
28,10,0,0,26,0
64,13,0,0,8,0
45,14,0,0,50,0
29,7,0,2754,42,0
31,13,0,0,35,0
49,13,0,0,60,1
38,9,0,0,40,0
59,13,0,0,40,0
50,13,0,0,55,1
50,6,0,0,40,0
49,9,0,0,40,0
22,9,0,0,40,0
39,9,0,0,40,0
37,10,0,0,40,0
18,8,0,0,40,0
38,13,0,0,40,0
27,9,0,0,40,0
46,13,0,0,40,1
34,9,0,0,60,0
28,15,2176,0,40,0
28,13,0,0,50,0
45,12,0,0,40,0
29,9,0,0,40,0
28,13,0,1887,40,1
51,9,0,0,40,1
29,9,0,0,55,0
49,9,0,0,40,0
39,10,0,0,39,0
45,13,15024,0,60,1
69,10,0,0,20,0
19,10,0,0,50,0
51,12,0,0,45,1
44,9,0,0,55,0
27,13,0,0,50,0
17,8,0,0,40,0
32,10,0,0,35,0
37,5,0,0,50,1
54,9,0,0,32,0
34,10,7688,0,50,1
22,10,0,0,8,0
44,10,0,0,42,0
36,13,0,0,55,0
40,10,0,1579,40,0
70,10,0,0,34,0
29,9,0,0,40,0
45,11,0,0,32,0
23,13,0,0,30,0
60,7,0,0,40,1
55,9,0,0,55,0
39,13,0,0,45,0
49,9,0,0,50,0
56,10,0,0,35,0
38,10,0,0,40,0
67,16,7896,0,50,1
33,10,0,0,49,0
41,9,0,1848,45,1
45,12,0,0,40,0
35,10,0,0,40,0
60,3,0,0,40,0
21,10,0,0,40,0
50,9,0,0,49,0
26,9,0,0,35,0
31,13,0,0,40,0
49,10,0,1887,40,1
23,13,0,0,40,0
34,9,0,0,40,0
50,7,0,0,40,0
19,9,34095,0,20,0
30,13,0,0,40,0
46,14,0,0,35,1
24,8,0,0,40,0
53,12,0,0,48,0
50,7,0,0,40,0
20,10,0,0,60,0
52,9,0,0,60,0
45,10,0,0,55,0
25,9,0,0,40,0
42,11,0,0,40,1
28,5,4508,0,40,0
24,7,0,0,40,0
56,14,0,0,50,0
54,9,0,0,40,0
48,6,0,0,38,0
48,14,0,0,40,0
23,10,0,0,50,0
39,9,0,0,45,0
19,9,0,0,25,0
32,6,0,0,40,0
51,14,0,0,40,1
38,7,0,0,40,0
52,14,0,0,40,0
90,10,0,0,35,0
48,16,0,0,40,1
27,13,0,0,50,0
85,9,0,0,50,0
30,9,0,0,30,0
59,4,0,0,40,0
52,14,0,0,40,0
46,12,0,0,50,0
75,9,0,0,40,0
53,10,4386,0,40,1
43,10,0,0,40,0
50,9,0,0,60,1
44,14,0,1669,40,0
32,7,0,0,40,0
32,13,0,0,40,1
42,11,0,0,40,0
31,9,0,0,40,0
39,9,0,0,55,0
41,14,7430,0,36,1
33,10,0,0,40,0
40,9,0,0,40,0
41,9,0,0,40,0
27,10,0,0,48,0
62,9,0,0,20,0
53,9,0,0,40,1
37,9,0,0,40,1
47,5,0,0,56,0
47,13,3137,0,40,0
72,10,0,0,35,0
30,7,0,0,19,0
78,4,0,0,40,0
40,15,0,0,45,1
54,9,0,0,42,0
55,11,0,0,40,0
28,10,0,0,24,0
55,3,0,0,50,0
32,10,0,0,20,0
47,13,0,0,50,0
17,7,0,0,20,0
40,10,0,0,60,0
28,9,0,0,60,0
38,10,0,0,38,1
20,10,0,0,56,0
40,9,0,0,40,0
20,9,0,0,40,0
43,13,0,0,60,1
46,13,0,0,40,0
30,13,0,1876,40,0
59,9,0,1887,40,1
19,9,0,0,40,0
48,10,0,0,40,0
32,14,0,2824,55,1
54,10,0,0,30,0
66,10,0,1825,40,1
24,9,0,0,40,0
42,10,0,0,40,0
29,9,0,0,40,0
37,10,7298,0,45,1
39,9,0,0,47,0
63,13,0,0,40,0
36,10,0,0,40,0
20,10,0,0,36,0
20,9,0,0,40,0
28,14,0,0,45,1
19,9,0,0,15,0
17,5,0,0,20,0
26,11,0,0,55,0
26,13,0,0,45,0
19,8,0,0,15,0
43,10,0,0,45,1
46,13,0,0,38,0
39,9,0,0,40,1
44,13,0,0,50,0
28,9,0,0,30,0
64,9,0,0,23,0
73,9,0,0,32,0
44,13,0,0,40,1
41,9,0,0,50,0
64,3,0,0,20,0
19,9,0,0,30,0
21,9,0,0,40,0
43,13,0,0,50,0
35,13,0,0,40,0
54,10,0,0,48,0
19,9,0,0,40,0
17,5,0,0,20,0
50,9,0,0,40,0
21,10,0,0,16,0
21,10,0,0,37,0
67,13,0,0,10,0
24,13,0,0,40,0
65,13,0,0,40,0
62,6,0,0,40,0
48,10,0,0,40,1
25,13,0,0,40,0
18,9,0,0,35,0
34,9,0,0,50,0
31,14,0,0,40,0
46,9,0,0,40,0
63,10,0,0,24,0
54,9,0,0,40,1
55,9,0,0,40,0
29,3,0,0,40,0
39,11,0,0,40,0
40,9,0,0,40,0
42,10,0,0,40,1
45,9,7298,0,60,1
44,13,99999,0,70,1
28,14,0,0,48,0
23,9,0,0,60,0
25,10,0,0,40,0
47,9,0,0,35,0
34,13,0,0,15,0
33,13,0,0,40,0
45,10,0,0,55,0
34,13,0,0,35,0
39,10,0,0,40,0
42,11,0,0,35,0
48,13,0,0,45,1
65,10,0,0,45,0
23,10,0,0,40,0
32,9,0,0,40,0
25,13,0,0,40,0
39,9,0,1977,40,1
59,9,0,0,38,0
38,12,0,0,40,0
62,14,0,0,40,0
41,10,7298,0,42,1
45,14,0,0,45,1
32,10,0,0,35,0
22,10,0,0,40,0
47,9,0,0,40,0
59,9,0,0,40,0
41,11,0,2179,84,0
31,9,0,0,58,0
29,9,0,0,45,0
21,3,0,0,40,0
28,9,0,0,40,0
38,9,0,0,40,0
36,10,0,0,40,0
21,10,0,0,20,0
31,13,0,0,40,1
33,10,0,1740,50,0
41,9,0,0,45,0
17,7,0,0,20,0
32,9,0,0,40,0
19,9,0,0,35,0
24,9,0,0,40,0
37,13,0,0,50,1
50,7,0,0,40,0
23,6,0,0,44,0
25,9,0,0,30,0
48,9,914,0,40,0
24,10,0,0,20,0
36,7,0,0,43,0
40,9,0,0,60,1
37,9,0,1902,45,1
34,11,0,0,40,0
67,10,0,0,40,0
41,9,0,0,40,0
37,9,0,0,37,0
27,10,3908,0,40,0
69,9,1848,0,40,0
61,9,0,0,40,0
44,13,3325,0,40,0
40,14,0,0,40,1
45,13,0,0,45,1
24,13,0,0,40,0
49,14,0,1977,40,1
46,13,0,1848,45,1
35,10,0,0,40,0
30,10,0,0,40,0
31,9,0,0,40,1
27,6,0,0,75,0
38,11,0,0,40,0
28,10,0,0,38,0
31,16,0,1977,70,1
25,9,0,0,50,0
23,9,0,0,7,0
37,9,0,0,40,0
43,10,0,0,40,0
38,11,0,0,50,1
35,9,0,0,30,0
48,8,0,0,50,0
48,13,0,0,44,0
19,9,0,0,30,0
29,9,0,0,60,0
36,9,0,0,64,1
41,9,0,0,27,0
30,9,0,0,40,0
76,10,0,0,8,0
42,10,0,0,40,0
19,8,0,0,30,0
21,10,0,0,40,0
36,6,0,0,40,0
22,10,0,0,20,0
68,9,1409,0,15,0
58,4,0,0,50,0
43,9,0,0,40,0
33,13,0,0,50,0
26,10,0,0,40,0
40,13,0,0,45,0
53,6,0,0,34,0
59,9,0,0,40,1
42,10,0,0,38,0
46,11,0,0,40,0
31,10,0,0,40,1
23,9,0,0,40,0
26,13,0,0,40,0
44,14,0,0,40,1
51,13,0,0,25,0
19,9,0,0,30,0
52,14,0,0,45,1
24,10,0,0,25,0
40,13,0,0,50,1
41,10,0,0,50,0
37,9,0,0,40,0
34,2,0,0,40,0
23,13,0,0,40,0
50,13,0,0,40,1
42,13,0,1564,38,1
35,10,0,0,50,1
39,9,0,0,30,0
25,9,0,0,40,0
28,13,4101,0,60,0
49,14,15024,0,50,1
30,13,0,0,30,0
22,13,14344,0,40,1
35,14,0,0,75,0
44,10,0,0,44,0
19,8,0,0,40,0
22,9,0,0,40,0
42,16,0,0,43,1
38,13,0,0,40,1
22,9,0,0,60,0
56,13,0,0,40,0
27,5,0,0,40,0
17,8,0,0,15,0
27,9,0,0,40,0
48,12,0,0,40,0
25,4,0,0,45,0
52,6,0,0,30,1
50,9,99999,0,35,1
19,10,0,0,40,0
52,1,0,0,40,0
30,12,0,0,40,0
40,13,0,0,55,1
36,14,0,0,40,0
33,9,0,0,40,0
42,10,15024,0,40,1
22,10,0,0,40,0
59,14,0,0,40,0
35,9,0,0,43,0
30,9,0,1602,30,0
55,11,0,1977,50,1
35,9,0,0,40,0
23,3,0,0,40,0
45,13,0,0,40,0
62,11,3411,0,40,0
50,9,0,0,16,0
42,13,0,0,45,1
35,8,0,0,50,0
47,14,0,0,42,0
23,10,0,0,40,0
46,9,0,0,40,0
46,9,0,1902,40,0
55,15,0,0,35,0
25,9,0,0,50,0
64,10,0,0,3,0
24,6,0,0,65,0
29,9,0,0,35,0
18,7,0,0,30,0
27,10,0,0,40,0
43,13,0,0,40,1
26,13,0,0,40,0
38,10,0,0,28,0
35,12,0,0,40,1
33,9,0,0,40,0
19,9,0,0,20,0
44,13,0,0,42,0
32,11,0,0,44,0
34,13,0,0,65,1
21,10,0,0,25,0
51,15,15024,0,60,1
22,10,0,0,50,0
68,9,0,0,40,0
43,9,0,0,35,0
46,9,0,0,40,0
29,9,0,0,35,0
39,14,0,0,50,1
59,14,0,0,50,0
39,6,0,0,45,0
57,9,0,0,40,1
37,5,0,0,30,0
63,13,0,2179,45,0
25,10,0,0,15,0
42,14,0,0,40,1
37,11,7688,0,40,1
50,13,0,0,8,0
25,9,0,0,75,0
21,4,0,0,48,0
38,15,99999,0,50,1
64,10,0,0,8,0
50,9,0,0,40,0
40,10,0,0,50,0
32,9,0,0,50,0
64,9,0,0,15,1
44,9,0,0,45,1
20,9,0,1721,30,0
41,13,0,0,40,0
35,9,0,1887,50,1
21,10,0,0,35,0
50,10,0,0,40,1
23,10,0,0,40,0
30,6,0,0,40,0
27,10,0,0,40,0
26,13,0,0,50,0
25,13,0,0,40,0
30,9,0,0,40,0
38,9,0,0,40,0
45,9,0,0,40,0
24,9,0,0,40,0
32,9,0,0,40,0
22,8,0,0,35,0
46,13,0,0,40,1
42,9,0,0,35,0
34,9,0,0,40,0
42,9,0,0,48,0
37,14,0,0,55,1
41,7,7688,0,40,1
49,4,0,0,70,0
24,7,0,0,40,0
22,10,0,0,42,0
79,4,1409,0,35,0
31,13,4650,0,45,0
35,13,0,0,40,0
26,6,0,0,40,0
46,13,0,0,45,1
33,9,0,0,50,0
37,13,0,0,30,0
23,9,0,0,50,0
62,4,0,0,10,0
48,6,0,0,35,0
31,9,0,0,40,0
23,9,0,0,40,0
17,9,0,0,20,0
42,9,0,0,47,0
31,10,0,0,40,0
32,9,7298,0,40,1
39,9,0,0,25,0
56,14,0,0,40,0
28,9,0,0,40,0
51,10,7298,0,40,1
55,9,0,0,40,1
41,14,0,1848,40,1
58,13,0,0,40,1
68,4,0,0,10,0
38,13,0,0,50,1
65,11,6767,0,60,0
42,16,0,0,45,1
30,10,0,2258,40,0
22,10,0,0,21,0
17,6,0,0,15,0
47,12,15024,0,40,1
21,10,0,0,40,0
29,10,0,0,40,0
63,9,0,0,25,0
36,9,0,0,40,0
21,10,0,0,40,0
53,6,0,0,35,0
30,14,15024,0,60,1
39,9,0,0,60,0
18,14,0,0,60,0
19,5,0,0,60,0
36,11,0,0,40,0
46,9,0,0,50,0
40,14,15024,0,30,1
21,10,0,0,40,0
43,9,0,0,40,0
58,7,0,0,40,0
27,12,4064,0,40,0
55,9,0,0,50,1
30,13,0,0,40,0
49,9,0,0,35,0
52,11,0,1977,45,1
27,9,0,0,40,0
40,10,0,0,38,0
34,13,0,0,45,0
76,13,0,0,30,0
30,9,0,0,50,0
24,10,0,0,40,0
42,13,0,0,50,0
33,10,0,0,40,0
28,9,0,0,48,0
24,13,0,0,40,0
21,9,0,0,40,0
38,13,0,0,84,0
41,10,0,0,48,0
22,9,0,0,40,0
38,10,0,1408,40,0
52,12,0,0,40,1
47,12,0,0,44,0
18,8,0,0,15,0
21,9,0,0,50,0
37,9,0,0,40,1
36,9,0,0,40,0
24,10,0,0,40,0
18,10,0,0,30,0
27,9,0,0,40,0
26,11,0,0,35,0
33,9,0,0,60,0
44,6,4386,0,60,0
32,9,0,0,40,0
52,9,0,0,38,0
25,9,7298,0,84,1
28,13,0,0,40,1
56,13,15024,0,50,1
50,16,15024,0,50,1
46,11,0,0,36,0
20,9,0,0,40,0
29,7,0,0,52,0
25,13,0,1590,35,0
34,10,0,0,45,0
27,11,0,0,50,0
24,10,0,0,40,0
21,9,0,0,30,0
33,9,0,0,40,0
20,10,0,0,5,0
54,10,0,0,45,1
39,14,0,0,55,0
26,12,0,0,45,1
41,9,0,0,40,0
40,9,0,0,50,0
53,9,0,0,20,0
36,10,0,0,50,0
34,12,0,0,50,1
49,16,0,0,60,1
35,9,0,0,40,1
54,11,5013,0,40,0
38,13,0,0,56,0
46,10,0,0,40,0
45,13,0,0,40,0
24,13,0,0,30,0
32,13,7688,0,55,1
62,13,0,0,60,1
31,8,0,0,40,0
43,10,0,0,48,0
62,9,6418,0,40,1
40,14,14084,0,55,1
39,16,0,0,45,1
23,10,0,0,25,0
32,7,0,0,45,0
25,13,0,0,40,0
32,9,99999,0,40,1
41,9,0,0,40,0
37,11,7298,0,40,1
42,13,0,0,40,1
39,9,0,0,40,0
51,13,0,0,50,1
23,10,0,0,30,0
19,9,0,0,25,0
57,9,0,0,40,0
22,10,0,0,72,0
56,7,0,0,40,0
35,9,0,0,40,1
30,10,0,1740,40,0
29,10,0,0,40,1
37,7,0,0,60,0
35,9,0,0,40,0
66,10,0,0,40,1
35,9,8614,0,40,1
23,10,0,0,40,1
32,10,0,0,40,0
73,9,0,0,40,0
37,12,0,0,38,0
48,16,0,0,50,1
42,10,0,0,40,0
19,7,0,2129,55,0
29,10,0,0,45,0
24,12,0,0,22,0
30,14,0,0,40,0
24,9,0,0,45,0
42,9,0,0,40,0
51,7,0,0,40,0
45,11,0,0,40,0
27,6,0,0,40,0
56,9,0,0,55,1
60,13,7688,0,40,1
25,10,0,0,40,0
56,7,0,0,40,0
68,10,20051,0,40,1
45,13,0,0,20,0
41,10,0,0,55,0
20,10,0,0,25,0
23,9,0,0,35,0
55,9,0,0,40,0
45,9,7298,0,40,1
37,9,0,0,45,0
31,8,0,0,40,1
55,13,0,0,40,1
19,9,0,0,20,0
19,10,0,0,20,0
37,9,0,0,40,0
37,13,0,0,55,1
43,14,0,0,38,0
43,9,0,0,48,0
31,10,0,0,40,0
43,9,0,0,45,1
35,10,0,0,50,0
41,7,0,0,40,0
29,10,0,0,40,0
34,14,0,0,40,1
44,9,0,0,50,0
29,9,0,0,40,0
71,6,0,0,8,0
44,10,0,1380,40,0
34,10,0,0,30,0
46,9,0,0,40,1
49,13,1506,0,35,0
21,10,0,0,40,0
51,3,0,0,40,0
29,11,0,0,40,0
36,14,0,1977,50,1
58,6,0,0,40,0
19,10,2036,0,30,0
26,12,0,0,8,0
50,13,0,0,60,1
34,15,0,0,35,1
33,9,0,0,40,0
28,10,0,0,40,1
51,13,0,0,40,1
52,14,0,0,70,0
55,9,0,0,45,1
49,9,0,0,50,1
33,9,0,0,40,0
48,10,0,0,40,0
36,14,0,0,40,0
46,14,0,0,25,0
44,14,14084,0,56,1
30,13,0,0,45,1
24,13,0,0,40,0
26,10,0,0,44,0
17,7,0,0,20,0
23,9,0,0,65,0
65,10,0,0,40,0
23,9,0,0,40,0
35,10,5013,0,70,0
35,10,0,0,40,0
37,11,0,0,48,0
33,10,0,0,25,0
36,9,0,0,45,0
70,9,3432,0,40,0
61,2,0,0,40,0
68,13,0,0,40,1
45,9,0,0,47,1
31,9,0,0,48,0
36,15,0,0,50,0
27,10,0,0,50,0
52,9,0,0,40,0
27,13,0,0,40,0
20,10,0,0,25,0
33,10,0,0,50,0
79,11,0,0,20,1
60,10,0,0,50,0
45,14,7298,0,50,1
47,13,0,0,50,0
50,13,0,0,40,1
40,13,7688,0,66,1
27,11,0,0,40,0
19,10,0,0,25,0
33,9,0,0,35,0
25,9,0,0,40,0
36,9,0,0,45,1
40,16,0,0,40,1
39,13,99999,0,70,1
43,16,99999,0,55,1
61,10,0,0,25,0
36,13,7298,0,36,1
46,14,0,0,43,0
23,10,0,0,25,0
35,9,0,0,40,0
61,15,0,0,50,1
30,13,0,0,70,0
52,10,0,0,40,0
51,10,3103,0,48,1
33,13,0,0,40,0
37,15,0,0,50,1
46,10,0,0,48,0
36,10,0,0,40,0
41,9,0,0,4,0
39,14,0,0,55,1
26,10,0,0,40,0
27,13,0,0,45,0
32,13,0,0,30,0
52,13,0,2824,20,1
40,12,0,0,50,0
45,10,0,0,40,0
50,10,0,0,40,0
76,9,0,0,13,0
35,12,0,0,40,0
67,2,0,0,20,0
48,9,0,0,37,0
41,9,0,0,50,0
51,14,0,0,50,1
32,11,0,0,40,0
58,9,0,0,20,0
48,9,0,0,36,0
29,14,0,0,20,0
30,12,0,1485,37,1
53,9,0,0,40,0
53,13,0,1902,40,1
60,9,0,0,40,1
52,13,0,0,38,0
32,9,0,1590,62,0
47,9,15024,0,40,1
21,9,0,0,45,0
44,13,0,0,40,0
47,13,0,0,40,1
53,4,0,0,56,0
40,9,0,0,40,0
27,13,0,0,50,0
22,10,0,0,25,0
32,11,0,0,40,0
20,9,0,0,40,0
42,9,0,0,15,0
39,13,0,0,40,0
47,9,7688,0,55,1
35,9,0,0,40,0
18,9,0,0,40,0
19,9,0,0,30,0
29,9,0,0,65,0
19,9,0,0,15,0
20,9,0,0,40,0
44,14,0,0,40,0
22,9,0,0,50,0
29,12,0,0,13,0
44,14,0,0,50,1
30,10,0,0,40,1
55,10,0,0,45,0
42,9,0,0,40,0
39,10,0,0,35,1
65,9,2414,0,30,0
54,7,0,0,40,1
34,13,0,0,50,0
50,9,0,0,50,1
34,10,0,0,40,1
28,4,0,0,40,0
70,14,7896,0,50,1
41,11,0,0,35,1
25,9,4416,0,40,0
21,10,0,0,50,0
35,9,0,0,40,0
44,10,0,0,48,0
33,11,0,0,40,1
38,13,0,0,40,1
53,9,0,1740,40,0
38,15,99999,0,70,1
28,10,0,0,60,1
25,10,0,0,40,0
74,14,0,0,10,0
29,9,0,0,40,0
56,9,0,0,55,1
42,9,0,0,40,0
34,14,0,0,40,1
25,9,0,0,40,0
38,13,0,0,40,0
73,8,0,0,18,0
35,10,0,0,40,0
48,9,0,0,60,0
37,11,0,0,30,0
47,11,0,0,40,1
40,14,0,0,55,0
18,7,0,0,20,0
25,10,0,0,40,0
29,12,0,0,40,0
48,14,0,0,35,1
53,9,0,0,40,0
28,9,0,0,40,0
49,9,0,0,35,0
40,10,0,0,45,1
34,10,0,0,52,0
64,16,0,0,25,1
20,9,0,0,35,0
35,13,0,0,45,1
49,9,0,0,50,0
39,13,0,0,40,0
42,13,7298,0,45,1
41,9,0,1887,45,1
43,9,0,0,35,0
59,9,0,0,40,0
49,9,0,0,28,0
23,9,0,0,40,0
18,9,3103,0,40,0
35,9,0,0,48,0
31,9,0,0,40,0
50,10,7688,0,40,1
53,7,0,0,40,0
33,10,0,0,26,0
28,10,0,0,50,0
17,6,0,0,40,0
19,9,0,0,30,0
57,9,15024,0,40,1
37,9,0,1848,65,1
23,10,4650,0,40,0
27,3,0,0,65,0
35,13,5178,0,50,1
42,10,0,0,40,1
18,7,0,0,16,0
26,10,0,0,24,0
67,9,3273,0,16,0
45,9,7298,0,40,1
37,10,0,0,45,0
33,13,0,0,40,0
50,10,0,0,35,0
28,10,0,0,30,0
23,13,0,0,50,0
27,13,0,0,40,0
19,10,0,0,30,0
44,9,0,0,40,0
43,9,0,0,40,0
58,16,0,0,1,1
47,11,0,0,40,1
58,12,0,1740,40,0
46,7,0,0,40,0
28,9,0,0,40,0
33,9,0,0,40,1
28,9,0,0,40,0
18,9,0,0,20,0
30,13,0,0,40,0
29,9,5178,0,40,1
30,9,0,0,40,0
50,8,0,0,40,1
30,11,0,0,38,0
20,10,0,0,40,0
32,7,0,0,40,0
49,4,0,0,35,0
22,10,0,0,24,0
52,9,0,0,40,0
34,13,27828,0,40,1
52,9,7298,0,50,1
36,16,0,0,40,1
42,13,0,0,50,1
17,7,0,0,40,0
45,10,0,0,80,0
33,9,0,0,40,0
49,15,0,0,60,1
32,9,0,0,40,0
51,10,0,0,50,1
37,9,0,1902,45,1
20,10,0,0,30,0
33,9,0,0,40,0
54,13,0,0,45,1
32,10,0,1740,47,0
66,5,0,0,40,0
29,9,0,0,40,0
34,9,0,0,48,0
29,9,0,0,65,0
38,10,0,0,38,0
28,10,0,0,40,0
63,4,0,0,30,0
23,6,0,0,50,0
35,13,0,1887,50,1
58,13,0,0,45,1
39,9,0,0,43,0
47,13,0,0,40,0
31,8,0,0,21,0
18,7,0,0,20,0
50,9,0,0,84,0
34,13,0,0,60,0