age,education,hours-per-week,income
49,13,50,1
32,9,40,1
35,13,40,0
48,10,45,0
23,6,40,0
32,10,40,0
54,9,40,0
47,13,40,0
22,9,40,0
33,13,30,0
59,6,40,0
34,13,40,0
22,7,35,0
61,4,56,0
26,13,20,0
54,14,40,0
20,10,15,0
48,9,40,0
57,9,60,0
47,13,60,1
29,9,40,0
28,10,7,0
35,13,40,1
36,10,40,0
19,9,20,0
28,10,42,0
25,9,45,0
45,6,70,0
34,13,40,1
57,9,40,1
39,9,40,0
29,13,40,1
34,10,50,1
26,12,30,0
42,9,40,0
25,13,40,0
29,10,38,0
30,9,46,0
20,9,40,0
21,10,10,0
36,9,40,0
81,13,50,1
32,9,48,0
78,4,20,0
58,9,10,0
48,9,60,1
40,9,25,0
26,9,60,0
18,10,9,0
61,10,40,1
32,9,40,0
26,13,38,0
36,10,40,0
49,10,40,0
48,9,42,1
59,13,60,0
23,11,40,0
37,11,84,0
67,6,2,0
35,14,45,1
36,13,20,0
20,10,60,0
17,6,30,0
24,12,40,0
24,9,48,0
52,9,38,0
43,15,50,0
32,13,40,0
22,8,50,1
41,12,75,1
49,9,40,1
38,7,45,0
20,10,16,0
59,9,60,0
32,10,40,0
39,13,60,0
56,13,40,0
32,11,40,0
25,13,60,0
29,16,35,1
18,10,37,0
69,9,35,0
27,10,50,0
38,9,50,0
22,10,45,0
29,9,40,0
51,13,40,1
41,13,40,0
70,6,45,0
18,7,40,0
60,12,35,1
29,13,50,0
38,9,50,0
34,13,40,1
37,10,65,0
44,9,70,0
41,13,40,1
34,10,72,0
53,13,40,0
36,13,35,0
47,9,55,1
23,9,40,0
52,13,55,1
54,10,40,1
41,9,40,1
35,9,40,0
66,9,15,0
52,9,40,0
33,11,40,0
24,12,20,0
40,9,45,0
73,9,30,0
26,9,40,0
19,9,40,0
49,13,50,1
25,13,50,0
23,4,40,0
29,9,42,0
63,9,48,0
55,9,50,0
25,13,25,0
45,13,55,1
36,9,70,1
28,9,40,0
34,9,40,0
17,7,30,0
41,11,40,1
34,9,45,0
47,13,50,0
36,9,60,0
37,13,40,1
41,10,40,1
49,5,38,0
39,10,48,0
30,6,40,0
25,12,45,0
50,10,40,1
61,10,40,1
29,9,40,0
51,14,40,0
32,9,40,0
28,11,45,0
43,10,60,1
66,13,40,1
41,10,54,0
45,9,48,1
73,9,40,0
24,13,45,1
43,13,55,0
44,10,50,1
43,10,40,0
29,16,50,1
27,9,40,0
39,10,40,0
38,13,42,1
25,13,44,0
40,13,40,1
65,9,45,0
37,13,40,0
30,9,40,1
33,9,45,1
48,13,40,1
43,13,40,1
51,9,40,0
52,10,60,1
38,9,50,0
52,13,50,0
51,9,81,0
19,10,14,0
51,9,50,0
51,8,99,0
28,13,60,0
19,7,10,0
39,10,40,0
46,13,40,1
38,9,40,1
35,9,40,0
28,11,60,0
50,15,40,1
17,7,30,0
18,9,35,0
29,9,97,0
36,9,40,0
34,6,45,1
39,9,60,0
22,9,45,0
35,13,40,1
46,10,50,0
48,10,40,0
58,9,45,1
53,9,45,0
21,10,40,0
42,10,50,1
32,11,40,0
21,10,40,0
32,9,40,0
26,9,70,0
34,12,55,0
27,5,40,0
61,6,20,0
90,6,40,0
50,9,50,1
43,9,60,0
39,9,40,0
26,12,40,0
74,10,16,0
24,9,40,0
22,9,40,0
38,9,44,1
43,10,55,0
28,13,40,1
40,9,60,0
47,10,40,1
36,9,40,0
24,13,40,0
41,10,48,1
48,15,45,1
34,10,40,0
45,13,35,0
46,9,40,0
58,9,40,0
28,6,30,0
47,11,50,0
32,10,30,0
33,10,58,0
46,9,40,0
37,9,40,0
58,10,20,0
35,10,50,0
34,9,40,1
35,14,45,1
38,9,48,1
24,10,40,0
19,10,15,0
22,9,43,0
33,16,40,0
44,10,45,0
34,10,48,1
48,9,60,0
22,10,12,0
24,11,40,0
19,9,30,0
26,10,40,0
37,9,40,0
36,9,50,0
41,9,27,0
37,9,40,0
67,9,37,1
52,11,50,0
58,9,40,0
46,9,40,0
39,9,50,0
30,10,40,0
35,9,40,1
27,9,38,0
43,7,40,0
18,7,13,0
49,7,40,0
23,12,25,0
43,11,40,0
51,9,42,0
53,9,40,0
49,9,40,0
23,10,25,0
29,9,40,0
44,9,65,1
29,9,40,1
27,10,50,0
43,9,40,0
29,9,40,0
31,13,60,1
55,9,40,0
61,13,40,0
48,13,40,0
35,10,50,0
39,16,45,0
36,9,50,0
36,10,40,0
33,9,40,0
29,9,56,0
37,10,60,0
35,9,40,0
55,6,40,0
54,8,40,0
42,9,40,0
58,9,60,0
17,7,20,0
47,11,38,1
26,9,40,0
42,4,40,0
31,10,40,0
40,13,50,0
31,10,45,0
64,10,40,0
26,10,40,0
37,9,40,0
32,9,60,0
36,10,60,0
60,9,40,0
44,13,40,1
26,10,45,0
24,12,40,0
37,5,70,1
21,10,40,0
25,9,40,0
47,13,40,1
25,10,40,0
22,10,40,0
47,10,47,1
40,9,28,0
18,9,20,0
42,14,50,0
24,13,50,0
19,10,50,0
45,9,40,1
40,14,40,0
39,9,40,1
61,9,52,1
23,13,40,0
50,9,50,1
27,9,40,0
51,14,40,1
25,13,65,0
38,13,50,1
27,10,22,0
31,13,50,1
57,14,40,0
54,10,40,1
38,13,55,0
27,13,9,0
51,12,60,0
30,9,30,0
56,14,16,0
25,14,20,0
60,15,40,1
38,11,40,1
63,13,40,1
26,11,80,0
57,15,60,0
31,9,50,0
20,10,25,0
32,9,60,0
47,14,40,1
37,9,40,0
43,13,40,1
23,13,55,0
58,5,40,0
31,10,40,0
58,10,35,0
37,13,40,0
33,10,52,0
47,9,40,0
25,9,40,0
21,10,20,0
45,13,60,1
45,12,55,0
17,6,10,0
40,6,40,0
40,12,60,0
26,13,40,0
29,13,25,0
39,12,40,0
39,13,35,0
46,15,50,1
57,14,38,1
24,10,24,0
35,9,40,0
22,12,45,0
30,10,55,0
26,9,50,1
51,13,40,1
26,13,58,1
61,6,50,1
39,10,60,0
60,9,40,0
24,10,40,0
44,13,46,1
44,13,50,1
32,9,40,0
61,9,37,0
45,6,40,0
28,9,40,0
24,10,15,0
30,10,30,0
27,13,40,0
34,8,40,0
54,1,60,0
24,9,40,0
61,9,50,0
19,10,32,0
52,2,40,0
25,12,30,0
42,11,40,1
32,9,40,0
40,9,40,0
29,10,40,0
45,10,40,0
36,14,50,1
41,10,16,0
22,9,40,0
22,9,40,0
17,6,35,0
29,9,40,0
47,10,60,0
39,6,40,0
25,9,48,0
35,9,40,0
34,9,40,0
18,6,30,0
67,4,40,0
43,13,40,1
40,10,50,0
66,6,30,0
41,9,40,0
38,14,45,0
29,9,40,0
30,9,40,0
31,9,42,0
32,13,40,1
19,9,45,0
33,5,70,0
29,12,40,0
24,13,43,0
20,9,40,0
40,13,65,1
34,9,40,0
42,5,40,0
37,9,50,0
40,10,60,0
44,9,40,1
28,6,40,0
23,10,40,0
37,9,50,0
43,9,40,0
17,6,30,0
54,7,40,0
20,6,40,0
56,9,50,1
25,9,40,0
37,9,50,0
42,13,60,1
20,9,40,0
28,9,40,0
27,9,45,0
53,11,40,1
47,10,56,1
30,10,60,0
37,9,80,1
30,10,40,1
31,9,60,0
80,9,25,0
48,12,50,1
43,10,45,1
44,13,44,1
22,8,40,0
29,9,40,0
39,11,50,0
46,14,40,0
45,9,40,0
24,10,15,0
32,10,45,0
26,10,40,0
20,10,24,0
25,13,60,0
55,13,40,0
38,9,40,0
54,4,40,1
31,11,40,0
53,9,40,0
56,10,45,1
24,9,40,0
45,14,37,1
30,9,70,0
26,9,40,0
54,13,40,0
29,13,40,1
43,13,40,1
43,13,40,0
22,10,20,0
50,13,40,1
18,7,3,0
47,9,45,0
43,14,40,1
59,7,40,0
25,13,50,0
25,9,50,0
55,9,40,0
45,12,50,1
55,9,45,0
47,14,38,1
31,9,40,0
33,15,42,1
20,9,40,0
33,9,45,0
38,9,40,1
43,9,40,0
20,10,40,0
17,6,20,0
19,9,40,0
58,9,40,0
43,15,50,1
34,9,35,1
37,10,40,0
47,9,56,1
38,15,35,1
38,13,55,1
49,9,50,0
49,14,50,1
17,6,4,0
49,9,40,0
34,9,50,0
49,9,40,0
58,9,45,1
39,13,50,0
24,13,50,0
35,14,50,1
62,11,40,1
18,9,40,0
23,10,35,0
61,16,40,1
55,9,40,0
57,6,40,0
34,9,40,0
35,9,40,0
19,9,30,0
31,10,40,0
30,9,25,0
63,4,30,0
65,9,1,1
37,11,55,0
57,6,43,0
28,10,40,0
28,9,45,0
34,12,60,0
63,10,48,0
46,11,40,1
28,9,60,0
31,13,40,0
76,3,20,0
65,10,40,0
21,11,98,0
21,7,45,0
38,15,99,1
43,13,50,0
45,9,40,0
30,13,18,0
35,10,50,0
32,13,40,0
35,10,50,1
35,9,50,0
19,7,25,0
32,9,80,1
31,10,48,0
59,10,40,0
41,9,40,1
54,12,40,1
53,9,70,0
27,10,60,0
45,13,40,0
42,14,60,1
61,9,48,0
36,6,40,0
24,10,40,0
27,13,41,0
37,5,35,0
43,13,45,1
28,9,40,0
43,13,40,0
31,6,40,0
25,9,40,0
34,9,50,0
31,9,40,0
19,10,30,0
36,9,48,0
28,9,50,0
35,9,40,0
36,3,35,0
43,14,45,0
41,10,60,0
34,10,48,1
18,9,20,0
35,10,58,0
33,14,50,0
31,11,42,0
33,9,40,0
33,9,40,0
46,13,50,1
20,6,50,0
68,10,40,0
26,10,52,1
47,13,40,0
56,9,40,0
46,12,40,0
19,9,40,0
36,9,40,0
23,5,40,0
52,14,45,0
33,9,43,0
24,13,30,0
54,10,45,1
80,4,35,0
57,10,55,0
46,14,35,1
35,13,40,1
41,9,40,0
27,10,40,1
22,7,65,0
48,10,30,0
35,10,50,1
43,10,50,1
39,13,50,0
38,8,40,1
47,9,32,0
36,9,35,0
44,16,40,1
35,9,40,0
33,14,45,1
53,13,44,1
60,14,48,1
31,13,50,0
28,9,40,0
29,9,40,0
59,9,48,0
18,7,20,0
36,9,40,0
54,13,40,1
59,13,38,0
41,13,40,1
29,13,40,0
66,13,12,0
43,14,50,1
35,9,40,1
49,14,45,0
40,12,52,0
64,4,25,0
49,10,46,0
48,7,40,0
38,9,65,0
21,10,35,0
34,11,32,1
31,9,40,0
42,13,40,1
32,11,46,0
52,13,45,1
37,13,35,0
46,9,40,0
50,13,50,0
40,13,40,1
32,10,40,1
19,9,45,0
45,13,45,1
50,10,40,0
33,13,40,0
63,15,30,1
32,13,60,1
24,9,30,0
27,10,24,0
31,9,40,0
28,9,40,0
37,9,70,0
58,6,40,0
40,9,40,1
53,4,35,0
22,10,50,0
33,9,45,0
37,9,40,0
24,10,20,0
55,10,40,1
27,13,40,0
51,10,40,1
57,13,40,0
52,9,45,0
51,10,40,0
19,9,38,0
39,13,50,1
48,6,40,0
56,5,99,0
31,10,45,0
60,9,30,0
25,13,40,0
18,10,15,0
66,15,25,1
26,10,44,0
20,10,25,0
42,10,20,1
35,9,50,0
31,13,50,0
31,10,40,0
56,13,60,0
58,10,50,1
61,4,54,0
46,4,50,0
40,9,50,0
45,14,50,0
52,10,60,0
74,10,20,1
50,9,40,0
21,9,40,0
23,4,35,0
17,7,20,0
28,10,40,1
20,8,40,0
38,6,40,0
51,7,40,1
60,14,40,0
26,9,40,0
64,14,2,0
35,9,60,0
45,9,47,1
18,7,20,0
51,9,40,0
19,9,50,0
56,9,40,1
61,8,40,0
28,10,40,0
62,14,30,1
21,4,40,0
59,10,56,0
27,11,40,0
40,13,46,1
32,7,40,0
58,9,40,0
51,9,40,1
37,9,40,0
23,13,15,0
31,13,60,0
34,12,40,0
17,6,10,0
36,9,50,1
42,9,30,0
52,9,40,0
52,7,40,0
60,9,44,1
36,13,40,0
26,9,50,0
48,9,40,1
46,9,40,0
31,12,40,0
28,13,40,0
51,13,70,1
31,10,40,0
35,9,60,0
40,9,35,0
67,14,99,0
45,10,40,0
34,15,55,1
73,7,8,0
31,9,40,0
24,9,40,0
42,9,40,0
48,12,45,0
34,10,50,1
30,9,40,0
37,9,35,0
33,10,40,0
53,7,40,0
48,4,40,1
65,13,15,0
46,12,40,1
36,9,40,0
33,9,40,0
25,12,30,0
34,9,48,0
62,9,40,1
48,14,50,1
43,9,40,0
39,9,24,0
32,9,40,0
40,10,40,0
37,14,50,1
47,9,60,0
37,9,40,0
52,9,40,0
39,9,50,1
43,14,40,0
23,10,40,0
56,15,16,0
59,10,40,1
24,9,40,0
46,12,40,1
35,9,40,0
30,12,48,0
62,13,20,1
18,9,25,0
40,6,40,0
20,9,40,0
33,13,40,0
39,9,50,0
34,9,50,0
26,10,12,0
34,13,40,0
62,13,55,1
18,7,70,0
17,7,5,0
56,9,40,0
37,9,40,0
59,10,40,1
72,9,30,0
26,9,45,0
25,13,40,0
39,13,45,1
20,10,50,0
41,10,40,0
62,9,38,0
49,9,40,1
22,6,30,0
19,9,25,0
49,13,40,1
30,16,60,0
50,13,50,0
28,10,55,0
48,14,40,1
28,12,40,1
32,13,40,0
37,10,40,1
37,9,40,0
46,15,45,1
55,10,40,0
50,9,60,0
42,16,50,0
27,13,40,0
42,10,50,0
37,13,45,1
19,10,40,0
62,14,70,0
38,12,40,1
40,11,40,1
36,10,42,1
38,13,50,1
56,8,40,1
35,13,40,0
68,16,70,0
36,10,60,1
35,6,40,0
37,13,40,0
67,10,44,0
23,10,40,0
49,4,40,0
39,9,50,0
51,9,40,0
41,11,40,0
32,9,60,1
21,9,40,0
47,13,50,0
32,13,40,1
36,11,60,1
21,10,40,0
59,15,40,1
30,13,45,1
58,13,35,1
23,10,40,0
42,7,45,0
17,8,20,0
47,9,50,1
22,9,35,0
19,9,40,0
40,9,40,0
46,9,40,0
58,5,50,1
39,10,40,1
40,13,40,0
41,9,40,0
69,4,20,0
28,13,40,0
59,9,40,0
20,10,40,0
45,13,55,1
55,13,40,1
31,5,40,0
55,10,56,0
39,14,45,1
28,9,55,0
39,10,43,0
30,10,40,0
40,9,60,0
50,9,47,0
33,12,50,1
55,9,40,0
17,8,15,0
20,10,40,0
59,9,40,1
51,9,40,1
17,6,40,0
37,13,36,1
56,9,50,0
30,10,40,0
45,14,50,1
21,10,40,0
31,9,60,1
26,10,45,0
53,13,40,1
22,10,20,0
51,10,24,0
26,9,48,0
27,9,40,0
28,9,40,0
58,9,36,0
35,9,50,1
39,13,40,0
64,9,16,0
36,9,50,0
26,13,40,0
36,9,40,0
44,10,40,1
52,13,48,1
34,13,50,1
20,10,30,0
45,15,50,1
54,9,40,0
69,9,10,0
23,10,40,0
38,10,55,0
44,4,25,0
37,10,50,0
28,13,50,0
53,11,40,0
58,13,50,1
63,11,40,0
37,13,38,0
60,10,40,1
46,9,45,1
58,14,40,1
36,9,40,0
23,13,55,0
37,11,54,0
61,13,40,1
37,9,40,0
53,13,40,1
27,14,37,0
55,4,41,0
49,10,40,1
28,15,55,0
60,15,40,1
61,7,20,0
49,4,48,0
18,10,40,0
36,12,55,0
45,10,40,1
44,15,50,1
44,10,48,0
30,9,66,0
48,10,40,1
27,13,50,0
47,9,45,1
53,10,40,0
43,10,40,1
45,13,40,1
46,10,40,0
27,9,40,0
38,9,50,0
33,9,40,0
49,10,60,0
52,11,40,1
32,10,38,1
76,4,10,0
33,9,50,0
20,9,30,0
31,9,24,0
24,13,40,0
59,9,40,0
34,10,40,0
46,12,50,0
45,9,60,1
47,13,60,1
29,10,40,0
60,9,40,0
52,7,40,0
41,10,40,0
23,13,40,0
45,14,50,1
48,9,40,0
24,10,40,0
25,13,38,0
46,13,40,1
50,6,40,0
65,13,34,0
22,9,40,0
44,11,40,1
47,15,45,1
18,6,36,0
39,9,40,0
32,13,60,1
23,13,38,0
53,9,40,0
47,14,48,1
25,13,55,0
55,5,25,0
40,9,30,0
35,9,30,0
23,9,35,0
28,13,40,0
39,12,59,0
28,16,18,0
20,12,30,0
30,10,20,0
51,9,60,1
39,13,50,0
47,14,40,0
23,10,40,0
22,10,32,0
23,10,40,0
32,12,50,0
46,13,30,1
28,13,25,0
21,10,40,0
66,14,50,0
67,13,55,0
28,9,40,0
70,3,20,0
60,10,40,0
63,6,40,0
51,9,48,0
22,10,15,0
58,9,50,0
43,13,40,1
42,9,40,0
21,9,40,0
45,10,45,0
43,10,50,0
36,10,44,0
44,9,48,1
44,9,50,1
39,13,40,1
44,11,40,0
38,9,41,0
36,9,40,0
63,9,98,0
55,9,50,1
43,7,40,0
33,9,40,0
43,11,22,0
50,14,30,0
38,10,40,0
35,9,40,0
80,9,20,0
62,13,40,1
44,13,40,1
34,9,50,0
30,13,40,0
51,10,40,1
60,10,40,1
20,9,35,0
41,10,20,0
50,9,40,0
24,7,40,0
61,9,40,0
22,10,35,0
22,10,20,0
27,10,40,0
38,11,50,1
23,12,40,0
51,9,84,1
60,4,48,1
26,10,48,0
47,13,60,1
39,15,55,1
18,7,12,0
50,14,60,1
21,9,40,0
51,10,50,0
42,13,45,1
48,10,40,0
23,8,30,0
50,14,38,0
35,9,40,0
34,13,60,0
33,10,44,0
33,9,40,0
55,9,40,0
38,14,35,1
44,14,40,1
19,9,40,0
57,6,8,0
39,10,40,0
50,16,60,1
40,10,60,0
20,9,40,0
31,9,40,0
44,12,54,1
50,9,40,0
36,9,52,1
51,11,50,1
40,9,45,1
33,6,40,0
21,11,40,0
30,10,40,0
58,6,40,1
29,13,40,0
31,9,48,0
44,11,48,1
54,9,40,1
38,10,75,0
61,15,40,1
42,13,40,1
37,11,40,1
60,9,40,0
26,10,40,0
47,10,40,0
20,10,40,0
54,14,68,1
77,10,40,0
48,9,40,1
39,13,55,0
41,12,40,0
27,9,70,0
70,9,30,0
33,9,40,0
25,9,40,0
34,13,45,0
39,10,40,0
56,9,40,0
36,13,42,1
45,9,40,1
52,11,40,0
24,13,40,0
38,9,40,0
23,9,40,0
32,6,40,0
44,10,40,0
40,13,40,1
20,10,25,0
35,10,40,0
53,9,50,0
51,9,40,0
21,9,40,0
38,9,40,0
66,9,40,0
39,9,40,1
33,9,40,0
56,9,30,0
47,9,45,0
38,13,63,1
17,6,20,0
41,10,40,0
53,3,40,0
21,9,44,0
25,7,40,0
42,9,40,0
64,11,10,0
43,9,40,0
34,10,48,0
19,9,50,0
45,9,40,0
35,13,40,0
45,13,40,1
22,9,35,0
25,13,70,0
29,11,50,0
54,9,20,0
41,11,40,0
55,9,30,1
33,7,50,0
34,6,40,0
38,9,40,0
41,13,40,0
22,9,54,0
33,10,65,0
26,10,20,0
36,11,40,0
26,9,40,0
38,9,60,0
27,10,45,0
48,7,40,0
20,6,40,0
40,13,45,0
45,13,40,0
39,10,40,0
28,13,21,0
36,9,40,0
63,9,45,1
59,14,40,1
39,9,40,0
31,13,40,1
26,13,50,0
34,9,40,0
49,11,25,0
33,10,49,0
34,12,40,1
18,9,20,0
35,10,10,0
43,10,49,1
28,9,40,0
36,9,40,0
32,8,40,0
21,10,50,0
42,9,50,0
32,9,50,0
35,9,40,0
27,13,35,0
32,11,50,1
30,9,40,1
44,10,45,1
31,6,40,0
43,10,40,0
56,10,41,1
42,13,40,0
20,9,43,0
45,14,45,0
67,9,35,0
43,10,40,0
20,5,28,0
50,10,38,0
46,10,10,0
56,9,40,0
28,15,40,0
59,9,40,1
46,15,50,1
60,9,40,0
67,9,60,0
55,9,38,0
41,10,40,0
50,9,60,0
33,10,48,0
35,4,75,0
44,15,40,1
32,10,40,0
44,9,40,0
33,9,40,1
59,6,40,0
49,10,43,0
27,10,40,0
27,9,40,0
49,9,40,1
42,9,45,0
61,9,40,0
19,4,99,0
24,9,35,0
18,7,30,0
66,13,50,1
29,10,45,0
76,5,25,0
26,10,24,0
58,14,40,0
35,9,35,0
51,14,50,1
35,12,40,0
21,9,40,0
29,5,40,0
20,10,40,0
41,9,40,0
40,9,40,0
43,14,45,1
29,13,40,1
49,9,40,0
58,10,40,1
29,10,40,0
43,13,40,0
50,10,40,0
36,9,40,0
48,10,30,1
33,10,45,0
44,13,55,1
39,9,40,1
34,9,50,0
18,8,20,0
54,9,50,0
36,10,60,1
31,9,40,1
51,5,45,0
34,7,40,0
53,13,55,1
84,3,15,0
56,9,90,0
20,7,60,0
31,10,40,0
47,9,50,1
66,10,7,0
43,9,44,0
52,13,60,0
38,9,99,0
42,9,60,0
42,9,40,0
46,14,60,1
53,10,60,0
32,10,40,0
45,9,40,0
52,15,40,1
19,7,20,0
19,10,15,0
59,16,60,1
51,9,50,0
33,9,40,0
34,15,48,1
19,6,39,0
40,9,40,0
25,13,40,0
24,7,39,0
47,16,35,1
20,9,40,0
31,13,50,0
59,14,50,0
27,13,45,1
54,10,40,0
47,9,40,0
57,9,78,0
20,8,40,0
18,9,20,0
43,13,50,0
35,9,70,0
32,11,40,1
20,10,16,0
21,9,40,0
32,9,40,0
40,9,40,0
36,10,56,0
35,14,55,1
46,14,25,0
32,9,60,0
38,12,40,1
49,4,40,0
36,13,40,0
54,9,70,0
50,9,25,0
25,9,40,1
30,13,43,0
24,9,40,0
46,9,40,0
32,13,42,1
31,13,50,1
48,9,15,0
39,6,45,0
41,9,40,0
51,9,55,1
18,7,18,0
45,13,60,1
21,9,60,0
30,11,45,0
60,9,40,1
49,9,40,0
27,9,70,0
35,10,30,0
49,9,45,0
69,3,40,0
49,10,40,1
45,13,30,0
44,6,40,0
35,13,50,1
24,10,40,0
41,9,40,0
27,9,55,0
20,10,25,0
30,9,40,0
22,9,40,0
27,9,40,0
21,10,40,0
32,13,38,0
35,10,50,0
48,11,50,1
48,14,40,1
48,16,45,1
26,9,50,0
24,12,50,0
25,7,40,0
23,10,10,0
35,9,40,0
66,10,24,1
24,9,40,0
48,9,60,0
52,13,40,0
30,13,40,1
28,13,20,0
29,10,40,0
37,5,65,0
68,9,40,0
19,9,40,0
28,6,40,0
49,10,35,0
58,6,40,0
47,9,50,1
48,9,45,0
25,10,40,0
38,13,40,1
26,9,40,0
37,6,55,0
38,9,40,0
58,9,47,0
22,10,30,0
54,9,54,1
26,10,40,0
58,9,20,0
23,9,40,0
26,9,40,0
57,5,40,0
19,9,30,0
27,13,60,0
63,7,12,0
51,10,50,1
56,5,40,0
42,13,45,1
30,10,50,0
57,9,40,0
40,14,70,1
31,9,50,1
30,14,45,1
43,10,40,0
38,13,40,1
37,9,35,0
61,5,40,0
57,13,40,0
22,10,40,0
31,9,40,0
72,10,3,0
38,10,40,1
45,9,40,1
46,13,45,0
66,13,15,1
32,13,45,0
22,10,35,0
31,13,60,1
29,13,40,0
33,13,55,1
25,13,40,1
47,9,45,1
53,9,60,0
24,13,40,0
23,10,45,0
31,4,40,0
48,13,50,1
41,9,40,0
58,10,45,0
35,9,60,0
64,9,40,0
23,10,40,0
44,13,45,0
31,6,40,0
39,9,40,1
26,9,40,0
50,13,40,0
47,10,40,0
19,9,30,0
36,13,60,0
28,11,40,0
37,9,52,1
26,10,50,1
51,10,48,1
47,10,65,1
59,10,50,1
52,10,40,0
50,9,40,1
55,9,65,0
29,13,50,1
20,9,60,0
33,16,60,1
66,10,40,1
62,10,40,1
33,11,40,1
29,10,40,0
64,10,20,0
32,13,40,0
26,9,40,0
44,4,50,0
60,9,45,0
55,10,40,0
42,10,40,0
17,7,20,0
36,7,40,0
79,11,20,1
38,13,40,0
53,9,40,1
43,9,40,0
49,9,40,0
34,9,44,0
22,10,40,0
33,10,40,0
30,13,40,0
28,13,40,0
40,10,35,0
32,14,40,1
47,9,55,0
54,10,45,1
44,9,40,0
35,6,50,0
21,10,25,0
46,16,40,1
73,15,40,0
42,13,40,1
62,4,53,0
27,13,40,0
27,11,45,0
42,6,45,0
38,13,50,1
50,9,40,0
44,13,45,0
72,16,30,0
61,9,40,0
33,10,25,0
61,9,40,1
45,9,40,0
29,9,50,0
21,10,10,0
39,9,40,0
53,9,40,0
35,9,50,0
20,10,15,0
41,10,45,0
20,10,40,0
34,10,65,1
55,14,60,1
35,13,40,0
36,13,40,0
40,10,40,0
34,12,65,0
48,14,55,1
71,4,10,0
25,9,52,0
37,12,45,1
34,9,44,1
59,10,36,1
43,6,25,0
31,10,60,0
57,10,40,1
41,11,40,0
37,9,60,1
23,10,30,0
61,10,20,0
21,9,40,0
34,11,40,0
32,9,40,1
43,8,60,0
35,13,50,0
34,9,40,1
51,14,50,1
34,10,40,0
37,9,40,0
40,10,40,0
49,9,40,0
48,12,50,1
61,14,40,1
22,10,50,0
58,6,40,0
43,9,42,1
51,10,40,0
40,16,40,1
38,9,45,0
26,13,40,0
22,5,40,0
39,7,40,0
35,13,45,1
35,9,40,0
26,9,52,0
59,9,40,0
40,13,60,0
44,10,60,1
36,9,25,1
38,14,40,1
46,13,70,1
28,9,40,0
20,10,40,0
43,13,40,1
39,9,40,1
55,9,53,1
52,9,40,0
44,9,40,1
25,11,40,0
26,13,45,1
29,12,50,0
24,9,50,0
23,13,40,0
44,13,40,1
55,15,60,1
28,9,40,0
38,9,40,0
26,13,40,0
27,9,40,0
51,5,40,0
61,9,20,0
36,10,40,0
33,13,40,1
49,10,50,1
48,13,60,0
58,4,50,0
20,9,70,0
51,10,50,1
63,6,50,0
39,9,40,1
47,9,48,0
34,9,45,0
29,9,48,0
24,9,35,0
27,9,50,0
55,13,40,1
38,9,65,0
25,12,60,0
38,10,60,0
27,9,60,0
62,9,16,0
27,11,38,0
27,13,40,1
36,9,40,0
28,10,40,1
43,11,40,0
60,9,50,1
21,9,42,0
18,9,20,0
37,11,40,0
24,4,60,0
28,10,40,0
60,7,40,0
32,13,50,1
42,13,65,0
18,10,16,0
35,6,60,0
40,13,50,1
59,15,25,0
17,7,30,0
46,13,40,0
39,12,40,0
26,10,40,0
77,10,40,0
64,13,5,0
49,9,40,1
37,6,40,0
24,9,40,0
46,11,40,1
66,9,50,0
25,9,40,0
41,9,40,0
28,9,60,0
32,9,55,1
40,12,25,0
43,7,40,0
19,9,50,0
49,9,56,0
41,13,40,1
40,12,50,1
40,13,40,0
63,13,40,0
22,7,45,0
27,10,40,0
48,9,40,0
33,9,40,0
35,9,42,0
33,11,40,0
27,11,40,0
37,13,15,0
30,9,45,0
35,9,40,0
47,14,40,1
26,10,24,0
74,9,40,1
28,10,40,0
37,10,50,1
26,10,30,0
25,10,50,0
42,12,40,1
37,9,40,0
31,10,65,1
21,9,40,0
30,9,40,0
38,9,40,0
56,9,40,0
45,9,50,0
45,9,50,1
23,7,40,0
19,9,40,0
45,13,40,1
36,13,40,0
55,10,40,0
39,9,40,0
32,13,40,1
26,10,40,0
52,9,40,0
20,10,40,0
37,16,60,0
44,14,44,1
44,10,40,0
45,9,48,0
38,10,60,0
24,13,35,0
63,10,18,1
63,10,20,0
29,9,45,0
24,9,50,0
61,9,40,0
41,13,60,1
30,9,40,0
35,9,70,0
29,9,40,1
17,7,20,0
18,7,20,0
23,13,22,0
41,10,46,1
40,13,40,0
24,7,65,0
54,9,48,1
22,11,60,0
46,13,40,1
50,6,40,0
49,13,50,0
33,10,40,0
49,11,45,1
28,11,40,1
33,7,50,0
36,14,40,1
53,9,40,0
27,11,50,0
29,12,50,1
29,10,30,0
36,13,50,1
21,9,40,0
42,13,40,0
42,10,40,1
79,9,40,0
42,6,40,1
46,9,40,1
33,10,39,0
35,9,50,1
30,9,73,1
38,9,40,1
33,10,56,1
65,9,30,0
26,10,78,0
73,7,15,0
47,4,40,0
52,10,40,1
43,10,20,0
17,6,15,0
42,8,10,0
46,9,40,1
29,9,45,0
25,13,45,1
37,9,40,0
21,10,40,0
54,13,50,1
50,13,55,1
42,9,12,0
44,9,60,0
38,9,40,0
37,13,30,0
24,9,40,0
57,9,40,0
28,9,30,0
21,10,20,0
17,6,30,0
36,12,44,1
20,1,32,0
30,10,40,0
38,10,45,1
37,9,40,0
31,10,40,0
48,6,65,1
56,9,40,0
34,9,40,0
42,9,24,0
28,13,50,0
31,9,75,0
50,4,40,0
52,9,40,1
29,6,80,0
43,10,45,1
35,10,40,0
37,9,50,1
33,9,50,1
32,11,40,0
27,13,60,1
38,13,55,1
48,10,40,1
35,10,46,0
31,9,35,0
49,7,40,0
33,10,80,0
37,9,40,0
33,11,50,0
64,7,40,0
47,9,44,0
38,14,60,1
21,9,36,0
49,10,50,1
42,13,40,0
23,10,30,0
44,10,50,1
36,9,65,0
32,10,40,0
33,9,50,0
39,9,60,0
57,9,50,0
31,9,40,0
42,13,40,1
32,9,60,0
61,5,40,0
26,13,40,0
29,13,40,0
39,9,40,0
56,7,40,0
30,15,60,1
59,9,40,0
21,9,35,0
48,13,40,0
42,9,50,0
37,11,45,0
19,10,22,0
38,13,45,1
28,11,70,1
32,13,50,1
63,9,15,0
53,10,20,0
36,9,40,0
31,9,40,0
35,9,50,0
50,9,40,1
43,10,40,1
63,9,14,0
21,10,15,0
46,9,40,1
26,9,45,0
40,15,45,1
19,9,24,0
47,10,50,0
23,8,40,0
31,14,50,0
37,9,60,0
53,6,40,0
54,9,40,1
57,14,55,1
36,9,45,0
23,9,25,0
36,9,56,0
42,13,21,0
28,9,40,0
24,9,30,0
40,9,40,0
38,9,48,1
64,9,40,0
48,13,60,1
45,13,50,1
36,11,99,0
18,9,30,0
48,9,43,0
50,10,40,0
30,13,40,1
31,10,40,0
32,6,40,0
30,10,40,0
60,5,49,0
39,9,60,1
38,9,44,0
33,12,40,0
31,10,40,0
34,11,40,0
48,9,40,0
29,10,58,0
52,9,48,1
35,13,40,0
25,11,40,0
38,9,60,0
60,9,60,1
40,13,50,1
47,9,60,0
60,10,47,0
34,14,40,0
33,10,4,0
51,13,55,1
46,13,37,0
59,4,85,0
41,13,45,1
19,10,40,0
22,10,40,0
19,10,60,0
37,9,44,1
45,4,65,1
29,13,56,0
45,13,40,1
23,9,24,0
25,8,40,1
23,11,25,0
36,9,50,1
28,9,48,0
27,10,20,0
38,9,40,0
30,7,40,0
51,14,50,1
54,6,60,0
35,11,35,0
36,10,44,0
56,9,40,1
18,9,40,0
18,7,15,0
25,5,40,0
23,10,45,0
38,15,50,0
56,9,48,0
18,7,25,0
40,14,40,1
31,9,35,0
41,9,40,0
28,14,38,1
34,13,50,1
35,10,40,1
43,13,55,1
22,12,45,0
65,9,20,0
43,13,60,0
31,9,91,0
35,9,35,0
53,13,50,1
41,9,40,0
55,10,40,0
64,8,24,0
47,11,40,1
32,11,45,1
54,9,40,0
29,11,60,1
20,14,25,0
29,13,40,0
37,9,40,0
36,9,40,0
55,10,45,0
24,9,40,0
64,9,65,1
29,12,60,0
58,13,40,1
38,13,70,1
26,10,40,0
32,9,40,1
31,9,40,1
23,6,40,0
34,9,30,0
48,10,30,0
49,13,60,1
75,10,30,0
22,9,40,0
37,10,40,0
30,10,40,1
34,13,48,1
57,14,40,1
21,10,15,0
52,9,55,1
19,9,70,0
44,10,40,0
53,12,40,0
23,13,20,0
67,13,10,0
36,9,35,0
50,10,40,0
40,10,42,1
22,9,40,0
45,10,30,0
22,5,40,0
32,4,40,0
27,13,52,0
57,13,50,1
26,9,40,0
42,8,40,0
49,14,40,1
52,14,70,1
48,13,40,0
22,10,50,0
49,7,75,0
46,11,60,0
58,9,45,0
31,13,40,0
43,11,45,0
45,9,50,0
72,6,12,0
31,10,35,1
19,10,20,0
38,9,55,0
56,10,60,0
56,10,50,1
56,9,50,0
20,9,60,0
46,9,44,0
38,9,40,0
45,14,50,0
68,13,30,0
66,11,50,0
57,10,40,1
23,10,25,0
36,10,50,0
56,16,40,1
49,9,46,0
30,13,40,0
52,7,40,0
20,10,15,0
30,9,40,0
52,9,52,1
62,10,40,0
28,13,40,0
42,14,60,1
50,9,40,1
38,5,40,0
28,13,45,0
28,9,35,0
44,11,45,0
58,14,40,1
31,7,40,0
29,13,40,0
18,8,24,0
41,9,45,0
43,10,50,0
47,10,57,1
24,13,40,0
34,10,45,0
26,13,48,1
40,10,20,0
62,9,40,0
19,9,40,0
44,14,38,1
74,15,40,0
55,16,80,1
88,15,40,0
24,11,5,0
54,9,45,0
28,9,50,0
40,14,60,0
34,13,60,0
40,9,70,0
41,11,80,0
23,10,40,0
35,9,40,0
54,10,40,0
25,10,45,0
44,9,41,0
55,9,40,0
25,12,50,1
47,13,70,0
49,7,40,0
40,9,24,0
37,9,40,0
44,13,35,1
26,9,65,0
30,9,41,0
47,9,38,0
24,9,40,0
27,9,40,0
44,13,70,1
25,13,20,0
22,9,41,0
43,14,50,1
33,13,40,0
42,13,60,1
49,13,40,0
31,9,40,0
50,9,40,0
56,13,45,1
42,9,40,0
63,9,30,0
25,10,35,0
28,13,60,0
35,13,20,0
38,14,25,0
38,10,40,1
39,9,50,1
40,9,40,1
29,9,40,0
48,4,40,0
33,10,20,0
38,12,40,0
22,9,40,0
33,9,38,0
24,11,20,0
46,13,40,1
39,9,72,1
27,13,40,0
38,9,40,0
63,2,40,0
36,15,50,1
33,9,40,0
33,9,48,0
23,10,40,0
35,10,40,0
62,9,40,1
28,10,40,1
41,9,60,0
20,10,15,0
47,14,40,1
23,9,40,0
26,9,40,0
46,9,75,1
40,10,40,0
26,12,40,0
30,13,70,1
44,9,40,0
22,6,25,0
31,14,25,0
28,10,40,0
32,9,40,0
52,11,40,0
35,9,45,0
36,10,45,0
60,6,40,0
42,10,33,0
76,9,17,0
44,10,60,0
37,9,40,0
35,13,50,0
48,9,48,0
31,10,40,0
27,10,40,0
38,9,40,0
41,13,40,0
33,9,40,0
23,9,40,0
47,9,85,1
64,16,80,1
38,10,45,0
59,13,37,1
19,10,3,0
60,9,32,0
30,9,45,0
33,6,40,0
51,13,50,1
43,13,55,1
39,9,45,0
49,14,50,1
36,9,40,0
48,10,40,1
30,9,30,0
52,10,40,1
45,10,50,0
30,5,40,0
43,10,50,0
61,5,25,0
58,2,40,0
51,9,50,0
45,13,40,0
64,13,40,1
54,6,40,0
40,9,52,1
46,12,44,1
26,9,40,0
50,9,40,1
32,9,50,0
34,9,45,0
34,9,40,0
40,9,45,0
33,9,40,0
45,13,42,1
32,15,75,1
27,10,40,0
61,10,50,1
25,14,99,1
52,10,40,0
48,11,40,0
35,9,40,0
54,9,40,0
33,9,60,0
55,13,45,1
51,9,40,0
38,10,41,0
57,14,50,1
56,9,40,0
37,13,60,1
44,9,40,0
29,6,40,0
29,9,40,0
26,9,40,0
25,9,40,0
20,9,25,0
59,9,40,0
19,9,40,0
46,13,48,0
43,13,21,0
49,13,60,1
54,9,40,0
18,8,15,0
34,13,14,0
31,13,55,1
36,9,40,0
55,6,60,0
34,4,40,0
39,13,60,0
26,11,40,0
71,16,10,1
59,9,40,0
44,9,68,0
41,10,40,0
29,6,35,1
23,12,20,0
63,9,40,0
37,9,40,1
22,12,15,0
35,10,40,0
45,13,77,0
69,9,40,0
26,10,43,0
47,12,40,0
55,9,50,1
30,10,44,0
49,10,40,0
58,13,45,1
49,9,40,0
17,6,20,0
48,9,65,0
34,12,28,0
31,9,45,0
29,11,50,0
30,13,40,0
45,6,65,0
31,9,40,0
21,9,40,0
51,9,38,0
36,9,40,0
19,6,25,0
43,6,40,0
40,10,60,0
56,13,50,1
44,12,60,1
19,8,28,0
23,10,60,0
60,12,40,1
62,9,40,0
51,9,40,0
49,10,40,0
22,10,40,0
47,10,20,0
21,9,40,0
32,13,44,1
39,10,40,0
33,9,40,0
34,15,40,1
42,9,40,1
50,13,40,1
57,10,25,0
48,14,40,1
28,7,40,0
35,11,40,0
28,12,5,0
26,9,40,0
30,13,40,1
23,10,40,1
37,13,40,0
60,11,40,0
56,4,36,0
44,4,35,0
29,9,40,0
27,9,50,0
50,13,80,0
54,10,32,0
22,11,30,0
42,11,40,0
36,9,85,0
43,9,35,0
24,9,40,0
17,8,12,0
38,9,40,0
36,10,40,0
65,4,25,0
27,9,40,0
17,6,40,0
25,14,55,0
27,13,45,0
50,9,15,0
25,14,30,0
43,9,48,0
55,13,40,1
44,9,40,1
56,13,50,0
21,10,40,0
54,14,40,0
32,9,40,0
27,9,45,0
51,7,40,0
52,9,60,0
34,9,40,1
38,9,24,0
28,7,40,0
50,9,40,1
30,9,42,0
24,9,38,0
48,10,40,1
39,13,45,0
37,9,40,0
23,9,30,0
39,12,48,0
33,10,40,0
57,10,40,0
35,9,50,0
18,9,40,0
50,9,40,1
23,9,40,0
64,4,40,0
24,10,42,0
39,9,50,1
56,4,40,0
25,9,40,0
20,10,20,0
27,9,80,1
36,13,40,0
42,13,40,0
37,13,55,1
18,8,12,0
47,15,50,1
32,9,40,0
53,9,45,0
21,9,40,0
31,16,40,1
22,9,40,0
42,10,50,0
61,9,6,0
35,10,50,0
30,12,50,0
60,14,40,0
33,11,40,0
25,10,40,0
40,11,40,0
52,13,40,1
24,10,40,0
63,13,40,1
26,9,40,0
22,9,35,0
31,9,40,0
41,9,40,0
50,10,40,0
53,14,45,1
29,10,40,0
40,13,45,1
28,10,24,0
62,4,91,0
45,16,45,1
55,9,40,1
82,4,50,0
26,9,36,0
52,9,48,1
49,9,40,0
90,7,40,0
30,10,48,0
38,9,40,0
53,13,60,1
29,13,40,0
27,13,50,1
27,9,40,0
55,5,48,0
23,10,20,0
60,11,20,0
26,10,40,0
63,9,50,1
31,9,45,0
49,14,45,1
28,13,50,1
35,9,62,0
63,13,40,0
30,13,44,0
21,9,40,0
50,13,40,0
35,9,30,0
36,10,40,0
51,13,40,1
45,14,50,1
17,7,25,0
59,9,40,1
22,10,15,0
34,9,70,0
34,14,50,1
21,10,40,0
29,10,60,0
43,10,40,0
66,10,40,0
22,9,40,0
49,10,40,1
31,13,55,0
58,4,24,0
38,9,20,0
60,14,40,0
21,10,40,0
40,9,72,1
52,10,50,0
29,9,55,0
59,9,30,1
47,10,40,0
44,12,40,0
42,9,40,0
30,8,75,0
45,13,38,1
18,7,20,0
28,13,43,0
23,9,40,0
34,11,75,0
30,13,40,0
39,9,55,1
48,9,89,0
34,9,40,1
44,10,40,1
27,15,42,1
33,13,40,1
62,9,40,0
18,7,20,0
51,9,40,0
32,9,50,1
33,10,55,0
49,15,60,1
40,15,40,1
26,10,40,0
27,9,53,0
54,14,40,1
50,9,40,0
34,9,40,0
33,5,40,0
36,13,55,1
57,9,50,0
23,10,40,0
26,10,30,0
65,9,16,0
49,7,60,0
17,6,14,0
44,12,25,0
45,12,40,0
44,10,50,1
42,3,60,0
49,4,99,0
50,9,40,0
41,10,51,0
32,10,40,0
63,14,68,1
31,6,40,0
38,13,50,1
52,9,56,1
45,13,20,0
22,9,50,0
50,6,56,0
21,10,40,0
37,10,40,0
29,13,35,0
48,10,45,1
37,9,40,0
29,13,40,0
29,10,52,0
44,10,58,1
50,14,50,1
28,15,60,0
42,10,38,0
54,13,50,0
76,5,30,0
34,11,60,1
33,9,60,0
20,10,25,0
28,10,40,0
23,10,60,0
26,9,40,0
40,13,40,0
24,9,42,0
52,10,55,0
56,11,40,1
36,10,40,0
50,10,28,0
54,9,40,1
37,9,47,0
47,13,60,0
41,9,40,0
42,14,22,0
70,9,40,0
21,10,35,0
46,15,65,1
27,9,40,0
64,10,4,0
36,14,45,1
25,9,30,0
52,13,60,1
32,9,40,0
24,9,45,0
37,9,40,0
25,9,35,0
44,9,24,0
35,9,40,0
38,9,60,1
53,9,40,0
48,9,40,0
90,9,40,1
44,10,40,0
45,14,35,0
46,14,50,1
31,9,40,1
47,9,45,0
40,11,40,1
42,9,40,0
39,9,40,0
70,6,32,0
21,10,12,0
49,13,40,1
18,8,30,0
47,14,60,1
53,13,50,1
32,11,45,0
34,13,27,0
34,9,40,0
31,9,40,0
66,4,48,0
46,9,54,0
57,6,30,0
76,4,30,0
45,10,40,1
22,10,30,0
31,9,50,0
38,9,40,1
18,9,40,0
55,13,40,0
27,10,40,0
21,12,40,0
22,10,40,0
34,15,55,1
58,9,50,1
49,9,40,0
35,9,40,0
41,13,50,1
48,13,70,1
41,10,44,1
19,10,25,0
37,13,50,1
39,9,40,0
45,11,60,1
37,3,40,0
38,14,40,1
41,13,40,0
26,9,40,0
30,5,40,0
22,9,40,0
38,13,45,1
59,9,65,1
18,9,12,0
30,10,40,0
51,13,50,1
17,6,20,0
56,9,40,1
21,11,40,0
51,13,56,1
32,10,40,1
39,13,40,1
21,10,40,0
22,9,27,0
34,10,50,0
30,13,50,1
44,9,60,1
54,9,40,1
22,7,30,0
25,10,40,1
56,10,40,0
68,6,35,0
36,9,40,0
76,14,40,1
32,12,40,0
33,12,50,0
60,14,60,1
42,9,50,0
33,14,40,1
31,10,40,0
26,9,40,0
50,13,35,0
51,9,45,1
34,13,55,1
40,9,40,0
37,9,40,0
36,10,40,1
41,9,40,0
33,9,40,0
50,9,38,1
32,10,50,0
57,11,40,1
45,10,60,1
34,10,40,0
58,4,40,0
39,9,70,0
64,13,45,1
37,12,68,0
27,12,40,0
31,10,50,0
22,10,35,0
48,10,40,0
45,9,40,0
35,9,40,0
28,9,40,0
51,9,50,1
41,9,40,1
33,9,40,0
48,10,45,0
44,9,60,0
29,10,40,0
44,14,40,1
30,9,40,0
36,13,50,0
57,10,48,1
49,13,45,0
46,13,53,1
25,13,40,0
49,9,40,0
29,10,40,0
24,9,40,0
68,10,15,0
34,10,40,0
25,13,55,1
54,9,40,0
35,10,40,0
17,6,15,0
44,14,40,0
23,9,40,0
45,9,40,0
19,10,40,0
61,6,24,0
41,5,35,0
57,14,20,0
37,15,50,1
34,13,45,0
46,10,48,1
27,15,50,0
42,13,60,0
71,9,36,0
32,10,60,1
42,9,47,0
18,5,20,0
26,9,40,0
23,13,40,0
23,8,40,0
31,4,40,0
39,13,35,1
21,11,30,0
38,14,70,0
37,10,40,0
35,9,40,0
53,9,50,0
42,4,40,0
39,13,60,0
30,11,40,0
20,10,20,0
27,11,40,0
56,13,42,1
42,13,50,1
27,10,60,0
43,9,40,0
18,10,33,0
48,10,60,0
28,9,40,0
23,13,40,0
65,14,28,0
37,7,40,0
28,10,40,0
25,10,60,0
79,13,20,1
48,13,47,0
31,10,40,1
40,13,40,0
56,9,40,1
39,10,25,0
25,5,40,0
19,9,35,0
37,13,46,0
43,10,55,1
34,9,40,1
29,11,40,0
28,9,40,0
41,11,30,0
23,9,40,0
52,9,40,0
44,9,50,0
48,13,55,1
42,12,55,1
30,9,50,0
58,14,50,1
43,9,40,1
30,9,48,0
41,9,40,1
37,9,40,1
27,13,40,0
31,10,40,0
31,13,40,1
34,13,45,1
43,9,40,1
48,12,45,0
30,10,40,0
58,9,50,0
44,11,40,1
34,10,84,1
53,6,40,0
27,10,40,0
41,10,50,1
27,13,40,0
30,7,50,0
40,10,40,0
54,10,40,1
45,16,50,1
19,10,50,0
39,9,40,0
31,13,40,0
35,9,40,0
52,6,41,0
48,11,40,0
41,9,40,1
38,15,45,1
56,6,60,0
50,10,40,0
63,8,40,1
40,9,25,0
55,13,40,1
23,9,44,0
31,7,40,0
41,14,50,1
33,9,35,0
39,9,40,0
50,10,45,0
29,13,50,0
30,13,70,0
47,9,55,1
25,14,40,0
27,5,30,0
32,6,40,0
45,9,45,0
45,16,50,1
51,9,40,0
50,4,40,0
21,7,40,0
17,6,15,0
56,9,50,1
29,9,35,0
42,10,40,0
29,10,40,0
43,13,24,1
42,11,48,0
25,13,40,0
36,15,60,0
34,9,43,1
32,9,54,0
62,9,40,0
32,11,50,1
18,7,15,0
64,10,20,0
19,9,40,0
48,10,40,1
47,9,50,1
64,9,40,0
30,9,70,0
41,13,24,0
33,9,40,0
54,10,40,1
31,9,40,0
43,10,40,0
38,13,50,1
40,11,40,1
37,9,45,0
45,9,40,0
63,9,40,0
36,10,70,0
33,13,40,1
33,12,60,0
40,10,50,1
25,14,40,0
50,10,40,1
33,10,40,0
38,11,50,1
54,4,40,0
52,9,40,1
48,13,45,1
65,4,40,0
17,7,25,0
45,10,40,0
49,4,40,0
30,6,40,0
18,8,30,0
64,11,30,0
40,9,84,0
48,6,70,0
49,9,40,1
51,9,40,0
61,13,10,0
84,10,35,1
22,10,30,0
50,4,40,0
73,10,35,0
37,9,40,0
24,9,45,0
35,11,65,0
20,10,38,0
22,13,40,0
71,4,45,0
35,13,70,0
32,10,40,1
39,9,40,1
22,10,16,0
46,13,40,0
27,9,50,0
35,9,30,0
28,10,65,0
43,11,48,0
34,11,53,0
27,9,40,0
61,15,40,1
20,9,30,0
21,6,36,0
41,9,40,0
37,10,40,0
41,14,45,1
73,10,6,1
26,13,40,0
56,9,35,0
35,10,40,0
41,9,40,0
48,10,40,1
48,10,40,0
40,12,40,1
43,9,40,0
27,9,30,0
32,9,55,0
47,16,40,1
34,9,40,0
35,14,40,1
38,11,40,0
18,10,60,0
54,9,60,0
64,15,16,0
38,10,45,0
30,10,68,0
17,5,6,0
23,9,35,0
19,9,16,0
37,9,45,0
38,11,40,1
45,13,50,0
46,9,50,0
49,14,40,0
32,9,40,0
43,13,40,0
35,13,16,1
29,11,40,0
43,10,45,0
67,4,24,0
29,11,90,0
46,13,55,0
50,10,45,1
40,9,50,1
25,9,26,1
34,10,40,0
26,9,50,0
30,7,40,0
59,9,40,1
57,6,40,0
37,5,40,0
59,10,60,1
36,13,40,1
40,9,40,0
43,9,45,0
25,13,40,0
38,11,50,0
33,9,40,0
29,13,40,0
22,9,48,0
32,16,65,1
28,10,40,1
38,12,60,0
17,6,30,0
32,9,65,0
45,9,40,0
65,10,30,1
29,14,20,0
54,13,40,1
21,10,64,0
37,10,60,1
34,13,40,1
25,13,40,0
30,9,40,0
32,7,45,0
46,9,58,1
49,5,45,0
41,12,40,1
27,6,30,0
42,9,48,1
49,6,40,0
50,11,40,0
63,14,30,0
26,9,60,0
47,13,45,1
23,10,32,0
24,13,40,0
49,6,50,0
52,13,45,1
46,9,50,0
27,13,40,0
29,13,50,1
30,10,40,1
39,9,40,0
57,13,40,0
50,9,45,0
34,9,50,0
37,13,50,1
34,9,40,0
42,9,43,1
41,9,40,0
46,13,44,1
39,13,45,1
33,10,50,1
46,10,44,0
27,13,35,0
40,13,48,0
48,13,80,1
48,13,6,0
30,13,40,0
31,13,38,1
19,10,25,0
20,10,40,0
59,12,35,1
37,7,40,0
29,9,40,1
37,9,38,0
38,10,60,0
35,13,40,0
25,10,40,0
52,6,35,0
49,4,40,0
42,10,45,0
38,13,45,0
19,10,40,0
39,9,40,1
51,6,40,0
30,7,40,0
49,9,40,0
22,9,56,0
38,10,40,0
35,5,40,0
54,3,51,0
35,9,60,0
27,12,40,0
48,10,35,1
37,9,40,0
23,9,40,0
35,10,40,0
55,13,15,0
31,13,40,0
32,9,40,0
42,14,50,1
29,15,50,0
46,9,40,0
56,6,45,0
44,10,40,0
53,9,60,0
25,10,45,0
32,11,40,0
37,9,44,0
38,13,40,0
38,13,50,1
38,9,50,0
52,9,40,0
45,10,40,1
30,9,45,0
55,14,55,1
39,9,35,0
17,7,15,0
29,14,40,1
32,13,60,1
59,16,50,1
55,9,50,0
36,7,60,0
53,9,40,0
25,10,50,0
42,9,60,1
58,16,1,1
46,12,40,0
50,9,48,0
36,5,50,0
36,13,40,1
59,14,40,0
20,10,40,0
22,13,30,0
39,7,40,0
47,13,70,1
40,13,40,0
59,10,40,1
52,13,60,0
47,10,40,1
40,14,35,1
52,7,40,0
25,9,40,0
21,9,30,0
21,6,50,0
25,6,45,0
20,12,40,0
75,14,16,0
37,13,50,1
29,9,40,0
43,10,40,0
49,9,40,0
17,8,20,0
29,6,40,0
19,9,43,0
52,13,40,0
68,4,30,0
22,10,35,0
51,5,40,0
18,7,16,0
48,14,40,1
23,10,25,0
27,13,15,0
70,9,60,0
31,11,40,0
51,5,20,0
27,9,70,0
36,10,40,0
44,10,12,0
48,13,40,1
34,10,40,1
38,9,55,0
17,6,40,0
46,14,30,0
34,13,40,1
32,11,60,1
43,13,50,1
20,10,60,0
57,10,48,0
46,7,45,1
38,9,40,1
34,9,40,0
58,9,40,0
25,9,40,0
36,9,50,0
23,10,40,0
58,13,48,0
48,6,80,0
19,9,10,0
48,14,40,1
56,13,40,1
56,16,50,1
61,15,35,1
28,13,50,0
32,14,55,1
39,10,40,0
62,15,45,1
40,6,40,1
58,13,58,0
21,9,24,0
64,15,60,0
50,10,48,0
32,10,16,0
46,13,40,1
39,13,55,0
19,8,40,0
32,10,48,0
38,13,40,1
27,9,40,0
41,9,40,0
36,9,45,1
45,9,45,0
33,9,40,1
19,10,50,0
35,7,90,0
24,12,20,0
30,14,50,1
49,9,80,0
60,10,40,0
33,10,70,0
22,9,40,0
43,11,99,0
54,13,35,1
28,10,50,0
21,10,45,0
42,13,55,1
44,11,50,1
28,13,45,0
31,9,40,1
19,10,36,0
23,9,60,0
26,10,40,0
37,9,99,1
41,13,50,1
47,9,25,0
44,13,40,0
34,13,55,0
24,10,40,0
51,9,40,0
23,9,48,0
39,13,60,0
17,7,20,0
67,10,6,0
41,5,40,0
47,14,42,0
35,9,40,0
28,9,40,0
40,9,50,0
36,9,40,0
41,10,91,0
27,13,50,0
33,9,40,0
54,9,40,0
25,10,40,0
35,11,40,0
47,9,33,0
33,9,30,0
43,9,40,0
18,10,20,0
38,13,50,1
47,6,40,0
53,9,40,0
43,9,40,0
47,9,40,1
49,13,60,0
20,10,40,0
38,13,48,0
32,9,90,0
29,13,40,0
34,14,45,1
53,10,40,0
26,10,40,1
43,9,44,0
39,10,55,1
41,9,35,0
39,13,50,1
47,14,50,1
50,7,40,0
41,11,40,0
53,9,40,1
17,6,30,0
48,12,45,0
68,13,40,1
38,12,45,0
33,10,40,1
33,13,20,0
60,5,40,0
64,10,40,0
29,9,40,0
32,15,40,1
37,9,45,0
50,16,40,1
39,9,40,0
31,10,40,1
27,11,40,0
53,9,30,0
61,15,50,1
47,9,40,0
41,9,40,0
36,10,40,0
34,9,60,0
24,13,40,0
58,9,40,1
47,9,90,0
37,10,40,0
50,9,48,1
49,9,50,0
33,9,20,0
24,10,39,0
63,15,40,0
34,9,40,0
19,8,16,0
73,13,30,0
38,13,40,1
29,10,35,0
19,4,33,0
34,7,50,0
52,10,90,1
61,9,30,0
39,10,50,1
22,10,50,0
60,9,40,1
30,10,32,0
38,14,48,1
36,9,45,0
36,10,40,0
40,10,40,0
22,9,40,0
32,6,80,1
24,9,40,0
51,10,40,1
31,10,50,0
37,9,40,0
36,16,60,1
28,13,50,0
28,13,55,0
51,9,40,1
37,11,40,0
38,10,60,1
27,15,70,0
59,14,50,0
50,5,48,0
25,10,15,0
23,7,55,0
59,6,40,0
44,10,40,0
36,10,60,1
33,9,40,0
39,10,55,0
36,9,37,0
38,10,72,0
32,10,40,0
37,12,50,1
23,9,25,0
43,10,84,0
43,13,35,0
36,11,60,0
36,10,60,0
35,13,40,1
32,10,55,0
76,10,8,0
52,15,70,1
33,10,45,0
36,9,60,0
60,9,40,0
22,11,40,0
35,9,48,0
58,9,44,0
66,10,40,0
24,9,40,0
34,13,40,1
29,13,40,1
22,10,40,0
35,10,36,0
38,9,40,0
46,9,40,0
53,9,40,0
30,10,65,0
30,9,40,0
58,9,45,0
30,7,40,0
65,9,20,0
44,10,55,1
40,9,40,0
44,9,30,0
56,10,40,1
62,9,24,0
65,10,40,0
22,10,40,0
26,10,40,0
42,13,90,0
31,9,40,0
36,10,52,1
42,13,40,1
72,10,40,0
17,7,12,0
34,9,65,1
48,9,40,0
26,14,50,0
47,9,50,1
19,10,35,0
22,6,40,0
29,10,60,0
20,10,15,0
36,13,50,0
65,9,24,0
29,11,40,1
58,9,40,0
18,10,40,0
63,10,22,0
54,10,40,0
26,13,80,1
36,9,50,0
18,7,40,0
43,13,40,0
57,14,60,0
55,14,50,1
30,9,40,0
18,10,15,0
69,15,5,0
36,13,55,1
64,5,40,0
45,10,45,0
40,12,40,1
42,6,50,0
37,14,45,1
51,9,48,0
25,9,28,0
20,9,20,0
33,9,70,0
65,4,20,0
32,9,48,0
41,9,40,0
21,8,32,0
52,9,40,1
38,13,60,0
31,13,50,0
52,9,45,1
39,10,40,0
63,4,40,0
32,10,40,0
20,10,40,0
27,13,45,1
34,11,40,0
47,9,60,1
59,10,40,1
24,10,40,0
35,10,45,0
21,9,40,0
30,9,60,0
51,9,50,0
58,16,8,0
32,11,40,0
21,9,40,0
47,13,40,1
17,6,10,0
41,13,55,0
25,12,48,0
37,9,60,1
54,13,40,0
31,14,40,1
18,7,12,0
28,9,40,0
38,9,40,1
63,9,40,0
49,9,40,0
29,9,48,0
63,9,32,0
40,9,40,0
46,13,60,0
63,9,40,0
26,9,40,0
43,14,40,0
43,13,40,0
54,9,60,1
38,9,36,0
31,13,50,0
52,9,55,0
46,10,40,0
31,13,40,0
41,16,50,1
28,15,60,0
21,6,40,0
36,13,45,1
61,11,40,0
47,13,60,0
56,4,40,0
29,10,35,0
42,13,60,1
47,9,50,0
20,10,20,0
28,9,45,0
23,13,40,0
41,11,43,1
38,9,50,0
31,10,40,0
49,10,44,0
38,13,10,0
44,9,48,0
55,10,40,1
42,9,90,0
29,9,40,0
17,8,7,0
45,10,30,0
44,9,50,0
53,9,45,0
37,9,45,0
50,4,40,0
34,13,65,1
48,9,40,0
35,6,70,0
28,9,40,0
40,12,30,0
28,9,40,0
40,12,40,1
36,9,40,0
75,10,13,0
73,7,40,0
26,13,25,0
29,9,45,0
35,9,40,0
30,9,40,0
24,13,40,0
34,9,70,0
40,9,40,0
21,9,35,0
32,4,35,0
42,13,40,1
37,10,60,1
52,9,40,0
40,10,40,0
28,10,54,0
51,9,40,0
38,11,40,0
37,9,40,0
18,10,40,0
38,10,40,0
25,9,40,0
58,6,40,0
45,9,50,0
25,10,50,0
33,5,50,0
21,10,40,0
28,13,50,0
60,10,55,0
43,13,50,1
37,9,40,0
43,9,45,1
23,9,40,0
40,9,50,0
64,13,40,0
43,7,42,0
35,9,40,0
39,12,40,0
52,9,60,1
27,10,40,0
45,13,55,1
61,4,50,1
62,4,40,0
59,10,20,1
23,10,40,0
57,10,40,0
31,10,40,0
48,10,70,1
48,13,55,1
33,12,20,0
35,9,40,0
26,7,40,0
21,10,10,0
55,10,50,0
44,7,40,1
47,13,60,1
22,13,40,0
35,13,45,1
39,10,40,0
19,7,60,0
51,7,40,0
47,10,40,0
25,10,60,0
61,13,45,1
29,14,55,1
36,7,40,0
28,10,40,0
38,13,70,0
46,13,40,0
28,10,40,0
32,9,40,0
20,10,20,0
27,7,45,0
17,6,18,0
46,15,60,1
31,9,40,0
35,9,60,0
59,14,35,1
39,9,40,0
23,13,50,0
18,7,24,0
47,10,48,1
39,9,60,0
55,7,32,0
61,6,40,0
38,9,40,0
28,13,40,1
70,10,35,0
27,10,40,0
35,10,48,0
25,9,45,0
45,10,40,0
49,10,55,0
47,9,40,0
36,13,40,0
36,9,40,1
41,9,40,0
33,9,60,1
51,12,38,1
19,9,52,0
37,13,40,0
34,9,40,0
50,10,40,0
18,10,50,0
40,10,40,1
21,12,35,0
37,10,40,0
43,10,45,0
40,10,40,0
29,15,80,0
30,10,45,0
40,10,60,1
64,5,45,0
21,9,40,0
36,13,48,1
36,13,40,0
39,13,40,0
48,4,40,0
41,9,40,0
39,9,40,0
60,12,24,0
24,13,40,0
32,9,65,1
30,12,40,0
52,12,40,1
37,10,40,0
31,9,40,0
29,13,20,0
47,14,40,1
47,10,40,1
46,10,50,1
26,13,70,1
39,9,40,0
42,7,40,0
27,10,50,0
62,9,40,0
53,10,30,0
39,9,40,0
65,7,20,0
34,9,40,0
45,9,40,0
20,10,35,0
23,9,30,0
51,9,40,0
31,6,40,0
66,13,45,1
17,7,15,0
21,11,46,0
39,9,48,1
32,13,40,0
67,9,60,0
33,10,60,0
48,10,40,1
46,10,40,0
40,10,44,0
17,7,12,0
42,16,45,1
64,10,40,0
51,9,40,0
35,11,42,0
18,9,25,0
57,9,40,0
22,9,20,0
24,9,40,0
34,10,55,1
82,9,3,0
27,12,40,0
52,9,50,1
29,16,40,0
21,10,54,0
35,9,30,0
52,14,50,1
27,10,80,0
66,10,20,0
30,4,40,0
46,12,56,0
32,13,40,1
42,10,40,1
45,5,40,0
30,9,40,0
30,13,72,1
39,15,70,1
40,9,45,0
24,9,40,0
30,10,40,0
51,9,40,1
36,10,40,0
23,13,40,0
38,13,55,1
18,9,10,0
42,15,55,1
25,10,20,0
33,13,45,0
30,10,40,0
50,10,40,0
47,11,40,0
37,14,40,0
21,9,20,0
55,9,40,1
50,8,40,0
35,9,50,0
67,13,40,0
78,4,25,0
37,13,50,1
35,9,40,0
32,9,40,0
52,8,45,1
49,13,50,1
31,11,43,0
34,9,40,0
40,13,40,1
28,13,40,0
20,10,40,0
36,9,40,0
23,13,40,0
50,9,45,1
24,13,40,0
29,13,40,0
74,10,4,0
57,10,40,1
27,13,40,0
75,13,6,0
27,9,50,0
27,9,62,0
90,7,40,0
33,9,40,0
20,10,16,0
43,14,38,0
26,9,45,0
43,9,60,0
24,13,40,0
33,9,40,0
18,7,12,0
35,15,75,1
61,9,40,0
27,9,40,0
44,12,40,0
40,12,50,1
48,13,45,1
19,4,80,0
24,9,50,0
42,13,45,1
49,10,40,0
47,10,40,0
52,9,85,1
29,10,45,0
35,9,40,0
23,9,40,0
60,12,30,0
61,9,55,1
38,9,40,0
36,11,38,0
17,8,15,0
43,9,40,0
47,13,30,0
30,13,40,0
53,10,40,1
62,10,24,0
29,9,40,0
32,9,40,0
29,10,15,0
62,15,16,0
25,12,26,0
50,13,40,1
47,9,38,0
55,6,40,0
52,9,40,1
35,14,60,1
22,10,40,0
35,9,40,1
47,9,40,1
52,4,40,0
38,9,40,0
64,7,40,0
25,13,45,0
32,9,5,0
53,9,40,0
20,9,40,0
47,12,44,0
37,9,60,0
58,4,40,1
44,9,45,0
18,9,20,0
54,13,70,1
37,9,40,0
47,10,40,0
70,5,45,0
52,12,40,1
40,10,40,1
53,13,40,0
37,13,50,1
51,9,45,0
17,7,16,0
21,9,36,0
49,13,42,1
53,6,35,0
33,13,60,0
22,13,8,0
51,9,80,1
37,13,60,0
38,9,50,0
50,10,40,0
24,9,40,0
24,13,40,0
45,9,48,0
66,13,99,0
43,13,40,1
51,8,45,0
27,13,35,0
44,14,50,1
49,9,40,0
33,12,40,0
33,12,45,0
37,9,15,0
21,10,20,0
39,13,55,0
33,9,50,0
62,14,40,1
23,10,40,0
34,9,40,0
30,9,40,0
52,10,40,0
60,5,40,0
58,13,38,0
38,7,55,0
34,9,40,0
49,9,40,0
44,13,40,0
27,10,49,0
23,13,40,0
40,9,40,0
55,13,40,0
33,13,40,1
61,10,40,1
19,9,60,0
30,9,44,0
40,13,50,0
33,9,40,0
62,9,40,0
40,10,50,1
20,10,20,0
42,10,60,1
54,14,50,1
30,9,62,0
50,9,44,1
48,9,60,1
55,5,50,0
23,9,55,0
51,11,40,0
46,9,50,1
20,9,40,0
39,13,45,0
30,13,55,1
55,6,40,0
30,7,40,0
27,10,40,0
62,9,45,1
67,12,35,0
26,11,40,0
31,9,50,0
27,10,40,0
55,9,60,0
33,13,60,1
31,9,55,0
48,10,60,1
25,13,40,0
21,8,40,0
27,9,40,0
33,9,40,0
65,9,8,0
33,4,40,0
47,10,40,1
43,9,40,0
34,9,40,0
44,9,40,1
35,10,40,1
27,10,45,0
47,9,40,0
18,8,18,0
59,9,40,1
29,11,40,1
36,11,53,1
33,9,30,0
33,13,50,1
31,13,45,1
59,12,40,0
21,9,40,0
29,9,45,1
47,9,80,1
59,13,60,1
57,13,50,1
49,10,40,1
22,10,40,0
58,9,60,0
50,10,48,0
45,9,40,1
28,10,40,0
41,6,50,0
48,10,40,0
23,9,60,0
24,13,40,0
57,9,60,1
47,9,40,1
31,9,20,0
26,10,42,0
36,10,48,0
19,9,25,0
30,7,35,0
52,13,40,0
43,14,50,0
32,13,50,1
21,10,10,0
55,10,24,1
23,8,40,0
28,14,40,0
34,13,50,0
29,9,50,0
29,9,40,0
40,10,40,0
59,6,40,0
26,10,20,0
55,4,60,0
47,12,40,0
20,9,40,0
53,9,30,0
43,8,40,0
46,13,40,0
66,5,40,0
53,6,99,0
19,9,25,0
32,9,40,0
50,14,40,1
40,13,40,1
28,13,60,1
48,9,40,0
45,10,40,1
32,9,40,1
21,10,40,0
49,3,45,0
36,9,64,1
19,9,30,0
73,9,40,0
26,10,60,0
31,12,20,0
17,8,35,0
43,10,35,0
27,9,40,0
38,11,40,0
65,11,20,0
55,10,99,0
18,7,20,0
22,10,40,0
36,9,40,0
52,10,45,1
20,10,30,0
30,10,25,0
32,10,50,0
17,7,20,0
50,16,23,0
33,14,15,0
36,10,40,0
20,9,28,0
49,13,70,0
53,9,48,1
46,13,40,0
32,9,40,0
19,10,40,0
34,10,45,0
48,11,60,0
31,10,13,0
26,9,40,0
38,14,50,1
42,10,40,0
37,14,40,1
27,11,50,0
29,14,50,1
38,11,35,0
40,12,40,0
33,6,40,0
40,16,40,1
76,9,15,0
21,10,35,0
40,9,60,1
34,7,40,0
45,13,40,1
34,9,60,0
49,9,40,0
23,13,25,0
25,9,40,0
41,10,60,1
64,13,45,0
75,13,24,0
45,9,40,0
40,14,50,1
20,10,40,0
50,5,50,0
26,10,60,0
38,10,40,1
35,9,65,0
31,9,55,0
35,10,40,0
23,10,40,0
64,9,20,0
34,9,40,0
26,13,55,0
65,9,20,0
23,2,40,0
30,9,40,0
33,10,70,1
46,10,40,0
57,10,50,0
61,10,40,0
25,9,40,0
60,5,40,0
31,4,70,0
17,6,25,0
33,10,40,0
57,14,14,1
49,9,32,0
36,13,40,0
60,13,8,1
33,9,40,0
51,11,38,1
33,12,50,0
31,10,40,0
68,6,20,0
39,14,40,1
38,4,56,0
20,9,40,0
37,10,45,1
52,9,30,0
47,13,50,0
56,5,40,0
54,13,65,0
51,14,40,1
30,9,65,1
30,9,35,0
65,9,40,0
35,9,40,0
54,14,40,1
21,12,10,0
32,6,40,0
22,9,40,0
20,10,32,0
24,9,40,0
45,13,40,0
27,12,45,1
26,13,40,0
27,7,40,0
38,10,40,0
20,7,40,0
26,7,40,0
22,9,40,0
36,15,60,1
20,9,40,0
28,9,45,0
38,11,40,0
47,9,40,1
52,9,35,0
34,7,30,0
35,10,50,0
34,10,40,0
58,10,40,1
45,14,45,1
44,15,32,1
28,14,48,0
29,9,40,0
38,13,40,0
38,9,50,1
43,13,40,1
35,9,40,0
50,9,70,0
51,13,40,0
23,9,40,0
19,9,35,0
54,14,50,1
47,10,50,0
31,10,40,0
63,9,40,0
36,9,50,0
29,9,40,0
51,9,52,0
58,10,12,0
28,6,45,0
52,14,40,1
68,10,40,1
42,11,40,0
76,10,40,0
58,14,50,0
38,9,48,0
25,9,40,0
35,13,40,1
23,10,40,0
60,13,12,0
53,9,35,1
60,9,40,0
30,11,40,0
21,10,40,0
38,14,60,1
19,9,16,0
40,13,50,1
62,11,50,0
63,13,50,1
23,12,40,0
21,9,20,0
49,10,20,1
36,9,33,0
27,10,20,0
40,9,40,0
42,10,40,0
56,13,48,1
37,9,40,0
24,13,50,0
38,10,40,1
23,10,30,0
36,5,25,0
45,16,56,1
33,10,50,0
20,9,40,0
42,4,40,0
42,13,55,1
18,8,40,0
40,10,40,0
71,9,9,0
50,10,40,1
23,10,30,0
33,14,45,1
21,9,40,0
58,13,40,1
48,13,58,1
54,10,48,1
21,9,40,0
52,10,5,0
27,10,45,0
38,13,20,0
24,13,50,0
60,5,45,0
23,13,50,0
36,9,50,0
30,9,40,0
33,11,40,0
48,13,43,0
26,9,38,0
25,9,40,0
24,11,45,0
55,9,40,0
27,10,40,0
25,7,50,0
21,9,30,0
40,9,40,0
42,10,40,0
67,9,40,0
40,9,75,1
20,10,50,0
23,10,40,0
32,9,48,0
33,11,40,1
37,9,40,0
50,10,52,1
68,9,40,0
30,14,45,1
25,9,40,0
28,9,40,0
27,14,40,0
51,10,40,1
63,11,40,1
28,9,40,0
20,9,55,0
61,4,35,0
41,14,40,1
58,14,40,1
48,9,40,0
36,5,40,0
20,10,20,0
35,10,40,0
32,9,40,0
39,11,40,0
37,9,40,0
45,10,50,0
34,9,35,0
23,13,55,0
36,8,35,0
46,9,40,0
36,13,55,1
27,10,50,0
55,11,45,0
18,6,56,0
34,9,60,0
24,10,54,0
25,9,40,0
90,13,45,0
33,9,50,1
32,12,62,0
47,10,40,0
47,6,65,0
56,13,40,0
55,9,40,0
29,13,50,0
20,9,35,0
23,8,40,0
45,9,40,0
20,10,16,0
49,16,60,0
44,10,40,0
38,13,40,0
28,9,40,0
64,9,15,1
23,10,40,0
32,10,50,0
52,9,60,1
56,9,48,1
45,13,50,1
32,10,40,0
32,7,55,0
81,9,18,0
44,9,40,0
37,10,55,1
19,9,20,0
83,9,8,0
57,10,42,0
26,7,40,0
31,9,40,0
27,10,60,1
61,9,40,0
37,11,45,1
31,9,52,0
53,4,38,0
23,9,40,0
20,9,20,0
45,7,40,0
37,14,50,1
45,9,40,0
39,13,40,0
27,10,30,0
54,14,60,0
52,6,30,1
39,13,45,1
19,10,40,0
31,12,40,0
58,9,40,0
90,9,30,0
29,13,40,0
50,6,60,0
41,9,50,0
76,4,2,0
34,16,50,1
74,10,35,1
61,9,53,0
18,10,40,0
44,16,55,1
41,12,45,1
60,4,40,0
45,13,60,1
32,10,40,0
48,9,45,0
40,9,40,0
29,9,40,0
18,6,27,0
33,13,35,0
50,9,40,0
80,9,8,0
39,13,30,1
74,9,17,0
28,13,50,1
29,9,40,0
43,9,60,0
24,9,35,0
31,9,35,0
27,10,50,1
18,9,40,0
24,9,38,0
56,13,20,0
52,10,40,0
17,6,30,0
22,9,50,0
56,11,45,1
38,11,40,0
34,13,40,1
41,9,40,0
48,10,40,0
42,7,40,0
61,7,40,1
28,10,40,0
43,9,40,1
37,10,40,0
71,9,24,0
57,9,50,0
37,10,40,1
42,4,25,0
38,13,55,1
33,10,50,1
40,7,35,0
40,13,30,0
19,9,40,0
46,10,40,1
28,9,45,0
36,9,40,0
29,9,35,0
18,9,20,0
70,10,30,0
50,12,45,0
48,9,40,0
32,9,45,0
27,6,40,0
44,14,35,0
42,14,60,0
42,13,45,1
32,9,50,0
59,10,40,1
59,4,40,0
54,6,70,0
19,7,60,0
69,14,11,0
42,14,40,0
21,9,40,0
43,10,60,0
58,9,40,0
57,9,40,1
28,9,40,0
31,13,50,0
41,9,40,0
35,10,50,1
28,9,30,0
28,13,50,1
57,9,15,0
36,8,40,0
24,9,30,0
32,13,55,0
30,9,60,0
31,13,60,1
47,10,40,0
56,14,66,0
42,7,60,0
59,13,50,1
19,10,25,0
36,10,45,0
32,9,48,0
39,9,40,0
29,9,40,0
19,10,20,0
23,10,40,0
26,13,44,0
74,9,20,0
55,13,40,1
37,9,55,0
67,14,30,1
57,9,48,0
27,9,37,0
22,9,80,0
38,16,55,1
63,13,40,1
38,13,60,0
24,13,40,0
29,10,20,0
39,9,40,0
33,9,40,0
40,13,60,0
45,14,40,0
52,13,30,1
31,10,45,0
25,8,40,0
62,9,40,1
60,6,40,0
25,13,60,1
23,9,40,0
26,9,40,0
28,13,50,0
26,9,40,1
55,10,40,0
38,10,40,0
48,10,40,0
19,10,20,0
36,9,48,0
26,9,40,0
56,2,40,0
34,10,60,1
33,9,87,0
35,9,40,0
17,6,16,0
43,12,50,1
46,13,48,1
51,9,60,0
59,16,40,1
55,9,40,0
24,13,40,0
40,13,40,1
32,7,40,0
39,11,40,0
28,9,40,0
28,13,52,0
28,12,30,0
45,10,45,0
47,9,40,0
34,9,45,1
41,14,60,1
56,9,40,0
36,11,40,0
46,13,40,1
39,9,42,0
43,13,40,1
20,7,40,0
34,7,40,0
51,13,50,0
17,8,16,0
27,10,30,0
31,10,30,0
28,10,50,0
25,13,40,0
50,10,45,1
52,7,40,0
42,11,44,0
17,6,12,0
41,9,20,0
40,10,50,0
38,10,36,1
31,9,50,0
21,10,40,0
21,9,45,0
49,9,40,1
49,9,40,0
32,10,50,0
34,9,48,1
17,6,20,0
34,13,40,1
56,10,45,0
42,9,40,0
37,5,50,1
50,9,40,0
53,9,10,0
19,9,40,0
37,10,37,0
21,10,30,0
60,10,24,0
52,4,40,0
51,10,60,1
34,10,65,1
32,9,40,0
47,14,60,1
34,10,60,1
20,9,40,0
69,10,40,0
22,10,34,0
23,13,40,0
31,13,43,1
24,11,40,0
26,9,40,0
60,9,40,0
21,10,40,0
18,7,25,0
45,10,40,0
33,10,40,0
36,9,40,0
41,12,80,0
36,14,15,0
44,9,38,0
56,10,40,1
42,9,40,0
58,10,40,0
22,10,65,0
25,7,45,0
29,9,40,0
21,9,35,0
40,10,40,0
24,14,50,0
39,13,50,1
34,10,40,0
34,5,40,0
31,9,55,1
44,10,40,0
41,9,40,0
38,10,40,1
36,9,60,1
32,9,40,0
29,14,35,0
28,10,63,0
46,16,60,1
56,9,40,0
32,9,38,0
84,14,66,0
30,6,40,0
45,13,40,1
38,10,40,0
57,10,50,1
46,9,60,0
30,8,50,0
42,9,35,0
31,10,40,1
75,16,40,0
51,9,70,1
40,11,40,0
47,11,40,1
33,6,40,0
23,9,40,0
49,9,40,0
18,6,11,0
59,4,40,0
41,6,40,0
33,9,40,0
24,13,55,0
31,9,35,0
69,6,25,0
21,10,20,0
48,9,70,0
43,10,40,0
25,13,45,0
66,10,50,0
33,13,45,1
38,13,40,1
44,8,40,0
72,10,74,0
51,15,50,1
40,10,50,0
44,9,40,1
57,9,40,0
31,13,40,0
41,9,49,1
62,6,40,0
21,10,40,0
17,6,40,0
31,5,43,0
17,6,8,0
17,6,20,0
30,9,40,0
49,10,45,1
39,10,40,0
44,9,40,0
24,4,40,0
47,9,40,1
19,10,50,0
51,9,20,1
34,9,40,0
20,8,35,0
35,8,20,0
31,10,40,0
44,13,40,0
29,11,50,0
34,13,50,1
42,12,50,1
21,9,22,0
42,10,40,1
73,9,20,0
63,4,60,1
36,9,52,0
26,6,40,0
21,10,40,0
25,9,60,0
27,12,40,0
36,13,40,0
24,13,35,0
19,10,14,0
51,14,40,1
54,14,52,1
47,11,40,1
44,10,50,0
29,13,40,0
30,10,40,0
28,13,40,1
56,10,40,0
54,9,40,1
49,13,55,1
51,13,40,1
68,10,30,0
20,10,25,0
25,13,40,0
47,9,40,1
30,13,40,0
67,13,2,0
35,10,43,1
32,9,24,0
26,13,40,0
50,9,40,0
58,8,40,0
62,13,38,0
40,11,40,0
37,9,50,0
26,9,40,0
66,11,30,0
64,9,40,0
24,9,40,0
42,10,40,0
51,13,45,1
73,9,40,0
33,9,40,1
56,9,38,1
26,9,40,0
31,13,45,0
46,7,40,0
44,16,45,0
43,9,40,1
32,14,40,0
53,13,70,0
40,10,48,0
25,10,35,0
30,10,40,0
39,9,45,0
48,9,40,1
37,11,60,1
51,13,60,1
49,10,70,1
31,9,50,0
36,9,40,0
64,6,56,1
56,10,40,1
39,9,45,0
35,14,60,0
48,14,45,1
35,9,40,0
26,9,70,0
28,13,40,0
61,9,45,1
35,10,55,1
50,14,50,1
37,10,40,0
74,4,2,0
23,12,30,0
17,7,25,0
31,9,60,0
35,10,40,0
33,11,36,0
42,9,40,0
35,10,40,0
28,9,50,0
58,13,40,1
28,10,40,0
37,10,50,0
61,6,40,0
58,9,40,0
25,10,55,0
53,4,99,0
56,4,26,0
27,12,40,0
41,9,44,0
49,13,45,1
46,9,65,0
54,13,50,0
20,10,40,0
44,13,40,1
59,10,40,0
27,9,65,1
61,10,42,0
24,9,45,0
47,14,40,0
25,9,40,0
46,9,43,1
35,7,40,0
47,13,57,1
31,9,60,0
36,9,40,0
46,10,40,0
38,9,32,0
51,9,40,0
37,15,40,1
39,9,50,0
34,12,40,0
51,13,40,0
33,9,40,0
39,10,40,1
33,9,40,0
18,10,15,0
30,10,50,0
22,10,20,0
41,13,40,1
18,9,40,0
38,9,40,1
35,10,60,0
42,13,40,1
29,8,40,0
38,3,40,0
25,11,41,0
41,10,40,0
39,14,72,0
24,10,40,0
43,10,25,0
33,4,45,0
24,10,40,0
43,9,45,0
60,14,50,1
17,6,20,0
62,9,40,0
53,9,46,1
38,7,40,0
37,9,40,0
52,10,45,0
36,12,40,1
49,10,40,0
46,10,55,0
43,9,40,0
27,10,30,0
55,9,40,0
55,14,40,1
18,9,20,0
27,12,52,0
41,9,40,0
41,7,40,0
42,13,40,0
42,9,48,0
58,8,40,0
47,13,60,1
34,10,55,0
22,9,50,0
64,11,40,1
75,9,35,0
36,9,40,0
39,9,40,0
21,10,40,0
47,5,40,0
49,9,40,1
34,9,40,0
52,13,45,1
34,9,45,1
19,9,28,0
62,10,80,0
27,9,40,0
19,10,40,0
47,16,40,1
27,9,43,0
38,9,50,1
51,13,50,1
57,10,50,1
26,13,24,0
26,13,18,0
47,9,40,0
42,6,35,0
21,9,32,0
40,14,50,1
42,13,60,1
36,9,40,0
50,12,50,1
29,14,15,0
49,11,40,0
45,13,37,0
60,9,70,0
56,9,40,0
46,10,40,0
33,14,20,0
51,13,45,1
34,10,42,0
53,10,30,0
39,9,40,0
39,6,40,0
47,7,40,0
43,9,40,1
30,9,45,0
17,10,16,0
31,9,60,0
57,14,30,0
24,10,45,0
42,10,40,1
66,13,70,0
19,10,10,0
24,10,60,0
35,14,50,1
20,9,40,0
29,14,40,1
28,13,8,0
24,9,40,0
38,13,40,0
24,13,40,0
27,13,35,0
45,11,70,0
25,10,40,0
32,13,44,0
36,11,48,0
28,9,40,0
35,15,55,1
60,9,35,0
61,13,40,1
22,10,40,0
35,13,40,1
25,13,60,1
21,9,60,0
74,9,40,1
52,9,40,0
40,9,40,0
48,9,40,0
42,9,40,0
31,10,46,0
39,13,50,0
35,9,40,0
25,10,25,0
57,13,50,1
49,14,60,0
22,10,28,0
66,13,40,1
29,9,40,0
23,13,40,0
26,13,40,0
41,9,40,0
82,10,20,0
59,12,40,0
30,9,40,0
60,9,40,0
29,9,40,0
43,12,50,0
49,13,40,1
29,9,65,0
24,13,40,0
26,9,50,0
58,16,50,1
40,9,40,1
46,10,45,0
34,9,40,0
60,7,40,1
48,14,40,0
50,15,45,1
53,16,40,0
36,9,60,0
33,12,40,1
46,9,40,1
20,10,40,0
65,10,40,0
61,15,20,0
66,10,40,1
32,13,40,0
35,9,40,0
32,7,43,1
47,9,40,0
22,9,55,0
27,9,38,0
49,9,40,1
48,10,40,0
40,9,40,1
57,11,40,0
34,10,40,0
24,9,40,0
20,10,40,0
44,9,40,0
61,10,40,0
29,9,50,1
27,7,40,0
40,9,40,0
50,13,20,1
53,16,50,0
63,9,40,1
25,13,40,0
31,13,40,1
56,9,45,0
50,9,80,0
56,2,40,0
33,14,33,1
39,13,40,0
25,10,35,0
74,10,40,0
73,9,24,0
46,9,50,0
32,13,55,1
35,7,50,0
22,10,36,0
27,9,40,0
33,10,50,0
53,5,70,0
23,10,10,0
38,9,56,0
31,10,45,0
68,6,16,0
40,10,45,0
51,12,45,1
20,10,16,0
25,11,40,0
17,7,16,0
35,9,40,0
30,10,50,1
24,12,40,0
32,14,50,0
40,13,80,0
52,7,40,1
33,10,72,0
31,8,32,0
32,10,40,0
40,16,60,1
56,13,40,1
43,14,35,1
50,9,40,1
39,12,42,0
28,13,45,0
31,10,40,0
39,9,40,0
25,9,40,0
56,9,60,0
61,5,58,1
40,10,40,1
25,9,40,0
33,11,45,0
61,10,40,0
60,4,40,0
33,10,70,0
28,9,40,0
49,9,25,0
35,9,30,0
37,10,40,0
32,13,40,0
35,9,40,0
26,13,45,0
47,11,40,1
29,9,50,0
34,9,45,0
67,10,8,0
58,9,52,0
58,7,40,0
39,9,60,0
39,10,47,0
40,9,15,0
65,7,35,0
24,10,20,0
27,13,50,0
47,9,40,1
38,9,50,1
26,9,35,0
24,10,65,0
21,9,40,0
40,9,40,1
37,9,40,0
34,9,40,0
38,9,80,0
29,7,60,0
28,10,48,0
26,13,55,0
20,9,40,0
22,10,40,0
29,10,45,0
29,9,50,0
51,9,40,0
36,4,40,0
40,9,40,1
34,13,40,0
45,13,40,0
54,10,50,0
37,9,40,1
46,11,40,0
19,10,40,0
37,10,40,0
32,13,40,0
32,10,35,0
25,9,25,0
77,14,8,1
61,9,20,1
23,13,32,0
22,9,50,0
26,9,40,0
48,9,50,0
71,12,3,0
18,10,40,0
40,10,40,1
37,13,43,1
58,13,40,0
19,10,30,0
31,9,40,1
48,9,40,0
34,9,40,0
67,10,40,0
38,13,40,0
36,13,45,0
30,12,40,0
81,4,10,0
75,7,30,0
37,9,40,0
31,12,45,0
28,9,40,0
24,9,30,0
23,5,40,0
36,8,40,0
58,12,50,1
81,9,30,0
42,14,55,1
32,9,40,0
38,9,40,1
59,13,30,0
46,7,30,0
23,3,30,0
37,12,40,1
53,9,40,0
18,6,40,0
36,9,65,0
59,14,60,0
32,9,40,0
21,10,40,0
37,14,60,1
62,9,40,1
34,13,40,1
24,11,40,0
34,13,60,1
37,9,50,0
48,16,40,1
24,9,40,0
19,10,40,0
46,9,5,0
43,10,60,0
37,9,40,0
32,3,40,0
63,12,40,1
44,9,52,1
60,13,60,0
52,12,40,1
27,9,40,0
32,11,40,0
20,10,35,0
39,5,40,1
34,16,60,1
35,9,55,0
28,9,60,0
26,9,60,0
48,13,50,1
30,4,48,0
41,14,5,1
20,10,40,0
65,9,55,0
36,13,40,1
57,13,48,1
38,13,50,0
25,10,20,0
61,6,55,0
52,8,40,0
34,9,40,0
26,12,40,0
31,13,40,0
22,9,42,0
41,9,40,0
32,10,40,0
50,9,40,1
42,15,60,0
21,9,35,0
28,13,50,0
30,12,40,0
49,11,60,0
32,13,40,0
25,10,16,0
18,7,40,0
48,9,46,0
60,9,70,1
31,13,65,0
24,9,40,0
26,10,40,0
44,13,40,0
19,9,35,0
28,14,60,0
42,10,40,0
52,10,40,1
61,10,16,0
50,10,40,0
19,9,50,0
49,13,40,1
48,11,40,0
38,9,40,1
44,10,35,0
38,13,70,1
34,12,44,0
53,7,45,0
25,13,35,0
26,10,45,0
55,9,40,0
24,13,44,0
33,9,40,0
40,14,40,1
53,10,40,1
30,11,40,0
32,9,40,0
22,10,50,0
71,9,40,1
31,10,55,1
27,11,40,0
28,13,50,0
37,14,38,0
50,9,40,0
45,9,78,1
59,9,40,0
57,14,80,0
48,10,65,1
18,7,16,0
58,5,40,0
32,11,99,1
59,6,52,0
41,14,65,0
43,12,40,0
47,13,50,1
42,16,50,0
30,9,40,0
41,11,70,1
59,10,34,0
58,9,48,0
66,4,4,0
28,7,45,0
51,13,26,0
18,10,16,0
45,9,40,0
39,10,25,0
58,4,40,0
43,9,40,0
33,7,70,0
24,13,65,0
38,9,50,0
71,13,10,1
47,13,50,1
23,12,40,0
36,7,40,0
46,9,40,0
25,13,35,0
51,13,50,1
47,10,40,1
42,10,57,0
51,9,40,0
60,10,55,0
26,9,40,0
30,10,40,0
23,13,48,0
28,12,45,0
27,9,40,0
33,9,45,0
24,9,50,0
33,13,40,0
30,10,45,0
56,9,41,0
22,10,25,0
17,7,15,0
21,10,20,0
59,9,40,0
25,7,40,0
22,10,48,1
36,14,70,0
50,13,40,0
20,10,40,0
41,10,54,1
37,10,65,0
56,13,40,1
39,16,50,1
21,9,40,0
49,9,44,0
39,9,56,0
17,5,16,0
19,9,45,0
34,13,40,0
39,5,40,0
50,13,55,1
33,9,40,0
31,5,40,0
26,9,50,0
23,13,24,0
70,4,25,0
27,6,40,0
27,13,40,0
60,9,40,0
37,9,40,0
24,13,40,1
29,9,60,1
19,10,30,0
32,10,40,0
27,5,40,0
25,9,60,0
42,1,25,0
60,4,40,0
57,4,40,1
19,9,40,0
28,9,46,0
35,13,40,1
47,10,40,0
23,9,40,0
33,9,40,0
41,9,40,0
26,9,70,0
56,9,18,0
33,9,40,0
43,10,50,1
57,15,36,1
56,9,25,0
44,13,40,0
50,6,45,0
37,9,45,0
40,14,60,1
27,10,45,0
36,9,40,0
26,9,45,0
31,4,40,0
18,7,15,0
62,9,48,0
54,7,40,1
31,13,50,1
22,7,50,0
31,9,40,1
60,9,40,0
28,9,40,0
51,9,40,1
49,10,40,0
62,10,25,0
22,10,20,0
58,9,60,1
19,10,40,0
51,10,45,1
44,10,40,0
46,14,50,1
23,13,40,0
28,9,32,0
17,6,15,0
32,9,50,0
17,5,45,0
37,10,35,0
18,9,25,0
37,10,50,1
31,9,40,1
23,10,30,0
45,9,40,0
35,10,50,0
23,11,33,0
43,11,40,0
26,9,40,0
53,9,40,1
50,13,30,0
37,6,35,0
42,10,40,0
69,13,20,0
43,13,50,1
50,11,50,1
35,11,40,0
47,13,38,1
54,6,45,0
34,9,50,0
27,14,52,0
25,10,38,0
18,6,20,0
41,13,40,1
51,9,40,0
36,10,50,1
30,9,40,0
26,9,40,0
33,9,40,0
25,10,40,0
48,10,50,1
32,9,40,0
63,6,40,0
41,10,40,1
35,13,40,0
68,10,40,0
42,11,37,0
20,10,40,0
27,9,40,0
29,10,40,0
25,13,35,0
44,5,40,0
32,11,40,0
63,14,50,1
56,9,40,0
34,13,50,1
52,11,40,1
66,4,32,0
20,10,20,0
28,9,50,0
75,9,20,0
34,13,45,0
51,13,40,0
36,9,50,0
44,10,45,1
43,14,40,1
38,11,50,0
49,9,40,1
50,13,40,1
38,9,40,0
39,9,40,0
40,10,40,1
22,7,35,0
23,9,40,0
49,9,52,1
17,7,12,0
33,10,45,1
34,12,60,0
45,13,50,1
26,9,78,1
27,9,40,0
58,9,50,0
36,6,40,0
45,9,40,0
40,11,50,1
26,9,52,0
40,9,56,0
58,9,72,1
31,10,40,0
60,13,50,0
49,11,45,0
63,14,48,0
21,11,40,0
47,10,45,0
39,6,40,0
44,13,60,0
30,4,42,0
22,10,35,0
46,9,40,1
35,11,40,0
41,9,40,0
24,13,40,0
34,9,50,0
47,10,40,0
41,10,40,0
65,9,40,1
42,15,60,1
68,4,30,0
38,9,40,1
63,9,20,0
29,11,40,0
42,9,40,0
26,9,40,0
33,16,55,1
72,13,3,0
20,10,40,0
70,11,24,1
58,7,60,0
33,9,60,1
27,13,35,0
41,13,35,1
80,9,24,0
22,6,15,0
18,7,7,0
37,9,30,0
37,5,40,0
34,9,70,0
24,7,35,0
23,11,50,0
44,9,40,0
28,9,40,0
30,10,40,0
50,13,40,1
26,9,40,0
46,11,40,0
57,10,40,1
44,10,50,0
50,7,40,0
22,9,24,0
39,9,50,0
47,13,40,0
57,10,35,0
50,14,40,0
39,9,30,0
68,9,40,1
68,9,8,0
54,10,40,0
35,10,40,0
38,9,50,0
43,14,50,0
43,9,40,0
59,12,40,0
44,15,40,1
36,10,40,0
31,9,40,0
36,9,80,1
43,13,40,1
18,7,40,0
17,10,20,0
43,13,35,0
54,9,45,0
32,10,45,0
26,9,50,0
49,6,40,0
35,10,40,1
21,9,53,0
25,9,40,0
48,13,50,0
38,7,40,0
30,9,40,0
60,13,40,0
46,13,40,1
33,9,40,0
31,12,50,1
63,9,35,0
47,10,50,1
32,9,40,0
21,9,40,0
25,9,40,0
36,9,40,0
39,10,60,0
26,10,40,0
54,14,50,0
21,9,40,0
35,5,50,0
44,10,45,1
52,10,60,1
24,9,40,0
42,12,40,0
39,9,60,1
46,5,40,0
46,9,65,0
40,9,46,0
41,13,50,0
43,13,40,1
41,10,40,1
21,14,15,0
17,6,20,0
22,9,70,0
40,10,40,0
23,10,30,0
22,10,40,0
30,11,53,0
20,9,45,0
35,13,40,0
58,9,40,1
28,10,40,0
37,13,55,1
58,16,50,1
38,11,40,0
42,13,60,0
29,9,38,0
54,9,56,0
39,9,40,0
31,12,60,0
41,9,8,0
26,13,40,0
37,12,40,0
50,10,40,0
32,10,40,0
20,10,40,0
55,13,18,1
63,13,30,1
24,12,40,0
33,9,40,0
68,9,24,0
20,5,40,0
40,9,42,0
34,13,42,1
43,14,60,1
36,13,50,0
31,13,40,1
25,13,40,0
45,13,45,0
38,11,40,1
18,9,40,0
33,10,50,0
49,4,40,0
57,9,50,1
51,13,25,0
31,9,40,0
34,9,40,1
28,13,40,0
68,1,10,0
47,10,40,0
23,6,40,0
26,13,40,0
53,10,60,0
23,9,40,0
22,10,40,0
21,10,20,0
18,9,30,0
37,11,40,0
37,10,40,0
39,15,55,1
26,10,60,0
24,10,40,0
35,13,50,1
28,9,32,0
38,10,40,0
24,12,20,0
23,4,36,0
27,13,38,0
39,10,65,0
22,9,40,0
48,10,50,1
31,13,40,1
36,9,48,0
25,9,45,0
20,9,8,0
33,10,40,0
49,13,40,1
18,9,35,0
26,9,40,0
29,9,48,0
32,13,40,1
30,13,40,0
62,9,18,0
58,6,50,0
20,9,45,0
48,9,40,0
30,9,40,1
31,12,40,0
53,14,50,1
22,10,32,1
52,10,45,0
31,11,40,0
39,14,55,1
43,13,40,1
22,10,45,0
55,6,29,0
45,11,40,0
61,13,42,0
54,10,54,1
41,9,40,0
75,9,30,0
54,14,60,0
36,10,45,0
38,13,50,0
38,10,44,1
24,13,45,0
22,11,44,0
34,12,50,0
51,6,40,1
50,9,50,1
50,9,60,1
36,13,50,1
59,13,40,1
61,9,40,0
18,7,10,0
61,10,50,1
36,10,50,0
39,16,45,1
29,5,40,0
50,10,40,0
27,13,50,0
57,9,48,1
70,10,40,0
30,9,85,0
45,14,40,0
29,9,40,0
26,13,40,0
24,11,40,0
57,9,50,0
17,7,17,0
56,5,40,0
43,9,40,1
47,10,70,1
38,9,50,0
21,9,20,0
68,4,40,0
31,6,40,0
31,13,60,0
43,10,38,1
51,10,60,0
50,9,45,1
22,9,45,0
30,9,60,0
23,9,65,0
55,13,40,1
24,13,40,0
80,11,24,0
52,9,40,0
24,9,44,0
43,9,68,1
68,10,30,0
33,9,40,1
53,14,40,1
19,10,55,0
36,9,40,0
46,10,48,1
41,9,50,0
28,7,40,0
51,14,40,0
35,10,45,0
56,10,40,1
58,9,50,0
19,9,25,0
54,10,40,1
38,16,50,1
38,9,45,0
19,9,60,0
30,10,40,0
22,13,55,0
19,9,30,0
51,10,45,1
72,13,30,0
21,10,35,0
56,10,45,0
38,10,40,0
63,6,40,0
48,9,40,1
37,9,60,1
34,10,40,0
44,14,40,0
27,9,50,0
34,9,45,0
36,13,45,0
46,13,40,1
37,13,45,1
45,13,40,1
69,9,60,1
63,13,8,1
55,13,55,1
57,6,60,1
30,12,52,0
63,4,15,0
43,10,40,0
38,9,40,0
45,3,40,0
40,6,40,0
29,11,40,0
31,4,60,0
54,9,50,1
28,9,40,0
32,9,40,0
68,13,25,0
18,7,4,0
50,13,38,1
36,7,40,0
25,10,40,0
51,13,45,1
50,6,40,1
27,9,50,1
51,13,20,0
38,15,40,1
44,3,40,0
32,6,40,0
72,9,25,0
38,9,55,1
45,10,55,0
25,9,40,0
49,9,50,0
38,9,42,0
31,8,43,0
25,10,60,1
40,9,40,1
33,13,50,1
67,13,40,0
17,7,25,0
20,9,40,0
37,13,55,1
19,10,22,0
33,13,45,0
37,9,50,1
49,11,60,1
48,14,40,1
57,9,40,0
29,10,40,0
28,9,38,0
40,11,40,0
29,9,40,0
19,8,25,0
32,9,50,0
22,13,40,0
44,10,45,0
56,15,32,1
22,10,36,0
20,10,40,0
57,10,40,0
27,10,44,0
39,11,40,0
44,9,66,0
35,7,65,0
46,13,45,1
44,13,40,0
33,9,40,0
34,10,40,1
45,13,40,1
59,9,40,0
43,14,40,1
58,13,40,0
46,5,43,0
33,11,70,0
23,10,50,0
52,9,45,1
44,14,40,1
60,13,40,1
51,9,54,0
52,13,50,1
57,13,45,0
41,9,48,0
38,13,40,1
31,10,50,0
20,9,40,0
36,13,40,0
40,9,40,0
50,10,40,0
50,9,40,0
34,10,45,1
35,14,40,0
43,15,30,1
29,9,55,0
33,13,45,1
42,10,40,0
32,9,40,0
45,13,50,1
25,7,40,0
31,10,40,0
54,9,40,0
45,13,50,1
32,9,40,0
30,9,40,0
25,9,40,0
38,7,40,0
53,10,45,1
52,10,40,0
31,7,40,0
19,10,40,0
33,9,70,0
33,13,40,0
35,10,61,1
42,9,40,0
66,4,40,0
22,10,10,0
20,9,40,0
40,9,35,0
37,9,42,0
31,12,40,0
56,13,40,0
79,10,20,0
23,10,40,0
40,9,40,0
26,9,96,0
33,10,40,0
32,5,40,0
29,7,40,0
44,10,40,1
43,13,48,0
26,13,40,0
30,14,15,1
75,10,40,1
58,9,50,0
30,13,40,1
44,13,40,1
53,10,48,1
24,13,40,0
35,12,40,0
23,10,40,0
37,9,55,0
27,9,40,0
34,13,45,1
30,9,65,1
36,7,40,0
41,9,62,0
31,12,50,1
32,10,40,0
45,14,50,1
59,14,20,0
67,9,50,0
30,10,30,0
47,14,45,0
30,9,40,1
23,9,40,0
51,9,40,0
18,10,30,0
29,15,50,0
46,9,70,0
50,10,50,0
41,13,37,0
37,12,65,1
28,10,45,0
43,13,42,0
32,10,55,1
34,9,40,0
22,10,40,0
28,12,65,0
45,14,40,1
20,8,40,0
28,9,20,0
32,14,10,0
52,9,36,0
25,9,36,0
35,11,45,0
35,11,40,1
28,13,45,0
39,9,40,0
25,9,75,0
18,10,40,0
20,9,40,0
57,6,40,0
21,9,45,0
44,10,38,0
35,9,44,0
17,7,10,0
21,10,32,0
43,11,40,0
49,9,40,0
52,11,56,0
56,10,40,1
59,9,45,1
44,12,40,0
20,10,40,0
47,10,45,0
32,13,40,0
48,9,45,0
19,5,25,0
34,9,60,0
45,12,45,1
63,9,45,0
44,10,40,0
20,9,30,0
22,11,40,0
59,16,40,1
52,11,50,1
31,6,40,0
68,13,35,1
19,10,25,0
33,9,40,0
39,13,40,1
46,10,40,1
41,12,50,0
27,9,50,0
26,4,48,0
45,12,40,0
23,13,20,0
37,7,60,1
45,10,55,1
30,13,40,0
35,13,38,0
30,9,50,0
21,9,36,0
55,16,60,1
33,7,40,0
52,5,40,0
37,9,60,0
34,14,60,0
17,7,20,0
31,9,40,0
44,9,40,0
28,13,55,0
81,10,15,0
44,6,35,0
30,10,25,1
47,10,20,0
43,10,40,0
23,10,40,0
53,5,40,0
25,13,40,0
33,13,45,0
39,11,40,0
17,5,20,0
39,10,40,0
22,10,25,0
52,9,50,0
50,13,40,1
56,9,55,1
51,15,40,1
24,11,60,0
22,10,40,0
36,13,45,0
30,16,20,0
60,10,65,0
62,13,50,1
53,14,38,1
34,12,50,1
24,13,40,0
30,8,40,0
44,9,96,0
55,13,60,1
49,9,60,0
36,13,40,1
38,14,40,1
33,16,50,1
52,9,8,0
54,4,60,0
43,11,25,0
36,11,40,1
38,10,40,0
59,15,55,1
28,7,50,1
21,10,57,0
37,13,40,0
44,9,40,0
34,14,55,1
35,13,50,0
39,10,40,0
27,13,30,0
19,7,56,0
29,9,40,0
35,9,43,0
19,9,32,0
51,13,40,1
18,9,25,0
61,4,40,0
42,14,40,1
64,9,40,1
47,3,20,0
37,9,85,0
50,10,40,1
31,7,25,0
46,9,15,0
48,15,13,0
23,10,40,0
24,13,40,0
20,9,40,0
52,9,22,0
39,9,30,0
29,13,40,1
40,9,40,0
31,11,40,1
27,9,40,0
33,6,40,0
59,9,40,0
46,14,55,1
28,9,40,0
17,6,20,0
24,9,40,0
32,13,37,0
37,13,55,1
27,14,30,0
41,9,40,0
22,9,40,0
37,9,40,0
42,9,40,1
28,9,40,1
25,9,40,0
53,14,48,1
17,5,40,0
35,10,45,0
31,6,40,1
48,11,40,0
24,10,50,0
47,13,60,1
54,9,45,0
39,15,45,1
31,9,40,1
17,7,45,0
36,10,50,0
28,9,48,0
33,13,65,0
57,9,40,0
60,13,50,1
23,7,40,0
45,9,40,0
62,9,40,0
29,13,40,0
26,9,40,0
54,11,20,0
38,11,40,0
43,13,45,1
35,9,40,0
47,14,38,0
28,9,40,0
41,9,40,0
35,9,65,1
44,9,38,0
67,9,65,0
18,6,6,0
44,6,50,0
48,9,40,1
29,9,55,0
42,10,40,0
28,9,40,0
32,9,50,0
39,9,40,0
18,9,22,0
24,9,40,0
26,9,45,0
59,10,40,0
25,12,40,0
20,9,40,0
27,10,48,0
65,13,20,0
46,13,50,1
55,10,40,0
44,10,40,0
34,13,50,0
64,4,40,1
37,9,40,0
38,13,40,1
24,9,50,0
59,15,30,0
73,13,50,1
44,13,45,1
52,9,40,0
18,4,40,0
54,5,40,0
34,10,38,0
21,9,50,0
47,10,40,0
45,13,40,1
25,9,45,0
25,9,84,0
19,9,15,0
58,11,40,0
31,9,40,0
69,9,33,0
35,10,55,1
31,9,40,0
56,9,40,0
35,9,50,0
29,9,44,0
39,9,40,0
42,9,40,0
30,9,40,0
45,16,40,1
32,13,40,0
20,9,48,0
47,9,40,1
34,9,15,0
27,6,60,0
20,9,47,0
53,13,48,1
27,10,45,0
58,11,42,0
55,13,50,1
25,9,35,0
28,12,40,0
29,13,50,0
29,9,40,0
41,9,50,0
44,10,18,1
33,9,45,0
50,9,84,0
32,13,40,1
40,10,40,1
41,9,40,0
31,9,40,0
51,9,40,0
45,10,50,0
47,11,40,0
19,9,35,0
24,13,45,0
20,9,40,0
26,7,40,0
41,13,40,1
25,9,78,0
41,14,55,0
25,9,40,0
42,9,85,0
30,9,40,0
35,13,40,0
53,9,40,0
24,10,43,0
52,8,40,0
54,6,40,0
26,9,52,0
58,9,25,0
44,9,70,0
27,10,45,0
42,10,40,0
43,14,50,1
50,13,8,0
39,9,50,0
59,14,45,1
40,5,40,0
48,14,40,0
58,9,70,0
34,13,40,0
42,9,48,0
34,9,40,0
24,13,10,0
46,13,45,0
43,10,50,1
32,13,50,0
37,10,40,0
61,13,55,0
39,9,40,0
54,10,40,0
17,6,30,0
34,9,40,0
52,13,40,1
61,9,37,0
59,13,50,0
46,9,40,0
56,13,20,1
33,7,30,0
39,11,48,1
42,13,40,1
41,10,40,1
25,9,38,0
41,9,40,0
19,8,40,0
35,15,50,1
54,9,49,0
43,11,40,0
23,10,50,0
54,13,40,1
64,9,99,0
54,13,40,0
47,9,40,1
38,9,50,0
51,9,40,1
44,10,40,0
20,10,40,0
36,12,48,1
26,13,20,0
36,9,50,0
36,14,40,1
29,9,40,0
44,6,40,0
53,10,55,0
37,10,50,0
42,13,45,1
28,12,45,1
37,9,40,1
39,13,40,0
35,13,37,0
61,15,5,1
20,9,25,0
29,9,40,0
46,9,40,0
68,4,8,0
54,9,40,0
45,16,45,1
47,13,65,0
29,12,60,0
54,10,60,0
22,8,30,0
32,10,40,1
28,9,20,0
60,16,55,0
27,10,45,0
35,9,40,0
41,10,40,1
48,9,50,1
56,3,40,0
29,13,45,1
53,9,35,0
46,7,30,0
20,9,30,0
49,15,60,1
50,9,40,1
43,10,43,1
28,12,40,0
32,9,40,0
27,10,45,0
17,4,45,0
28,13,40,0
61,9,40,0
19,10,60,0
38,5,40,0
18,7,20,0
32,4,40,0
29,12,45,0
37,9,55,0
36,9,40,1
40,10,32,0
39,6,60,0
32,13,50,0
22,10,40,0
47,7,8,0
61,7,40,0
58,5,40,0
43,10,60,0
31,14,40,0
39,10,45,1
49,12,25,0
21,9,32,0
17,7,10,0
24,5,12,0
67,14,2,0
19,10,40,0
28,12,20,0
69,9,36,0
27,9,39,0
32,16,40,1
39,13,45,0
56,13,50,1
34,9,60,1
33,13,40,0
21,9,48,0
46,13,40,1
40,9,30,0
44,14,40,1
64,10,40,0
24,13,40,1
23,9,40,0
43,9,35,1
50,10,40,1
51,9,40,0
49,9,42,1
29,11,55,0
32,11,50,0
23,14,40,0
32,9,40,0
57,11,40,0
45,14,65,1
31,10,45,0
24,10,40,0
19,10,35,0
42,12,50,0
29,13,35,1
42,5,40,0
22,10,40,0
45,12,40,0
58,13,40,0
22,9,50,0
22,10,30,0
25,10,40,0
48,13,44,1
33,15,40,1
32,10,50,0
27,13,12,0
68,13,55,1
30,9,40,0
44,13,40,1
24,12,30,0
37,9,50,1
48,9,40,1
74,13,10,0
20,10,40,0
32,9,60,1
58,10,40,1
37,9,35,0
20,9,40,0
27,9,40,0
55,9,40,0
39,9,45,0
34,13,65,1
31,10,40,1
25,9,40,0
26,10,40,0
31,13,40,0
39,9,38,1
45,9,50,0
47,10,44,1
27,9,99,0
32,8,40,0
50,14,40,1
36,10,55,1
26,9,40,0
25,9,40,0
31,12,40,1
39,5,25,0
41,10,40,0
27,9,40,1
33,10,41,0
40,10,50,0
46,4,40,0
27,13,40,0
34,10,50,1
37,10,45,0
32,11,45,0
36,10,40,0
27,10,50,0
30,13,40,0
35,13,52,1
57,13,20,0
57,10,40,1
49,9,40,0
60,7,20,0
58,9,80,0
54,9,60,1
35,15,50,1
59,5,40,0
54,9,45,0
46,9,40,0
70,10,80,0
23,13,40,0
42,7,40,0
31,9,50,1
26,10,45,0
59,9,20,0
59,5,60,1
48,10,42,1
24,13,60,0
51,13,40,0
35,10,40,0
44,15,70,1
27,9,22,0
38,10,45,1
46,10,50,0
41,9,52,1
40,11,40,0
39,9,56,0
23,9,38,0
52,14,70,0
20,9,50,0
18,8,25,0
45,10,42,0
45,11,50,1
68,9,25,0
50,9,40,0
44,13,50,0
37,9,40,0
18,7,8,0
19,9,24,0
46,9,40,0
39,8,40,0
26,13,40,0
42,9,50,1
36,9,40,0
48,15,60,1
57,13,40,1
40,13,40,1
52,9,40,1
62,11,40,0
37,13,45,1
47,13,48,0
46,13,40,0
22,9,40,0
42,14,50,1
41,9,40,0
33,13,40,0
25,10,40,0
25,7,40,0
32,10,50,1
44,4,48,0
39,15,50,0
22,11,44,0
26,13,40,0
18,10,4,0
22,10,72,0
30,10,48,0
35,16,45,1
48,9,40,1
58,3,40,0
30,13,10,0
58,14,20,0
27,7,40,0
37,9,50,1
32,10,40,0
29,13,75,0
63,4,40,0
54,4,40,0
17,6,30,0
39,7,35,0
40,9,55,0
52,9,60,0
22,9,50,0
24,10,20,0
31,13,50,0
26,9,40,0
35,10,45,0
64,13,40,0
49,9,45,0
24,11,30,1
20,9,35,0
29,12,60,0
52,15,50,1
23,10,15,0
17,8,16,0
51,9,50,0
19,9,30,0
17,6,25,0
26,13,50,0
19,9,40,0
47,4,40,0
41,13,38,1
42,10,65,1
46,9,40,0
30,13,40,1
65,13,40,1
31,10,40,1
37,7,50,0
29,10,50,0
32,14,48,0
20,7,40,0
21,9,37,0
36,7,43,0
21,10,35,0
28,10,50,1
59,4,40,0
41,9,48,0
19,9,40,0
37,14,40,1
69,10,16,0
26,9,40,0
24,10,40,0
54,2,50,0
39,9,50,0
44,13,35,0
33,6,40,0
42,13,50,1
51,9,45,0
42,12,40,0
61,9,40,1
44,12,30,0
51,9,55,0
36,9,50,0
39,14,40,1
31,13,40,0
46,9,40,0
38,10,60,0
39,9,42,0
22,10,38,0
40,13,40,1
40,11,60,0
30,9,55,0
28,13,18,0
38,10,60,1
17,6,8,0
30,9,40,0
35,13,50,1
17,8,40,0
18,7,35,0
47,10,50,0
45,10,40,0
34,9,40,0
50,13,40,0
45,4,55,1
32,10,44,0
30,9,40,0
64,9,35,0
34,9,51,0
51,10,40,0
57,9,72,0
28,9,35,0
27,9,40,0
45,10,50,1
63,9,30,0
77,10,40,0
63,9,70,0
52,6,40,0
61,12,42,0
34,10,50,1
36,9,40,0
20,10,25,0
40,13,53,0
41,13,40,0
23,10,40,0
45,13,51,0
48,9,40,1
31,9,40,0
36,9,60,1
46,11,40,0
29,9,40,0
30,13,50,1
45,6,60,0
36,10,20,1
49,14,50,1
56,9,50,0
38,9,40,0
75,7,50,0
57,14,40,1
27,11,40,0
28,9,40,0
36,10,55,1
46,13,40,0
61,9,55,0
40,13,40,0
22,9,37,0
42,10,60,0
31,9,45,0
36,9,45,1
46,7,40,0
38,10,40,0
47,10,40,0
24,9,40,0
43,9,55,1
43,9,40,0
82,4,5,0
23,10,10,0
50,10,70,0
64,3,40,0
45,13,50,1
29,13,41,0
29,9,45,0
25,9,48,0
61,4,31,0
36,9,50,0
32,9,45,0
27,13,40,0
48,10,50,1
31,13,40,1
53,14,36,1
56,6,56,0
31,10,40,0
69,9,30,0
55,14,18,0
32,9,40,0
19,10,20,0
44,9,40,0
63,10,45,1
28,9,38,0
32,10,55,1
56,10,50,0
42,14,40,1
18,6,40,0
47,10,80,0
60,9,40,0
46,4,45,0
24,9,40,0
39,12,40,0
46,10,60,1
35,9,40,0
38,10,60,0
39,10,65,0
26,10,40,0
24,13,40,0
69,11,8,0
52,14,40,0
41,16,60,1
22,10,40,0
36,9,45,1
77,10,6,0
27,12,40,0
29,9,50,0
42,10,40,0
29,10,42,0
49,9,48,1
32,9,50,0
39,8,50,0
24,9,30,0
30,4,50,0
23,13,40,0
30,9,50,0
35,15,80,1
50,4,60,0
30,13,42,0
34,9,40,0
47,10,86,0
25,9,40,0
41,13,20,0
22,10,8,0
33,9,70,0
28,9,40,0
61,13,50,0
28,10,40,0
41,9,48,0
70,7,40,0
35,10,40,0
76,6,1,0
22,9,20,0
60,10,40,0
29,7,48,0
34,9,45,0
38,11,40,0
55,13,40,0
47,9,40,0
35,5,45,0
33,9,40,1
38,9,40,0
33,9,40,0
31,9,50,0
36,9,40,1
19,9,42,0
45,10,40,0
21,10,20,0
25,13,40,0
41,11,60,0
40,10,50,1
32,14,40,1
60,4,40,0
52,10,40,0
43,13,50,1
23,9,40,0
56,9,40,0
30,5,45,0
30,14,44,1
33,5,48,0
56,13,40,0
70,9,28,0
33,14,50,1
18,8,20,0
27,10,80,0
33,9,50,0
28,9,40,0
50,15,50,1
18,7,25,0
20,9,50,0
53,9,40,1
69,9,13,0
37,9,40,0
51,14,80,1
43,12,60,0
38,11,15,0
35,6,40,0
23,9,40,0
24,9,40,0
38,9,60,0
38,13,40,0
22,10,50,0
25,9,40,0
20,9,40,0
33,9,40,0
42,7,40,0
35,10,60,1
37,13,45,1
51,13,45,0
41,10,40,0
64,9,40,0
21,9,40,0
46,10,40,0
33,3,50,1
37,4,40,0
21,9,35,0
50,15,75,1
35,9,40,0
43,11,40,0
33,9,20,0
61,10,35,0
34,10,72,0
36,9,40,0
41,10,60,0
28,12,65,1
58,13,70,1
28,10,40,0
65,13,40,0
38,9,42,0
67,8,20,0
20,9,40,0
18,7,40,0
46,9,40,1
70,13,6,0
33,11,60,0
24,10,48,0
43,13,60,1
17,7,40,0
23,12,40,0
37,9,40,1
43,9,40,0
34,13,50,0
46,10,60,1
25,9,35,0
64,15,9,1
45,9,40,1
44,10,72,0
65,9,24,0
33,10,40,0
64,10,40,0
44,13,40,1
62,9,30,0
47,13,50,0
33,10,35,0
24,10,50,1
55,9,40,0
43,9,48,1
69,4,48,0
50,9,40,1
24,10,35,0
46,9,30,0
46,15,40,1
43,10,40,1
59,10,40,1
17,7,10,0
48,10,45,0
33,9,40,0
41,9,45,0
27,13,50,0
61,15,50,1
57,5,40,0
38,9,40,0
61,9,38,1
40,14,50,1
55,11,40,0
20,10,45,0
28,9,45,0
49,10,60,0
56,6,40,0
24,9,38,0
50,9,32,0
22,9,50,0
44,9,40,0
36,9,40,0
46,11,60,1
21,10,45,0
63,13,40,1
31,14,50,0
28,13,50,1
29,11,40,1
64,9,50,1
18,7,20,0
41,12,40,0
37,14,70,1
36,9,40,0
64,16,60,1
21,9,50,0
34,14,60,1
63,12,40,1
20,10,35,0
51,4,42,0
80,7,25,0
28,14,50,0
35,10,60,0
70,9,16,0
31,9,40,0
27,14,35,0
25,9,40,0
19,8,40,0
24,10,72,1
69,9,48,0
32,10,60,0
42,9,40,0
49,10,40,0
26,9,40,0
21,10,50,0
65,9,20,0
55,11,20,0
19,9,40,0
53,9,60,1
55,9,60,0
23,13,35,0
50,9,84,1
27,9,40,0
35,9,99,0
31,13,44,1
20,9,40,0
34,14,35,0
20,10,15,0
57,11,40,1
40,9,40,0
19,9,25,0
26,10,55,0
34,9,48,0
52,12,40,0
54,13,45,1
22,13,40,0
43,14,50,1
39,9,48,0
59,14,55,0
27,13,55,0
20,9,43,0
60,9,40,0
32,13,55,0
44,13,40,0
24,10,40,1
29,9,45,0
39,14,60,1
22,9,40,0
48,10,40,1
52,9,50,1
19,10,40,0
29,9,40,0
57,13,40,1
37,9,50,0
26,9,40,0
32,6,40,0
65,16,40,1
34,9,48,0
42,10,45,0
43,9,40,0
61,9,60,0
31,9,40,0
76,13,10,0
47,12,40,1
56,9,50,0
21,10,35,0
43,9,40,0
46,13,50,1
24,7,50,1
38,13,50,1
55,15,55,1
30,9,40,0
49,10,40,0
21,10,40,0
21,10,20,0
58,10,40,1
34,9,40,0
20,6,40,0
40,10,48,1
24,13,40,0
21,10,48,0
40,13,50,0
43,12,40,0
26,13,40,0
70,6,50,0
26,9,52,1
51,10,40,1
18,9,30,0
44,9,40,0
28,9,40,1
43,14,40,0
35,13,50,1
30,4,40,0
25,10,40,0
21,9,40,0
32,9,40,0
42,10,55,1
56,13,50,0
22,10,40,0
51,9,40,0
25,5,15,0
20,11,40,0
34,10,45,1
25,13,40,0
36,9,50,0
64,9,20,0
27,9,40,0
49,10,40,0
28,9,40,0
34,9,45,0
25,9,40,0
42,9,40,0
35,10,40,0
33,9,40,0
36,13,40,1
39,13,45,0
24,10,24,0
41,13,70,0
60,9,42,1
45,12,40,0
47,16,45,0
36,9,40,0
29,10,60,0
35,10,40,0
39,9,40,1
34,9,40,0
18,7,15,0
26,10,40,1
40,13,40,1
30,13,40,0
23,10,40,0
50,11,50,0
40,9,60,1
19,9,40,0
43,10,40,0
39,7,40,0
33,6,40,0
43,9,40,1
51,9,50,0
28,9,65,1
82,9,20,0
63,10,32,0
45,12,40,1
35,9,38,0
22,9,20,0
64,13,40,0
28,9,40,0
36,13,40,0
22,13,40,0
76,13,40,0
44,13,60,0
37,10,40,0
50,13,40,1
73,6,4,0
48,7,50,1
62,9,65,0
20,12,20,0
25,7,40,0
37,9,40,0
39,13,40,0
19,10,10,0
43,13,70,1
64,9,45,1
40,16,60,1
34,9,40,1
75,9,26,0
60,14,50,0
39,14,60,0
40,13,50,1
37,9,56,0
61,4,40,0
20,9,40,0
68,7,20,0
38,15,60,1
56,4,40,0
37,7,40,0
44,4,40,0
33,9,40,0
29,5,40,0
42,13,40,0
39,12,40,1
18,10,30,0
64,1,40,0
59,5,40,0
34,7,40,0
48,14,50,1
23,10,40,0
36,10,52,0
19,9,40,0
54,9,32,0
41,10,50,0
37,9,40,0
44,9,40,0
38,9,65,1
17,6,12,0
37,6,40,0
32,15,40,1
47,13,60,1
47,9,49,1
26,13,40,0
49,10,17,0
29,13,40,1
34,9,40,0
24,9,45,0
31,13,55,1
57,9,78,0
68,9,20,0
38,9,40,0
54,10,52,0
31,10,40,0
34,10,45,1
30,10,52,0
31,9,18,0
32,13,45,0
29,9,60,0
29,9,40,0
41,9,40,1
34,10,40,0
24,9,25,0
63,10,30,0
30,10,60,1
34,9,40,0
24,13,30,0
51,9,30,0
19,10,40,0
44,14,40,1
50,2,40,0
39,13,40,0
62,9,40,0
48,10,40,0
33,11,62,0
29,16,50,1
36,14,45,1
17,8,20,0
56,10,45,0
50,6,38,0
31,11,40,0
47,9,50,0
56,10,40,1
53,10,60,1
18,8,10,0
48,13,40,0
66,7,40,0
42,14,40,0
28,10,40,1
54,12,50,1
29,14,30,0
56,10,60,0
57,9,50,1
41,9,40,0
38,10,50,0
51,7,40,0
35,9,50,0
51,9,40,0
45,10,40,1
67,14,48,1
46,14,40,1
45,9,40,1
48,5,44,0
21,10,30,0
41,9,50,1
29,9,45,0
29,13,40,1
41,10,40,0
45,10,65,1
39,5,40,0
40,1,40,0
31,4,40,0
41,11,40,0
28,6,36,0
26,8,40,0
37,9,50,0
35,7,50,0
60,10,35,1
29,9,40,0
29,9,50,0
24,13,32,0
46,5,25,0
61,3,40,0
19,9,30,0
30,12,40,0
48,14,35,0
66,9,50,1
35,3,36,0
42,9,45,0
29,13,55,0
37,6,50,0
32,6,45,0
31,9,50,0
33,9,50,0
47,9,40,1
18,4,40,0
25,10,50,0
40,10,40,1
46,9,50,0
37,10,40,0
24,9,40,0
28,10,30,0
39,14,50,1
38,13,40,1
45,10,75,0
45,10,30,0
30,9,40,0
45,10,40,1
44,10,60,1
51,9,60,0
22,10,40,0
42,9,60,0
21,9,50,0
41,9,50,0
24,9,40,0
55,9,40,0
37,14,50,0
36,10,50,1
17,7,40,0
33,10,50,0
22,10,40,0
50,9,50,0
58,13,50,0
31,13,40,1
36,13,50,1
37,10,45,0
53,13,52,1
42,9,60,0
31,9,40,0
21,9,45,0
20,10,35,0
22,7,40,0
41,10,7,0
36,10,45,0
35,7,45,0
48,13,55,0
30,9,55,0
34,13,60,1
30,9,45,1
69,9,8,0
51,9,40,0
23,13,28,0
37,9,40,0
24,10,40,0
40,10,40,0
38,7,48,1
32,11,40,0
25,9,40,0
28,9,50,0
20,9,45,0
32,9,40,0
38,9,60,0
71,15,28,0
38,9,52,0
43,7,55,0
33,13,40,0
37,13,50,1
47,9,55,0
70,9,40,0
34,13,30,0
60,11,46,1
54,10,45,1
49,10,44,1
25,9,40,0
55,9,30,0
32,9,52,0
59,9,40,1
39,9,45,0
52,9,50,1
35,9,44,0
56,10,45,1
29,9,40,0
46,11,40,0
54,4,40,0
31,11,45,0
53,2,50,0
34,10,70,0
50,9,40,0
44,13,40,1
34,7,50,0
29,9,45,0
35,5,50,0
23,12,20,0
37,10,50,1
32,10,40,0
59,9,48,0
38,9,40,1
46,10,48,0
54,9,40,0
17,4,8,0
35,16,60,0
62,13,40,1
35,9,60,0
27,13,45,1
25,9,40,0
23,10,40,0
23,5,70,0
47,14,40,1
38,4,35,1
46,10,40,0
42,9,40,1
45,13,50,0
51,9,40,0
49,14,40,1
21,4,40,0
51,13,40,0
58,14,35,1
26,13,50,0
59,9,40,1
35,9,40,0
49,14,40,1
37,9,45,0
34,5,40,0
34,10,40,0
31,16,40,0
28,9,50,0
32,11,45,1
43,10,30,0
28,10,40,0
23,10,25,0
21,10,20,0
33,10,40,0
22,10,40,0
60,13,45,1
19,10,50,0
32,9,40,0
69,13,40,0
40,10,45,0
29,4,72,0
28,10,45,0
53,9,40,0
23,9,40,0
27,9,40,0
44,8,55,0
27,16,52,0
43,10,40,0
34,13,40,0
34,10,45,0
24,10,30,0
27,10,50,0
38,9,50,0
24,13,40,0
48,12,44,0
38,13,45,1
19,10,15,0
36,14,40,0
34,9,70,0
47,9,50,1
39,10,60,0
49,10,60,0
19,9,30,0
29,9,40,0
60,10,40,0
77,3,20,0
57,2,22,0
23,10,40,0
77,13,50,1
44,10,70,1
46,10,58,1
38,13,45,1
50,9,40,0
69,9,24,0
35,13,40,0
63,13,40,0
32,9,40,0
41,15,50,0
49,4,40,0
37,14,45,1
35,10,50,0
68,4,16,0
34,10,40,0
40,11,40,1
25,9,40,0
36,13,50,1
39,13,40,0
33,13,45,1
40,14,40,1
38,11,42,0
52,14,40,0
27,9,60,0
28,7,50,0
49,13,40,0
41,9,40,0
32,6,45,0
30,9,40,0
42,10,28,0
55,9,46,0
58,9,50,0
47,9,45,1
27,9,40,0
34,10,40,0
35,10,60,0
22,10,40,0
68,13,30,0
41,9,45,0
30,9,40,0
27,9,40,0
23,9,40,0
58,9,40,1
53,10,50,1
26,10,40,0
27,10,48,0
45,11,40,0
23,13,40,0
50,10,35,0
21,7,40,0
64,6,10,1
46,10,40,0
34,9,40,0
42,13,60,1
25,5,45,0
41,10,80,1
45,10,40,1
51,9,44,0
57,13,80,0
28,9,43,0
51,14,55,1
59,14,40,1
34,9,60,0
42,13,50,0
29,9,40,0
47,9,35,0
64,2,20,0
44,9,45,0
39,16,50,1
55,6,40,0
26,10,40,0
26,9,40,0
36,14,40,1
38,15,60,0
39,9,40,0
37,13,55,1
19,9,53,0
35,13,42,0
24,13,33,0
50,11,45,0
30,10,44,0
43,10,48,1
34,9,40,0
32,9,40,0
41,13,40,0
43,11,45,1
45,9,46,0
46,15,40,1
22,7,40,0
32,9,43,0
18,6,30,0
39,9,40,1
40,10,40,0
22,13,40,0
83,9,20,0
27,13,50,0
37,14,60,1
41,13,40,1
45,13,72,1
48,9,60,0
35,8,40,0
41,9,40,0
53,11,40,1
27,9,50,0
26,7,40,0
18,8,10,0
49,13,26,1
57,9,40,1
21,10,20,0
28,13,20,0
40,9,40,0
84,13,20,0
26,11,55,0
41,15,50,1
49,9,50,1
45,9,40,0
43,9,42,1
42,9,8,0
38,12,40,0
28,6,50,0
58,9,40,1
40,9,40,1
32,9,20,1
43,10,40,0
26,14,38,0
34,10,40,0
56,9,40,0
27,6,60,0
56,13,40,1
20,10,40,0
30,10,44,0
32,10,40,0
55,9,40,0
25,9,40,0
23,13,40,0
26,10,40,0
30,9,50,0
40,10,43,0
68,9,50,1
25,13,40,0
22,10,98,0
48,14,40,0
25,10,42,0
28,9,60,0
46,10,40,0
47,15,45,1
22,9,20,0
30,7,45,1
35,9,40,0
29,9,50,0
47,10,40,1
52,9,40,1
23,10,45,0
20,9,80,0
57,4,50,0
22,10,40,0
40,16,45,0
39,11,60,1
49,3,40,0
35,10,38,0
38,10,40,0
29,9,40,1
37,9,40,0
32,10,45,0
31,10,40,0
28,9,50,0
27,9,40,0
40,10,52,0
45,13,40,0
44,13,44,1
30,10,45,1
57,14,50,1
58,9,40,0
48,9,40,0
45,10,56,1
26,13,40,1
49,13,50,0
64,2,40,0
54,13,50,0
39,15,45,1
40,11,40,0
48,10,40,0
33,9,30,0
41,9,40,1
30,10,40,0
57,9,40,0
43,9,40,1
34,10,50,0
27,13,80,1
28,11,60,0
59,11,35,1
36,13,60,1
34,13,50,1
30,9,40,0
41,9,40,0
37,13,45,0
23,11,40,0
30,6,40,0
51,9,40,0
42,9,40,1
41,10,50,0
21,9,35,0
47,9,40,0
60,10,40,0
28,9,40,0
58,7,40,0
49,9,40,0
36,10,50,0
35,9,40,0
51,11,40,0
35,15,50,1
22,8,30,0
48,13,45,0
32,9,40,0
40,14,40,0
27,9,50,0
33,9,40,0
60,9,40,0
49,14,43,1
24,10,30,0
32,13,40,0
28,10,40,1
54,9,40,1
31,9,40,0
33,9,50,0
55,10,40,0
19,10,40,0
68,9,15,0
40,13,44,1
71,9,40,0
25,9,45,0
47,14,47,1
61,9,40,0
21,9,40,0
43,14,45,0
50,9,60,1
29,14,40,0
37,10,50,1
57,9,50,1
60,10,40,1
56,10,45,1
44,9,40,1
64,6,40,1
40,13,35,0
51,14,40,1
36,9,50,0
51,13,40,1
25,12,55,0
42,14,50,1
40,11,38,1
23,9,40,0
31,14,90,1
31,9,45,0
43,12,40,0
64,9,40,0
27,9,30,0
55,9,45,0
26,9,50,0
26,14,55,1
49,10,40,0
25,9,40,0
50,13,45,1
39,7,40,0
55,13,40,1
30,13,42,1
53,9,40,0
28,6,40,0
40,11,42,0
22,10,25,0
33,9,30,0
29,9,50,0
19,9,12,0
37,10,50,1
23,8,50,0
53,10,40,0
42,13,40,0
30,13,50,1
64,9,40,0
20,10,40,0
25,13,60,0
32,9,40,0
44,13,3,0
23,11,20,0
21,9,40,0
25,13,40,0
52,10,40,0
76,5,40,0
28,8,50,0
30,9,99,0
19,10,10,0
24,12,30,0
44,10,56,1
31,10,50,0
62,10,10,0
39,12,40,0
17,6,30,0
35,13,50,1
53,9,60,0
23,9,40,0
50,12,50,1
47,13,60,0
48,11,40,0
38,9,42,1
19,9,40,0
20,10,20,0
58,9,24,0
63,9,55,0
38,10,40,0
55,9,40,1
36,9,50,1
33,10,48,1
33,9,45,0
36,9,50,0
25,9,50,0
32,9,45,0
24,8,40,0
55,9,60,0
60,9,40,0
24,14,13,0
59,9,60,1
34,10,20,0
42,11,40,0
44,16,40,1
43,13,40,0
54,16,60,1
68,9,45,0
66,4,40,0
17,7,25,0
42,13,40,1
20,11,30,0
70,16,40,1
43,14,55,0
64,13,24,1
29,9,40,0
31,9,40,0
67,4,3,0
62,9,40,0
56,5,40,0
24,8,40,0
25,9,40,0
24,11,40,0
46,10,40,0
22,13,45,0
50,7,40,0
35,12,40,0
36,15,80,1
37,9,40,0
49,13,50,1
30,13,50,0
41,10,65,0
28,10,50,0
42,4,30,0
39,12,52,0
22,10,25,0
51,7,40,0
31,14,40,1
44,13,60,0
22,9,40,0
60,7,40,1
23,10,20,0
19,10,25,0
24,9,50,0
54,9,40,0
20,10,24,0
49,10,40,1
36,9,45,0
26,9,48,0
44,4,80,1
42,10,45,0
41,11,40,0
32,12,42,0
69,9,8,0
60,4,40,0
42,9,45,1
27,6,40,0
50,10,70,1
52,10,40,1
55,10,40,0
49,6,70,0
27,9,40,0
40,11,40,0
34,9,40,0
27,13,50,0
47,9,40,1
34,14,38,0
36,6,48,0
27,13,40,0
31,12,40,1
56,9,40,0
37,9,40,0
37,14,60,1
47,9,25,0
24,9,40,0
33,11,40,0
34,13,30,1
64,9,8,0
30,9,40,0
47,9,40,0
35,9,40,0
44,9,40,1
32,6,50,0
78,13,3,0
24,7,40,0
34,13,40,0
40,14,40,1
55,9,20,0
26,13,40,0
38,9,40,1
34,9,50,0
41,13,40,1
36,11,45,0
29,9,16,0
23,10,40,0
35,9,40,0
33,10,40,0
35,13,40,1
35,9,40,0
34,10,40,0
48,10,40,1
36,13,55,0
50,13,55,1
25,7,40,0
32,9,40,1
58,8,40,0
50,11,50,1
47,9,40,0
61,14,60,1
25,10,44,1
19,9,15,0
56,9,70,0
61,9,40,0
24,10,40,0
24,13,39,0
51,9,40,0
34,13,45,1
43,9,50,0
23,10,20,0
56,9,40,1
31,13,40,1
36,12,40,0
47,9,40,1
51,10,45,0
34,9,40,0
36,13,40,0
27,13,40,0
47,10,40,0
19,10,40,0
38,9,40,1
62,9,40,0
29,10,40,0
47,9,40,1
40,11,50,1
59,9,45,0
40,9,40,1
41,9,40,1
33,9,45,0
44,16,36,1
36,9,40,0
45,10,40,1
17,7,20,0
23,13,40,0
57,9,40,1
49,9,40,1
34,9,45,0
58,11,40,1
29,9,38,0
48,9,40,0
28,13,40,0
38,9,50,0
29,10,60,0
60,9,40,0
30,10,45,1
39,11,49,0
36,12,40,1
36,11,38,0
39,10,40,0
33,14,45,0
17,6,20,0
37,11,40,0
28,13,45,0
34,10,40,1
25,9,40,0
29,9,42,0
36,10,40,0
23,13,40,0
36,9,55,0
26,9,60,0
18,7,20,0
45,13,45,0
26,9,45,0
56,4,40,0
60,14,40,1
39,13,50,1
33,9,40,1
48,6,30,0
45,10,80,0
19,9,25,0
31,10,50,1
50,15,50,1
20,10,40,0
46,10,40,1
21,9,40,0
29,11,48,0
17,7,40,0
30,13,50,1
33,13,40,1
49,11,40,1
23,12,40,0
28,9,16,0
26,9,44,0
55,9,20,0
40,13,75,1
39,9,50,0
53,13,30,1
31,15,40,1
21,10,20,0
23,9,40,0
50,9,40,1
24,11,40,0
45,10,99,0
41,12,40,0
32,13,55,0
24,13,45,0
28,9,35,0
34,9,40,1
28,9,40,0
55,6,40,0
35,9,40,0
26,9,40,0
59,9,50,1
17,6,20,0
90,9,40,0
51,10,60,0
67,7,8,0
44,10,50,1
50,10,45,1
29,12,45,0
53,14,40,1
28,13,50,0
20,9,40,0
32,9,40,0
41,9,40,0
34,9,40,1
30,10,40,1
45,10,52,0
26,13,40,0
59,11,50,1
31,9,40,0
24,10,50,0
29,10,40,0
39,9,40,0
60,6,48,0
24,7,60,0
29,9,42,0
28,9,40,0
49,9,40,0
47,9,40,1
35,7,36,0
28,9,70,0
27,11,20,0
20,10,40,0
26,11,48,0
60,3,40,0
18,7,40,0
32,9,60,1
21,10,50,0
43,4,45,0
45,14,50,1
51,9,40,0
54,13,40,1
60,9,42,1
30,10,40,0
51,9,40,0
20,10,40,0
28,10,70,0
38,10,55,1
53,13,40,0
39,9,40,0
25,13,50,0
56,11,48,1
58,13,50,0
40,9,60,1
50,10,50,1
30,13,45,1
35,5,40,0
38,10,50,1
42,9,40,0
39,9,40,1
29,9,40,0
25,13,50,0
24,10,40,0
49,12,60,1
25,10,43,0
52,13,40,1
43,13,42,1
31,13,40,0
40,6,50,0
21,11,40,0
48,9,40,0
35,11,40,1
22,11,50,0
23,10,40,0
23,9,50,0
38,10,52,1
80,12,4,0
41,9,40,1
42,10,89,1
42,13,30,0
22,9,40,0
18,7,30,0
49,9,70,0
65,11,25,0
37,7,25,0
41,13,60,1
59,10,40,1
38,13,40,1
24,13,40,0
26,9,48,0
23,10,25,0
44,2,10,0
37,10,50,0
58,4,40,0
46,9,40,0
43,13,35,0
21,10,30,0
29,13,40,0
52,16,38,1
52,10,40,1
38,13,40,1
40,9,63,0
57,14,50,1
55,6,18,0
28,13,60,1
20,10,30,0
43,10,40,1
42,11,40,0
27,9,40,0
19,9,40,0
44,9,50,0
29,10,45,0
35,9,40,0
50,9,40,1
40,15,38,1
54,10,30,0
65,6,22,1
31,9,40,0
47,11,40,0
63,13,27,0
42,10,40,0
44,10,45,1
35,9,40,0
42,10,52,1
49,10,40,0
49,12,45,1
41,9,50,1
43,6,40,0
36,12,50,0
27,5,40,0
35,9,45,0
20,9,40,0
58,13,40,1
45,9,40,1
41,10,50,1
54,13,50,0
53,16,50,1
38,13,50,1
62,10,40,0
28,13,45,1
39,13,60,1
31,5,43,1
36,9,40,0
29,9,40,0
20,9,35,0
46,9,40,0
49,9,40,0
48,6,45,1
44,14,60,1
57,15,30,1
51,9,40,0
62,10,40,0
22,10,45,0
23,10,44,0
25,13,45,1
63,16,12,0
45,14,40,0
33,13,38,0
23,13,42,0
24,13,40,0
24,9,40,0
28,9,40,0
32,13,50,1
45,13,37,0
24,9,45,0
18,6,40,0
46,13,35,1
24,10,12,0
41,10,40,0
29,13,50,1
56,10,50,1
42,13,60,1
37,10,40,1
39,9,40,0
61,12,2,1
47,16,60,1
43,9,50,0
61,9,40,0
31,9,50,1
17,7,20,0
34,10,40,1
26,9,50,0
23,9,54,0
29,9,45,0
61,14,60,1
43,12,40,0
43,9,50,1
23,10,40,0
22,9,43,0
63,14,46,0
22,8,35,0
26,9,40,0
23,9,8,0
18,10,15,0
25,9,35,0
35,9,40,0
33,10,12,0
30,9,50,0
41,13,40,0
44,13,40,1
36,5,40,0
38,11,55,1
43,11,40,1
51,9,40,0
42,9,40,0
49,7,50,0
31,13,70,1
29,11,56,0
32,10,35,0
32,10,60,0
25,9,30,0
33,9,60,0
65,7,20,0
36,9,55,1
40,10,35,1
33,9,40,0
66,14,6,0
51,13,55,1
25,8,40,0
23,9,40,0
57,13,10,0
27,9,50,0
32,16,77,0
31,10,40,1
25,9,37,0
36,11,50,1
25,10,40,0
37,13,40,0
38,13,60,0
39,9,40,0
28,13,40,0
24,13,20,0
36,10,60,1
41,15,50,1
44,13,40,0
36,13,45,1
31,13,25,0
52,16,60,1
18,7,20,0
63,10,35,0
35,13,40,0
51,13,50,1
43,10,17,0
48,11,40,1
64,9,40,0
50,15,50,1
44,10,40,0
30,13,40,0
20,10,20,0
39,9,60,1
39,14,40,0
52,13,45,1
20,9,40,0
48,10,40,0
46,10,70,1
23,10,40,0
79,9,40,1
25,13,40,0
19,10,30,0
30,9,50,0
38,13,99,0
41,10,40,1
45,13,60,1
63,7,22,0
23,9,48,0
19,5,60,0
22,8,40,0
35,7,40,0
34,13,40,0
38,9,40,0
28,10,40,0
28,9,55,0
30,11,50,1
40,14,40,1
54,9,56,1
27,10,40,0
49,13,60,1
40,15,72,0
56,10,40,1
31,13,40,0
27,10,30,0
51,9,45,1
18,10,12,0
60,4,40,0
57,9,30,0
51,9,50,0
43,11,50,1
64,7,40,0
34,9,40,0
29,9,40,1
31,12,55,1
32,10,40,0
22,10,25,0
20,9,40,0
19,10,15,0
34,10,40,0
25,9,65,0
41,9,72,1
48,10,40,0
37,11,40,0
45,13,60,0
23,13,40,0
40,6,35,0
46,9,40,0
58,9,40,1
48,15,60,0
28,9,45,1
50,14,40,1
37,9,40,1
41,9,60,0
29,15,55,1
54,10,40,1
28,9,40,0
51,8,50,0
44,14,40,1
24,9,50,0
61,7,40,0
45,10,40,0
31,9,40,1
69,13,20,0
61,10,44,1
35,13,50,0
25,9,40,0
31,11,45,0
50,13,50,1
57,13,45,1
27,10,40,0
43,9,55,0
30,9,40,0
29,9,40,0
63,9,35,0
58,9,50,0
34,16,50,1
30,10,48,0
21,6,25,0
70,15,25,0
41,13,48,1
42,9,40,1
31,13,37,0
22,9,40,0
33,9,60,0
61,9,40,0
48,9,40,0
32,14,50,0
30,9,66,0
45,10,40,1
66,4,50,0
57,9,40,0
31,7,40,0
29,10,40,0
24,12,12,0
26,14,30,0
58,7,16,0
32,9,40,0
33,13,50,0
32,10,40,1
32,10,50,0
48,9,36,0
28,7,40,0
25,13,40,0
37,10,40,0
34,11,48,0
43,13,40,0
32,10,40,0
47,13,40,0
33,13,50,0
48,11,40,1
42,9,99,1
48,13,40,1
25,13,30,0
30,9,35,0
23,10,60,0
40,10,45,0
43,13,37,1
46,10,40,1
79,15,10,0
25,10,40,1
34,13,55,0
24,13,38,0
21,10,40,0
33,9,65,0
42,9,39,0
49,10,40,0
35,9,60,1
27,10,40,1
55,6,50,0
37,11,40,0
35,10,80,0
43,10,99,0
50,9,50,0
47,12,40,1
17,9,20,0
40,9,40,0
62,6,40,0
44,15,29,1
69,9,20,0
44,10,60,0
54,13,48,0
50,9,60,0
45,10,40,0
43,9,45,1
39,9,60,1
52,13,38,0
41,14,75,1
44,10,60,1
37,11,40,1
49,9,55,0
32,9,50,0
26,11,65,0
46,4,40,0
42,13,40,0
41,9,40,1
25,9,36,0
48,9,40,0
41,15,50,1
55,6,40,0
32,13,43,1
54,9,15,0
38,10,45,0
57,9,25,1
43,13,50,1
56,9,40,1
20,9,12,0
41,9,40,0
62,13,40,0
45,13,45,1
35,13,40,0
32,6,40,0
48,9,55,0
32,7,50,0
40,10,48,1
35,13,40,0
38,9,40,0
19,10,23,0
28,13,40,0
27,10,35,0
31,9,48,1
27,13,45,0
26,10,40,1
35,11,50,0
69,13,40,0
25,12,45,0
23,12,52,0
52,9,44,0
46,13,45,1
58,9,55,1
49,5,40,0
22,10,12,0
21,10,43,0
54,9,40,1
41,15,80,1
22,13,40,0
46,13,60,1
26,13,40,0
61,6,40,0
29,13,40,0
17,6,40,0
27,14,40,0
52,13,50,1
40,13,60,1
44,10,42,0
57,10,45,1
52,11,40,0
45,9,40,0
50,14,50,1
57,10,40,1
46,10,40,0
34,9,50,0
29,13,50,1
61,10,6,0
35,9,20,0
36,10,40,1
37,6,35,0
48,9,40,0
33,10,40,1
79,13,40,0
60,9,42,0
32,9,50,0
33,9,44,1
21,9,65,0
24,9,40,0
59,16,50,0
34,9,40,0
41,11,45,0
60,10,45,0
25,6,40,0
45,10,40,1
27,13,40,0
28,13,40,0
37,10,40,0
24,4,50,0
44,16,60,1
43,9,20,0
45,9,40,1
49,10,80,1
19,9,20,0
29,13,40,0
24,13,45,0
21,10,75,0
45,13,40,0
35,9,60,0
42,9,40,0
47,9,50,1
44,14,42,1
22,9,40,0
47,13,40,0
33,7,40,0
39,10,40,1
26,13,48,0
62,13,50,1
37,10,47,0
18,9,60,0
24,13,35,0
64,9,3,0
50,14,40,1
28,11,40,0
46,9,20,0
24,9,50,0
29,10,55,0
35,14,40,1
43,9,60,0
29,13,50,0
44,13,40,1
33,9,46,0
36,12,50,0
29,10,35,0
41,10,35,1
50,8,40,0
61,10,40,1
51,14,60,0
66,7,30,0
38,9,40,0
34,9,40,1
21,9,50,0
18,10,25,0
23,10,40,0
27,13,60,1
32,13,44,0
36,14,40,1
26,10,50,0
22,9,40,0
31,13,40,1
50,9,50,0
43,10,48,0
54,8,40,0
50,10,40,0
44,10,44,1
59,16,40,0
33,10,60,0
72,7,40,0
45,4,10,0
21,9,40,0
22,11,40,0
27,9,45,1
64,9,20,0
23,3,50,0
41,9,60,1
60,9,50,0
52,9,40,0
61,9,40,0
47,9,40,1
46,11,50,0
55,8,30,0
62,15,30,1
52,9,98,1
45,9,42,0
39,13,40,0
71,15,12,1
35,6,40,0
18,7,20,0
18,10,28,0
37,13,48,1
40,9,40,0
21,9,24,0
63,9,40,0
42,13,52,1
42,10,40,0
18,8,55,0
60,9,40,0
33,10,40,1
20,10,25,0
43,13,45,1
51,13,47,1
35,14,40,1
25,9,40,0
33,10,40,0
17,7,15,0
36,7,50,0
25,9,40,0
23,9,40,0
28,10,40,1
69,6,20,0
47,11,40,0
32,13,65,1
42,14,40,0
24,10,40,0
69,15,34,1
56,10,30,0
54,10,40,0
17,6,20,0
41,13,45,1
37,6,65,0
28,9,40,0
37,9,40,0
49,13,40,1
59,10,42,0
43,9,45,0
50,9,40,0
47,10,40,0
50,6,25,0
48,14,40,1
45,9,44,1
42,10,50,0
22,10,20,0
49,9,40,0
57,9,38,0
24,10,40,0
23,9,40,0
17,6,6,0
19,10,28,0
39,10,40,0
25,9,50,0
71,10,10,0
53,9,40,1
57,9,40,0
31,12,40,0
20,9,40,0
35,12,99,1
41,9,40,0
21,10,48,0
46,9,40,0
60,10,60,0
35,13,50,1
19,10,20,0
37,15,45,1
38,14,43,0
33,9,40,0
43,9,40,1
24,9,40,0
40,9,40,0
33,11,65,0
42,10,38,0
45,9,50,0
42,9,50,0
21,10,40,0
60,9,40,1
36,10,40,0
20,9,40,0
68,9,40,0
24,4,40,0
20,10,70,0
84,3,20,0
26,10,40,0
19,7,40,0
28,13,46,1
20,10,45,0
70,13,40,0
80,4,20,0
62,13,60,1
25,6,40,0
30,11,40,0
45,13,60,1
37,9,40,1
25,9,30,0
49,10,45,1
61,9,35,1
36,13,55,0
73,13,30,0
40,12,40,1
37,9,40,1
36,9,40,0
28,9,70,1
65,10,27,0
30,13,40,0
38,10,40,0
25,10,40,0
30,10,40,0
21,5,42,0
19,10,35,0
28,9,40,0
31,11,30,1
24,9,40,0
19,9,20,0
19,10,20,0
18,9,40,0
36,10,40,1
42,13,50,0
46,8,35,1
81,13,5,0
64,4,10,0
36,9,40,0
42,9,50,0
45,9,40,0
55,9,60,1
22,9,55,0
44,10,50,0
38,9,55,0
31,13,40,0
48,11,50,1
41,10,50,1
34,10,35,0
26,9,40,0
25,9,40,0
37,13,60,1
39,9,65,0
39,9,18,0
37,10,40,0
38,10,40,1
19,10,50,0
57,10,60,1
30,9,40,1
17,6,40,0
32,9,40,0
31,9,45,0
28,9,40,0
51,10,50,0
57,4,40,0
32,10,40,0
39,13,40,1
26,9,24,0
44,13,45,0
28,9,50,1
90,9,40,0
24,10,45,0
23,13,40,0
36,13,38,0
46,10,60,0
40,12,50,0
27,11,40,0
37,9,40,1
21,9,40,0
27,8,50,0
44,10,80,0
24,13,30,0
54,10,40,0
36,10,40,0
39,10,45,0
25,10,40,0
29,11,43,0
39,10,40,0
45,11,20,0
21,9,40,0
30,9,60,0
50,9,30,0
31,14,43,0
46,4,40,0
44,14,35,1
37,9,60,1
20,9,40,0
83,9,55,0
18,7,20,0
25,10,30,0
19,10,15,0
19,9,40,0
51,11,40,0
33,13,50,1
28,13,40,1
54,13,38,0
31,10,38,0
25,11,45,0
32,10,50,0
52,9,40,1
46,13,40,1
19,9,30,0
34,9,40,0
27,10,40,0
25,9,35,0
41,9,40,0
20,10,20,0
19,10,25,0
49,13,45,1
46,10,40,0
33,13,50,1
24,9,40,0
46,14,40,1
53,10,40,1
29,14,50,0
34,9,50,0
35,9,40,1
60,3,40,0
19,10,20,0
31,12,40,0
55,10,40,1
38,16,45,1
38,9,40,0
39,9,48,0
37,10,40,0
22,13,50,0
25,9,60,1
28,12,32,0
31,11,40,0
19,7,24,0
43,9,30,0
41,9,40,0
27,11,60,0
43,10,72,1
17,7,40,0
30,9,50,0
23,9,40,0
63,2,35,0
27,10,50,0
19,8,20,0
24,9,40,0
31,13,40,1
48,11,48,0
23,9,45,0
43,10,40,0
58,13,60,1
31,9,50,0
61,4,30,0
65,10,40,0
27,9,40,0
56,9,40,0
45,13,50,1
44,10,40,1
26,10,40,0
62,4,40,0
56,4,50,1
73,3,6,0
37,10,40,0
39,10,40,1
26,10,65,0
21,9,40,0
17,6,40,0
53,9,40,0
62,10,45,0
31,1,24,0
30,11,35,0
21,9,24,0
29,9,20,0
38,9,45,0
58,9,40,0
43,9,70,1
53,13,44,1
57,13,80,1
40,13,37,0
53,13,40,1
28,13,40,1
20,9,40,0
31,6,40,0
30,9,40,1
44,9,68,0
41,9,30,0
34,13,40,1
49,4,70,0
56,10,40,0
34,13,38,0
46,9,37,0
58,10,36,0
37,13,65,1
39,13,45,1
18,7,40,0
63,14,70,1
18,7,72,0
34,9,35,0
39,14,50,0
49,16,50,1
33,16,60,1
39,10,50,1
36,6,40,0
22,10,40,0
72,9,12,0
49,8,39,0
41,10,40,1
37,9,40,0
56,16,50,0
17,7,20,0
61,8,40,0
23,11,40,0
32,14,50,0
45,10,84,1
27,11,40,0
40,9,32,0
37,10,43,0
40,9,40,0
24,12,48,0
22,10,40,0
32,15,60,0
21,10,30,0
67,10,8,0
46,13,40,0
61,13,40,1
46,10,38,1
43,9,45,0
45,10,41,0
47,12,40,1
29,10,45,0
30,9,40,0
21,10,70,0
35,13,45,0
34,11,40,0
47,9,70,0
42,14,65,0
30,13,25,0
17,7,12,0
31,4,40,0
22,7,70,1
36,9,35,0
43,6,40,0
37,9,40,0
23,7,35,0
44,13,50,1
35,12,40,1
19,9,20,0
41,11,35,1
27,9,38,0
37,9,40,0
51,13,60,1
20,10,40,0
18,7,18,0
34,9,50,0
20,9,48,0
29,9,40,0
37,13,50,1
69,9,24,0
30,9,44,0
17,7,30,0
33,9,40,0
24,10,50,0
26,9,25,0
46,9,40,0
55,12,60,0
24,10,30,0
48,10,40,1
53,10,66,0
42,6,40,0
37,10,45,0
23,9,60,0
55,5,55,0
57,10,50,0
39,9,50,1
43,10,50,1
41,10,48,0
26,13,45,0
56,13,40,1
34,10,50,0
42,9,15,0
52,13,55,0
25,13,40,0
45,13,45,1
21,10,70,0
32,9,60,0
53,10,40,0
56,13,40,1
28,14,50,0
43,13,70,1
24,9,60,0
48,14,72,0
31,9,50,0
53,9,40,0
47,14,40,0
29,13,40,0
42,10,55,1
23,13,40,0
54,10,40,1
76,10,8,0
33,9,40,0
51,13,35,1
25,10,40,0
45,9,40,0
20,10,20,0
31,10,40,0
21,10,30,0
46,11,40,0
19,10,40,0
27,13,40,0
32,13,40,1
34,10,40,0
45,13,60,0
23,10,35,0
33,6,40,0
45,14,18,1
28,13,45,0
23,9,40,0
19,10,20,0
26,13,70,0
50,15,60,1
26,9,40,0
51,12,60,0
37,11,54,1
46,10,40,0
19,10,25,0
44,15,40,1
45,5,40,0
54,11,40,0
47,13,40,1
56,9,40,1
20,9,30,0
30,9,40,0
33,9,66,0
31,10,50,1
37,13,40,1
36,6,40,0
32,9,50,0
55,10,40,1
35,10,40,0
43,9,40,0
31,5,40,0
50,10,84,1
33,11,40,0
67,7,40,0
32,16,40,0
28,13,55,0
53,9,40,1
32,12,30,0
36,13,50,0
20,10,10,0
52,10,95,1
24,10,40,0
28,9,45,0
39,11,40,0
42,16,36,1
20,10,40,0
43,9,45,0
61,10,25,0
28,13,45,0
39,14,45,0
66,4,30,0
24,10,60,0
42,9,50,1
26,10,40,0
38,9,45,1
24,6,40,0
30,9,60,1
24,10,40,0
29,8,40,0
63,9,40,0
22,10,35,0
53,9,40,1
28,13,40,0
27,10,40,0
56,4,40,1
55,4,75,0
18,6,40,0
21,9,40,0
31,6,40,0
20,10,25,0
23,11,40,0
33,7,7,0
60,9,40,0
36,10,60,1
50,13,40,0
40,11,15,0
44,10,40,0
51,9,70,0
42,11,45,0
52,9,40,0
40,13,15,0
25,9,40,0
62,9,35,0
22,9,40,0
55,10,40,0
54,10,42,0
69,16,50,1
47,13,50,1
52,11,40,1
22,10,2,0
18,7,16,0
43,9,40,0
37,9,40,0
41,9,50,0
23,9,50,0
50,5,40,0
61,9,50,1
20,9,40,0
52,9,55,1
52,11,40,0
56,9,40,0
59,9,48,0
44,13,40,0
36,5,40,0
19,9,35,0
46,9,48,1
27,10,40,0
49,10,40,0
23,9,40,0
50,9,40,1
49,10,22,0
47,9,40,0
37,9,45,0
59,9,40,1
33,9,35,0
20,7,40,0
36,9,40,0
23,9,50,0
28,9,50,0
57,13,55,1
40,10,50,0
18,6,40,0
46,10,40,0
50,9,50,0
61,10,40,0
30,13,40,1
21,9,40,0
22,10,40,0
70,9,20,0
37,9,40,0
53,10,55,0
24,9,30,0
53,9,40,0
22,11,40,0
47,9,48,1
52,9,14,0
28,10,48,0
53,12,40,1
24,10,40,0
39,10,99,0
31,9,40,0
24,13,30,0
31,9,40,0
33,9,20,0
42,12,40,1
43,9,40,0
50,10,55,0
55,13,50,1
59,9,38,1
40,12,40,0
27,10,45,0
29,11,44,1
27,13,45,0
52,12,40,1
35,13,52,1
20,10,15,0
25,14,40,0
24,13,39,0
38,6,35,0
35,13,48,1
63,9,25,0
51,9,40,1
50,10,60,1
35,12,40,0
43,9,50,0
36,12,52,1
62,9,40,0
65,6,70,0
42,9,45,0
21,10,40,0
47,13,40,1
34,13,40,1
49,10,50,1
40,9,50,0
59,7,40,0
30,10,40,1
23,10,40,1
31,9,40,0
42,10,40,0
50,9,40,1
25,12,13,0
48,14,55,1
44,9,45,1
20,10,40,0
50,13,40,0
36,9,40,0
35,9,40,0
27,8,55,0
25,9,40,0
50,9,38,0
31,9,45,0
47,14,35,1
57,9,45,0
29,9,50,0
51,9,28,0
52,3,40,0
55,9,60,0
53,13,60,1
31,9,40,0
26,13,50,1
22,10,15,0
20,10,12,0
29,9,45,0
51,10,40,1
30,15,50,0
46,9,40,0
48,11,43,1
51,13,50,1
20,10,30,0
28,9,40,0
36,13,50,1
37,7,40,0
36,9,60,1
26,13,40,1
60,9,40,0
69,5,20,0
36,12,60,1
30,9,60,0
62,13,50,1
47,10,40,0
33,14,40,0
26,7,20,0
24,10,40,0
29,9,60,0
20,9,20,0
44,12,40,1
45,13,40,1
24,13,44,1
36,16,35,0
59,9,40,1
39,9,55,0
48,5,40,1
45,14,40,1
24,11,40,0
76,4,30,0
27,14,55,0
43,9,45,0
47,9,40,0
39,5,50,0
53,9,45,0
36,9,50,0
19,10,30,0
36,11,40,1
28,6,40,0
22,9,20,0
41,13,70,0
28,7,50,0
22,10,40,0
50,10,40,1
38,13,50,0
43,9,40,0
23,10,40,0
30,4,40,0
50,13,35,0
37,9,40,0
48,9,50,0
18,9,60,0
54,9,40,1
50,9,35,0
30,9,50,0
35,9,35,0
35,10,40,0
40,14,65,1
46,10,40,1
64,14,50,0
55,9,72,0
74,9,30,1
45,14,55,1
24,9,40,0
56,4,48,0
30,9,40,0
30,9,40,0
32,9,41,0
31,9,40,0
35,15,65,1
60,13,40,1
31,9,43,1
39,14,60,1
37,11,40,1
58,10,40,1
21,9,50,0
59,7,40,0
18,10,30,0
36,9,40,0
42,9,40,0
54,10,40,1
35,13,60,0
45,10,50,1
31,12,40,1
32,9,40,1
56,9,40,0
45,9,32,1
34,11,50,0
29,13,40,1
35,14,40,1
52,7,40,0
59,13,40,1
23,10,40,0
50,9,40,0
20,10,40,0
28,13,45,1
39,9,40,1
23,13,20,0
54,9,40,1
76,13,30,0
32,9,40,0
26,9,40,0
45,7,42,0
42,13,45,0
28,13,40,1
52,10,40,1
20,10,40,0
38,9,40,0
45,9,35,0
19,10,35,0
43,10,70,1
60,13,35,1
25,9,52,0
26,10,40,0
67,4,4,0
19,9,30,0
51,10,99,1
39,9,40,0
56,10,40,1
81,15,24,1
37,15,40,0
41,9,25,0
20,6,40,0
23,10,20,0
38,9,40,0
28,15,40,0
44,14,99,0
37,10,40,0
39,13,40,0
35,9,60,0
62,9,40,0
22,10,25,0
21,9,40,0
34,9,55,1
24,9,40,0
53,13,40,1
24,10,55,0
43,13,40,1
63,6,45,0
53,9,40,1
40,13,40,1
60,11,60,1
46,14,55,1
44,13,40,1
60,10,15,0
62,9,40,1
53,10,40,0
45,10,45,0
32,12,40,0
40,14,40,0
42,13,60,0
31,10,40,0
38,10,40,0
31,10,50,0
34,9,50,0
32,12,60,1
28,9,40,0
33,10,24,0
35,13,40,0
30,10,45,0
43,13,60,0
32,9,48,0
31,10,40,0
56,9,55,0
32,15,40,0
45,14,40,1
46,9,38,0
26,9,48,0
43,10,40,0
67,9,24,0
52,10,40,0
47,15,35,0
56,13,40,1
25,9,40,0
31,10,50,1
43,5,40,0
50,9,40,0
40,10,40,0
17,8,20,0
56,7,45,0
62,9,8,0
31,13,40,0
30,13,50,0
43,9,40,0
59,13,40,0
23,9,40,0
23,13,50,0
17,6,40,0
54,9,41,0
46,14,45,1
33,9,40,0
33,9,55,1
32,9,40,0
43,13,45,0
22,9,40,0
24,9,60,0
42,9,50,0
21,9,40,0
44,13,50,0
60,9,40,0
40,11,40,1
27,9,40,0
20,9,20,0
35,9,40,0
28,9,45,0
26,13,40,0
39,10,45,0
48,9,70,1
54,10,40,0
35,7,35,0
62,10,45,0
44,11,40,1
21,10,40,0
45,13,50,1
63,9,20,0
24,11,40,0
42,13,45,1
29,11,40,0
28,9,40,0
36,9,45,0
25,14,40,0
20,5,40,0
27,9,40,0
63,13,30,1
56,7,40,0
47,10,40,0
24,13,25,0
51,13,50,0
41,14,45,1
23,9,30,0
43,12,40,0
24,9,50,0
34,10,40,0
19,9,40,0
31,10,48,0
19,9,40,0
67,4,40,0
33,9,40,0
23,9,45,0
44,13,50,1
48,9,40,0
21,10,16,0
72,9,8,0
31,10,60,0
46,16,60,1
30,6,55,0
47,4,10,0
39,11,40,0
35,13,50,0
30,9,60,0
63,9,45,0
58,7,40,0
20,10,40,0
29,9,40,1
44,13,60,1
30,13,60,1
54,13,45,1
49,9,40,1
45,13,40,0
31,10,65,1
58,9,45,1
42,10,56,1
53,5,50,0
29,9,40,0
22,10,50,0
30,9,55,0
49,15,48,0
19,9,50,0
42,9,40,0
17,6,10,0
24,13,20,0
30,9,35,1
36,10,55,0
34,7,40,0
76,9,20,0
36,9,45,0
44,13,40,0
19,9,35,0
31,9,45,0
19,10,14,0
49,12,40,0
19,9,40,0
44,13,40,1
54,13,50,1
24,9,40,0
44,13,40,1
27,12,40,0
47,13,40,1
32,13,45,0
47,13,40,1
30,13,40,0
33,9,40,0
27,9,48,0
48,9,80,0
35,4,40,0
50,13,45,1
29,9,40,0
45,11,40,0
22,12,60,0
34,10,44,0
39,13,45,1
25,9,80,1
47,9,40,0
21,9,40,0
44,13,52,0
46,9,40,0
23,13,50,0
52,10,50,0
55,7,45,0
40,10,40,0
39,10,60,1
44,13,40,0
60,4,40,0
46,13,25,0
32,10,48,0
27,11,60,0
50,10,48,1
61,10,40,0
29,13,40,0
30,13,40,0
75,10,16,0
41,10,60,0
40,9,45,0
47,15,40,1
38,9,50,0
41,13,40,1
46,10,40,1
34,9,40,0
62,13,4,0
43,9,40,0
47,13,40,1
20,10,20,0
43,14,50,1
30,7,40,0
64,16,60,1
48,9,45,1
30,9,40,0
24,13,40,0
25,9,40,0
41,9,40,0
44,15,50,1
19,10,35,0
22,12,20,0
22,9,20,0
28,10,50,0
56,7,49,0
40,7,55,0
31,9,64,0
38,10,40,1
41,14,38,1
23,10,48,0
33,13,60,1
61,9,40,0
30,7,40,0
20,10,20,0
34,10,40,1
80,15,35,1
22,10,50,0
40,6,40,1
41,10,50,0
54,9,40,0
26,9,40,0
43,10,40,0
30,10,40,0
40,14,50,1
34,10,40,1
40,9,40,0
47,9,50,0
62,9,40,0
39,14,50,1
58,7,48,0
23,10,20,0
31,11,40,0
24,8,40,0
24,10,56,0
28,9,70,0
37,10,40,1
43,10,45,0
50,10,99,1
23,10,25,0
38,9,55,1
25,10,30,0
30,13,40,0
57,9,45,1
47,13,50,0
36,10,40,0
24,9,40,0
27,9,40,0
40,13,45,1
30,9,40,0
26,12,45,0
28,9,40,1
32,10,30,0
50,13,40,1
24,10,40,0
59,10,40,1
33,10,36,0
55,11,40,1
59,7,40,0
41,10,52,0
50,14,40,1
58,9,40,0
48,13,50,0
55,6,40,0
29,9,40,1
21,10,40,0
56,12,20,0
74,9,30,0
31,9,45,0
52,10,60,0
23,11,56,0
29,9,40,0
30,11,40,1
54,9,40,0
40,13,40,0
25,9,40,0
27,13,45,0
26,9,40,0
46,13,60,1
32,9,40,0
32,9,40,0
25,10,40,0
35,13,45,1
45,11,76,0
21,9,40,0
73,7,3,0
45,13,55,0
36,13,70,0
50,9,50,1
22,9,16,0
20,9,40,0
23,10,40,0
33,9,50,1
33,9,40,0
49,9,40,1
37,9,50,0
25,9,40,0
51,3,40,0
50,13,40,0
43,10,48,1
42,14,40,1
33,10,40,0
50,14,65,1
44,10,40,0
19,10,40,0
67,10,40,0
67,13,8,1
23,9,40,0
36,9,40,1
65,13,15,0
46,9,40,1
51,9,40,1
60,9,40,0
45,15,40,1
41,9,50,0
38,10,44,0
49,9,60,1
62,14,2,1
26,13,40,0
42,14,40,1
42,13,32,0
38,9,40,0
39,9,40,0
33,13,60,1
17,6,40,0
18,7,12,0
46,10,40,0
76,9,6,0
25,13,45,0
45,9,50,1
22,9,40,0
29,10,40,0
30,9,50,0
23,9,40,0
35,10,50,0
19,9,40,0
39,9,40,0
44,9,50,0
68,6,20,0
35,13,45,1
80,4,30,0
51,10,75,0
20,7,60,0
30,9,40,1
43,13,40,1
31,5,40,0
37,9,40,0
40,9,40,0
53,10,40,0
24,13,20,0
32,9,30,0
25,7,99,0
30,5,37,0
46,9,40,0
36,13,50,1
20,9,40,0
36,15,55,1
56,8,40,0
34,9,50,0
62,14,60,1
39,9,65,0
33,13,40,0
53,14,42,1
32,13,35,0
18,7,16,0
25,13,40,0
58,10,65,1
41,13,40,0
43,10,40,0
33,8,40,0
36,10,56,1
24,11,45,0
32,11,40,0
22,9,35,0
23,9,40,0
27,9,40,1
35,10,46,0
36,10,48,0
35,7,40,0
33,11,50,0
41,9,60,0
56,9,40,1
31,13,40,0
26,10,40,0
24,9,40,0
45,9,40,0
19,9,20,0
21,10,25,0
33,7,40,0
50,9,40,0
44,14,40,1
29,11,40,0
62,9,48,0
17,6,24,0
58,9,20,0
28,9,45,1
62,4,10,0
70,9,37,0
44,13,45,0
45,9,50,0
64,9,18,0
41,13,50,1
35,11,60,0
47,13,40,1
36,9,40,1
57,9,60,0
38,9,40,1
30,9,45,0
69,13,40,0
19,7,40,0
55,9,81,0
44,13,60,1
52,16,40,1
54,13,40,1
27,9,40,0
31,9,47,1
45,10,70,0
19,9,20,0
35,13,40,1
23,9,40,0
46,4,47,0
70,11,30,0
51,13,40,0
24,7,40,0
51,10,20,0
40,5,40,1
34,12,40,0
50,13,50,1
78,7,10,0
22,10,40,0
28,9,40,0
19,7,20,0
35,9,50,0
42,9,75,1
34,10,50,1
21,10,10,0
39,10,60,0
47,11,40,1
38,9,40,0
34,10,40,0
42,9,45,0
24,11,40,0
23,10,40,0
35,9,60,1
26,13,30,0
46,10,40,0
34,10,60,0
41,15,60,1
22,13,25,0
35,14,44,1
41,9,50,0
50,9,48,1
39,13,60,1
53,9,40,0
38,7,50,0
42,13,40,0
33,10,40,0
18,7,15,0
26,13,41,0
41,13,40,0
20,9,40,0
30,14,46,1
25,9,95,0
37,9,50,0
59,10,40,0
29,8,40,1
59,14,40,1
28,6,40,0
59,10,40,1
37,9,46,0
23,7,40,0
20,9,35,0
46,9,40,0
46,10,50,1
37,10,40,0
47,13,40,0
40,6,40,1
35,10,50,1
42,10,45,0
46,13,51,0
38,9,45,0
67,6,40,0
41,9,40,0
18,10,10,0
29,10,65,0
43,9,40,0
27,13,2,0
33,12,40,0
39,9,30,0
49,4,32,0
30,15,40,0
22,13,30,0
42,9,40,0
50,15,40,1
34,9,48,1
29,13,40,1
19,9,20,0
32,9,55,0
20,5,40,0
28,5,42,0
40,13,60,0
44,14,40,0
36,12,50,1
44,16,60,0
41,5,40,0
34,9,40,0
54,10,55,0
32,13,20,0
72,6,15,0
35,6,99,0
31,9,45,1
47,10,30,0
30,13,65,0
38,9,50,0
25,8,43,0
29,9,40,0
22,13,20,0
20,6,40,0
26,6,99,0
40,9,84,0
46,13,44,1
52,9,40,1
26,9,60,0
21,10,40,0
41,14,35,0
35,10,40,0
21,9,40,0
43,10,40,1
49,10,40,1
35,12,52,0
47,9,40,0
28,9,55,0
49,13,40,0
39,13,40,0
26,9,40,0
25,5,45,0
26,7,40,1
38,12,50,1
25,9,48,0
42,9,96,0
37,9,50,0
17,7,20,0
22,10,40,0
41,6,60,0
55,13,40,0
37,15,45,1
41,10,40,0
33,9,40,1
39,9,40,0
31,9,40,1
56,10,50,0
44,9,55,0
17,7,10,0
31,9,65,0
41,14,60,1
22,10,48,0
79,16,6,1
45,9,40,0
36,9,70,1
33,11,56,0
49,15,85,1
55,4,50,0
19,10,10,0
31,13,48,0
21,10,40,0
52,14,32,1
41,9,50,0
65,7,40,0
20,9,60,0
29,10,55,0
49,9,40,0
57,9,60,0
47,9,34,0
45,12,50,1
36,10,45,0
22,9,40,0
36,9,40,0
47,13,60,0
30,4,38,0
28,9,40,0
46,14,45,1
31,4,25,0
49,5,40,0
49,9,30,0
38,13,45,1
19,7,30,0
51,9,40,0
41,13,35,0
32,10,40,0
35,9,60,0
55,11,40,1
62,15,15,1
35,13,50,1
33,10,50,0
24,13,40,0
19,10,40,0
51,10,45,1
22,9,40,0
61,9,16,0
28,13,45,0
54,6,65,0
36,10,45,0
46,6,40,1
37,9,40,0
34,9,50,0
78,10,3,1
38,10,40,0
22,9,40,0
66,10,40,0
51,13,25,0
40,10,40,1
20,10,40,0
65,9,25,0
37,9,40,1
35,13,55,1
52,2,50,1
41,9,40,0
40,15,60,1
31,9,43,0
32,13,40,1
40,9,40,0
29,14,45,0
32,9,40,0
28,10,40,0
33,10,45,0
24,10,50,0
36,9,70,0
27,9,40,0
48,9,36,0
46,10,58,0
55,4,50,0
26,14,32,0
23,10,40,0
54,9,40,0
58,9,40,0
51,7,40,0
41,9,40,0
58,9,40,0
28,9,50,0
24,10,65,0
26,9,60,0
33,13,45,0
27,10,60,0
36,9,40,0
35,9,40,0
61,10,50,1
27,9,40,0
23,10,50,0
27,13,42,1
35,14,50,0
38,9,40,0
24,9,40,0
24,9,40,0
22,10,6,0
27,9,45,0
50,7,40,0
49,14,40,1
22,9,40,0
18,7,20,0
27,14,40,0
49,9,40,0
37,9,45,0
41,9,10,0
31,9,70,1
30,9,60,0
34,10,40,0
30,9,44,0
34,7,84,0
31,9,40,0
56,6,40,0
28,13,40,0
35,9,50,0
55,6,45,0
57,9,60,1
50,10,40,0
59,9,40,0
60,15,45,1
25,10,42,0
23,9,40,0
36,11,60,0
37,9,40,0
32,13,40,0
34,10,40,0
50,10,60,1
54,12,50,1
34,9,50,0
45,13,40,0
29,9,35,0
40,13,40,1
44,10,50,0
30,9,40,0
47,10,40,0
66,10,24,0
54,9,40,1
48,9,40,0
33,13,55,0
64,9,5,0
18,9,35,0
23,13,30,0
42,9,50,0
25,13,43,0
40,13,45,1
34,13,40,1
67,6,16,0
22,9,40,0
49,11,40,0
44,10,40,1
45,9,45,1
33,9,40,1
49,14,65,1
63,9,4,0
27,10,35,0
32,12,40,0
32,9,40,0
59,4,70,0
30,10,50,0
40,15,50,1
30,10,40,1
43,10,45,0
54,13,40,0
63,10,15,0
37,13,45,1
22,10,25,0
57,9,40,0
34,9,40,1
23,11,40,0
31,10,40,0
34,13,50,0
39,11,40,0
59,2,40,0
20,9,40,0
33,9,40,0
43,10,42,0
59,4,48,0
48,9,40,0
49,9,40,0
36,9,40,0
60,9,50,0
46,14,45,1
48,16,65,1
39,14,50,1
32,9,40,0
28,12,60,0
36,10,50,0
70,15,35,1
31,9,40,0
47,9,40,0
36,9,40,0
25,10,25,0
39,9,80,0
27,13,35,0
66,9,40,0
24,9,40,0
18,8,25,0
40,9,60,1
41,9,40,0
26,6,40,0
58,9,40,0
28,10,40,0
63,6,40,0
28,9,40,0
51,9,38,0
23,10,50,0
58,9,53,1
21,9,40,0
46,11,40,0
18,9,30,0
35,9,40,0
38,4,40,0
51,10,40,0
36,6,40,0
30,13,55,1
46,9,56,1
40,5,45,0
42,9,48,0
42,14,70,0
40,9,40,0
46,13,38,0
42,13,70,0
66,9,10,0
22,10,40,0
34,10,50,0
50,10,40,1
38,13,50,0
39,10,38,0
36,10,50,1
36,9,50,1
36,12,45,0
29,13,40,1
60,11,40,0
46,9,40,0
59,9,60,0
65,9,50,0
39,7,30,0
20,10,40,0
28,10,30,0
36,10,60,1
38,10,45,0
32,9,35,0
49,10,40,0
37,7,40,0
27,10,24,0
50,10,40,0
49,14,40,1
62,9,90,1
25,13,40,0
40,4,40,0
39,7,40,0
20,10,35,0
39,9,42,1
53,9,35,0
62,4,20,0
47,10,40,1
21,10,15,0
34,9,45,0
19,10,30,0
44,12,40,1
61,9,40,1
32,9,40,0
47,13,40,0
30,9,50,0
25,9,40,0
29,13,50,1
59,9,40,1
28,9,50,0
51,10,40,1
21,8,40,0
26,10,20,0
39,9,40,0
46,9,37,0
20,9,45,0
23,7,40,0
32,13,40,0
39,10,40,0
28,9,60,0
46,6,45,0
55,10,40,0
44,13,50,1
32,10,99,0
57,10,40,0
20,10,40,0
75,13,48,1
59,9,60,1
54,9,40,0
45,13,30,0
18,7,16,0
43,15,60,1
23,10,32,0
18,10,30,0
64,15,40,1
24,10,49,0
34,10,40,0
27,9,60,0
22,13,20,0
40,13,45,0
20,10,24,0
38,12,40,0
60,10,50,0
33,9,45,0
25,13,40,0
60,4,40,1
29,9,40,0
61,9,40,0
38,10,15,0
42,10,40,0
23,10,40,0
57,14,60,1
18,7,15,0
26,7,40,0
33,12,40,0
60,10,40,1
19,9,40,0
29,9,45,0
20,9,32,0
50,10,45,1
32,9,40,0
54,11,38,1
59,9,40,0
36,9,60,0
57,3,40,0
24,9,40,0
50,14,55,1
40,10,40,0
28,9,20,0
48,12,44,0
22,10,20,0
46,13,40,1
64,11,55,0
42,13,50,1
42,13,42,0
30,9,40,0
53,13,60,1
17,6,5,0
25,14,20,0
36,9,40,0
42,6,35,0
33,11,45,0
17,7,20,0
37,11,48,1
48,13,45,1
49,10,50,1
35,7,40,0
24,9,40,0
63,9,55,1
48,13,60,1
51,4,40,0
25,6,40,0
38,10,40,0
26,10,12,0
39,9,40,0
46,13,45,1
45,10,60,1
31,11,60,1
53,5,40,0
21,10,40,0
28,6,30,0
41,13,40,1
27,10,40,1
36,13,40,1
49,13,40,1
58,10,40,0
48,6,40,1
24,9,40,0
31,9,40,0
44,13,90,0
49,14,45,1
27,13,45,0
32,10,50,0
44,9,84,0
37,10,44,1
39,9,40,0
54,14,55,1
34,9,40,0
36,12,48,0
32,9,40,0
22,10,40,0
34,9,40,0
46,10,40,0
25,9,65,0
17,7,10,0
29,9,40,0
21,10,30,0
54,9,44,1
37,9,72,0
26,10,40,0
17,7,28,0
39,9,60,0
28,9,50,0
37,14,60,0
63,14,40,1
40,13,40,0
42,14,40,1
45,10,40,0
23,10,40,0
58,10,45,1
39,9,50,0
22,10,40,0
34,11,45,0
54,9,40,1
36,10,40,0
25,10,40,0
39,9,55,0
53,13,45,1
37,12,50,0
44,13,40,0
24,10,40,0
26,11,65,1
19,10,16,0
28,13,40,1
21,9,35,0
41,11,50,0
23,10,40,0
31,11,20,0
30,10,40,0
20,10,40,0
18,7,20,0
41,13,40,0
66,10,45,0
48,9,40,0
22,10,45,0
33,10,40,0
30,9,45,0
24,10,50,0
40,13,40,0
38,13,37,0
63,4,55,0
27,10,50,0
38,10,40,1
39,13,45,1
33,9,20,0
28,13,40,0
40,15,55,1
23,10,60,0
82,6,20,0
25,11,40,0
53,10,40,0
69,5,25,0
54,4,40,0
39,13,40,1
28,7,30,0
20,10,40,0
31,13,40,0
25,10,55,0
46,12,40,1
45,13,45,1
45,9,40,0
36,9,30,0
28,14,40,0
36,9,40,0
25,9,44,1
27,13,45,0
23,9,40,0
49,11,40,0
40,10,40,0
19,10,35,0
54,9,42,1
47,11,26,0
51,9,40,0
45,9,40,0
39,9,40,0
23,12,32,0
56,9,10,0
28,13,60,1
32,4,19,0
64,9,50,0
27,11,35,0
22,9,40,0
53,10,72,0
44,10,44,0
37,9,40,0
23,9,40,0
60,11,40,0
37,9,40,1
31,9,40,0
40,6,40,0
35,13,40,1
44,10,60,1
53,6,40,0
18,9,25,0
56,13,40,0
17,6,30,0
44,14,40,1
27,3,50,0
29,13,50,0
69,6,40,0
17,7,40,0
63,11,45,0
39,14,50,1
45,9,40,0
55,10,40,0
27,9,40,0
59,15,50,0
38,10,80,1
42,11,40,1
21,12,40,0
43,9,40,0
52,14,40,0
35,9,32,0
49,9,50,0
21,9,35,0
21,10,65,0
53,14,40,1
20,10,20,0
26,13,50,0
26,9,65,0
36,6,40,0
45,15,30,1
49,9,60,0
29,10,50,0
49,9,40,1
28,4,84,0
24,9,40,0
28,9,40,0
26,13,40,0
25,9,40,0
55,14,55,1
23,11,55,1
26,13,40,0
32,8,40,0
38,13,40,1
54,9,45,0
54,9,50,1
27,10,40,0
30,13,70,0
39,9,40,0
30,13,55,0
23,10,40,0
48,10,60,0
31,5,40,0
62,13,35,1
44,11,40,0
35,10,40,1
28,10,40,0
34,11,40,0
39,13,40,1
34,9,40,0
23,7,50,0
37,13,35,0
47,13,50,1
41,10,45,1
33,9,50,0
23,9,40,0
41,11,55,0
29,10,40,0
47,9,40,1
70,9,30,0
23,9,80,0
42,9,50,1
22,10,40,0
65,4,40,0
42,9,40,0
52,8,45,0
36,9,38,0
22,9,30,0
27,10,30,0
21,9,35,0
24,11,55,0
51,9,30,0
33,7,53,0
57,9,60,0
46,10,48,1
27,9,40,0
19,10,25,0
28,15,90,0
60,4,40,0
20,6,40,0
39,9,55,0
50,9,40,0
40,9,50,1
43,9,40,0
56,9,40,0
54,9,50,1
27,13,40,0
39,9,40,1
54,10,44,1
31,9,50,0
41,13,40,0
33,9,50,0
41,9,55,0
32,9,40,0
35,13,40,1
34,9,40,0
41,9,38,0
44,13,80,0
62,9,48,0
45,13,35,1
44,15,60,1
27,9,30,0
19,9,40,0
25,7,40,0
38,9,40,0
17,6,15,0
37,9,40,0
36,10,60,1
33,10,40,0
75,15,35,0
20,10,30,0
37,9,49,0
25,9,40,0
25,9,40,0
30,13,40,1
37,13,50,1
19,6,25,0
30,13,40,1
38,9,40,0
40,13,40,0
40,14,50,0
52,14,45,1
19,9,40,0
23,10,30,0
50,14,80,1
36,9,40,0
29,9,70,0
24,8,55,0
23,9,40,0
42,10,50,1
51,13,50,1
52,9,40,1
29,13,40,0
46,9,40,0
41,16,50,1
73,13,30,0
45,11,3,0
46,11,30,0
56,6,40,0
59,9,60,0
50,10,40,1
54,12,40,1
58,9,40,1
43,10,40,1
22,10,10,0
44,9,40,0
53,10,50,1
50,13,60,0
79,9,40,1
62,4,5,0
37,9,45,1
44,10,50,0
40,12,40,0
48,13,40,1
59,9,50,0
38,9,40,1
36,9,40,0
46,9,36,0
46,9,43,1
61,9,45,1
40,13,40,0
51,12,40,1
28,10,40,0
50,11,60,1
40,9,40,1
67,4,40,0
40,9,35,0
45,9,40,1
57,10,40,0
51,9,40,1
37,10,20,0
59,10,40,0
31,9,50,0
66,15,50,0
27,10,60,0
32,10,40,0
35,13,25,0
26,12,45,1
47,10,50,0
53,10,25,0
29,13,40,0
33,10,50,0
57,14,40,1
42,9,50,0
45,13,40,0
30,11,48,0
39,13,40,0
48,10,40,0
24,7,40,0
18,8,30,0
56,4,20,0
46,9,40,1
44,10,50,1
22,9,40,0
23,10,45,0
63,14,50,1
52,9,40,0
30,10,40,0
57,13,40,1
29,9,50,1
27,10,16,0
23,10,15,0
26,9,40,1
26,10,40,0
65,9,25,0
45,13,50,1
46,10,40,1
37,15,60,1
44,9,60,0
35,10,40,0
27,12,40,1
52,13,40,1
39,6,40,0
27,9,48,0
42,9,15,0
28,9,45,0
35,9,40,0
36,10,45,0
54,9,36,1
30,13,60,1
43,9,35,0
42,11,50,0
29,15,50,1
47,9,40,0
30,10,40,0
48,9,40,0
50,10,40,0
56,14,40,0
64,6,40,0
55,9,25,0
41,14,40,1
28,10,40,0
41,13,60,1
45,9,60,1
68,9,35,0
49,9,42,0
58,9,40,0
35,13,45,0
39,11,40,0
34,10,40,0
24,9,50,0
36,13,45,0
38,13,56,0
27,10,40,0
20,10,40,0
28,10,40,0
51,9,40,0
26,9,50,0
35,9,65,0
25,10,40,0
40,13,45,1
21,10,35,0
30,11,55,0
51,9,40,1
36,9,50,0
34,12,50,0
26,14,20,0
66,9,30,0
29,13,45,1
44,11,40,1
25,10,42,0
23,13,50,0
25,13,40,0
24,9,49,1
22,5,30,0
59,9,41,1
23,10,40,0
36,9,41,0
56,9,35,1
31,9,50,0
27,9,40,0
21,10,50,0
25,9,40,0
31,9,45,0
32,9,40,0
43,9,60,0
61,13,20,1
22,10,55,0
18,8,40,0
56,10,40,1
53,14,65,1
69,4,55,0
36,14,40,1
25,9,40,0
27,10,40,0
20,9,40,0
29,9,45,0
68,7,70,0
43,13,50,0
35,9,40,0
58,13,99,0
37,9,51,0
36,7,40,0
34,9,72,0
24,11,45,0
64,9,16,0
38,12,45,0
49,10,25,0
29,10,60,0
39,8,40,0
20,10,30,0
37,9,40,1
32,9,40,0
52,9,60,1
28,10,50,1
49,12,40,1
48,11,70,1
46,9,40,0
52,9,40,1
42,10,40,1
50,13,40,0
77,14,45,0
41,12,20,0
25,9,35,0
28,10,50,0
48,10,50,1
42,9,40,1
52,4,40,0
40,14,46,1
18,7,8,0
52,13,38,1
63,13,50,1
47,9,50,0
28,7,40,0
32,9,40,0
65,6,40,0
48,14,60,0
29,9,40,0
21,10,40,0
52,6,60,0
28,5,52,0
60,9,40,1
74,6,20,0
27,9,80,0
34,12,40,0
55,14,40,1
42,13,40,0
31,9,44,0
52,12,55,1
22,10,25,0
47,3,20,0
23,9,60,0
35,10,40,0
40,10,40,0
43,9,40,0
26,5,35,0
62,13,30,0
20,9,40,0
24,9,60,0
50,14,50,0
19,10,60,0
52,9,40,0
41,13,40,0
39,14,50,1
28,12,60,0
33,16,60,0
39,9,43,0
23,10,45,0
29,13,50,1
26,10,40,0
38,9,40,0
47,16,40,1
60,9,30,0
52,11,40,0
21,10,30,0
32,13,60,1
28,9,35,0
51,9,40,0
23,10,20,0
21,10,40,0
36,15,40,0
38,9,45,0
42,10,90,1
37,11,45,1
58,9,40,0
50,10,40,1
38,9,40,0
31,9,45,0
17,9,40,0
73,4,30,1
22,9,60,0
32,10,36,0
22,10,40,0
37,12,40,0
32,13,40,0
40,9,40,0
30,10,30,0
19,7,40,0
38,9,45,1
51,13,40,1
37,13,45,0
27,15,40,0
23,9,60,0
19,7,30,0
41,10,40,0
37,14,45,1
68,16,55,1
19,9,40,0
70,10,5,0
42,9,40,0
45,13,50,1
29,13,40,0
72,9,40,0
63,9,40,0
53,9,40,0
20,9,45,0
33,9,40,0
25,13,40,0
69,16,50,1
31,10,40,0
44,13,40,1
36,15,30,1
33,9,50,0
22,7,40,0
43,9,40,0
69,15,3,0
55,9,32,0
21,10,10,0
43,13,60,1
61,9,40,1
25,10,40,0
31,10,40,0
30,10,50,0
56,9,40,0
31,6,38,0
60,10,40,0
44,13,30,0
38,13,44,0
34,10,55,1
17,7,35,0
27,13,45,0
27,11,40,0
53,13,50,0
39,9,50,1
31,13,40,1
21,9,44,0
33,6,40,0
36,12,40,0
24,10,40,0
52,10,65,0
61,13,50,1
20,10,35,0
23,9,30,0
34,11,40,1
43,10,48,1
31,13,40,0
29,10,40,0
48,4,50,0
51,14,60,1
54,14,50,1
22,13,20,0
52,13,40,0
37,9,46,1
51,9,40,0
58,10,60,1
23,13,35,0
48,7,60,0
36,12,50,0
51,14,47,1
51,11,40,1
57,9,40,0
59,9,40,1
35,9,40,0
48,10,40,0
24,13,40,0
90,4,40,0
42,10,40,0
29,11,40,0
38,9,28,0
43,9,40,0
51,11,40,1
32,9,37,0
22,10,25,0
31,9,45,0
18,10,26,0
27,9,30,0
47,13,35,0
67,9,38,1
32,9,35,0
22,9,40,0
41,13,40,0
45,10,50,1
46,9,40,0
27,13,68,0
19,9,20,0
32,9,50,0
51,9,40,1
49,13,40,1
32,12,80,0
60,11,40,1
35,9,50,0
50,9,50,0
34,9,40,0
22,9,40,0
59,4,32,0
31,10,40,0
38,7,40,0
27,12,42,0
67,9,55,0
60,7,40,0
34,9,70,0
47,11,40,1
48,7,50,0
45,10,65,1
38,9,44,0
44,9,40,1
27,9,40,0
38,10,40,0
21,10,40,0
22,10,40,0
28,10,55,0
60,13,35,0
40,13,40,1
43,9,60,0
29,10,35,0
52,13,40,0
37,13,40,0
43,14,55,0
54,9,44,0
17,7,15,0
50,10,60,1
28,9,40,0
61,16,25,1
27,10,40,0
24,9,40,0
53,10,60,1
44,9,40,1
31,9,50,1
28,4,40,0
35,12,60,0
50,9,40,0
61,9,40,0
63,9,40,0
45,9,40,1
27,7,50,0
34,15,50,0
47,12,50,1
19,10,40,0
51,8,40,0
39,13,40,0
21,9,45,0
32,11,50,0
54,10,65,0
54,13,40,1
17,7,10,0
25,13,40,0
58,3,40,0
19,9,40,0
45,9,50,1
42,12,50,0
28,9,55,0
35,9,55,0
26,10,55,1
37,9,50,0
22,7,35,0
22,6,30,0
21,10,24,0
23,9,30,0
33,14,37,1
18,7,35,0
36,10,65,0
45,15,40,1
39,7,40,0
53,10,60,0
61,9,50,1
20,10,20,0
28,9,48,0
43,13,45,1
21,10,40,0
59,7,40,0
39,9,40,0
30,10,40,0
23,9,40,0
35,9,40,0
37,9,40,0
23,6,44,0
37,9,30,0
68,13,20,0
35,9,50,0
38,11,50,0
53,9,40,0
39,13,48,1
44,9,40,0
34,9,55,0
42,13,33,0
20,9,15,0
40,13,40,0
40,9,40,0
42,9,40,1
36,9,40,0
61,9,50,0
47,13,40,1
33,12,50,0
21,9,40,0
43,9,40,1
29,9,40,0
26,4,75,0
23,10,40,0
33,9,55,1
27,13,50,0
48,9,98,0
22,6,30,0
28,10,40,0
33,10,41,1
54,11,40,0
41,9,40,0
19,7,10,0
34,10,50,0
34,9,55,0
39,12,40,0
21,9,60,0
51,12,50,0
45,10,40,0
34,10,40,1
45,12,40,0
32,9,40,0
23,9,40,0
38,14,45,1
32,13,48,1
41,10,50,0
43,13,40,0
49,5,40,0
36,9,40,0
41,12,40,0
36,13,50,1
27,10,50,0
42,10,40,1
30,13,45,0
43,9,40,0
42,10,60,0
58,13,40,0
50,11,84,0
63,4,60,1
39,13,60,1
34,13,30,0
49,9,45,1
35,10,50,0
45,14,40,1
21,10,10,0
36,11,60,1
